engine,Cycles_to_HPT_SV,Cycles_to_HPC_SV,Cycles_to_WW
101,1342.1368144565747,4568.446449252369,330.0636389271688
101,1437.9645207912197,3944.3316912653586,255.88183550862306
101,1454.8649125481888,3841.188138226113,188.3645373052986
101,1462.0467183019236,3976.6356110205356,209.5192257292183
101,1423.2045865612934,3862.9550354679927,168.39458558928402
101,1423.2865614837892,4080.326632650356,256.679643188113
101,1178.7825248310637,4519.689519298292,291.02139901464005
101,1462.0467183019236,4322.416969175251,154.44484258359597
101,1440.652198305021,3773.0614063828966,154.47500908646919
101,1431.8325049062003,3631.0673829010902,372.72585683884
101,1438.3053564301663,3542.1997722251745,230.03307527684035
101,1274.8632347475407,3568.351832501486,337.3193976300371
101,1120.340151746686,3868.026614576545,313.4554540794381
101,1440.652198305021,4031.7434375636326,312.68354251830584
101,1440.652198305021,3752.5867963869164,208.31181747383607
101,1408.7786198798494,3723.344236952239,261.1709261279796
101,1462.0467183019236,3801.3441863558905,222.5633682341392
101,1440.652198305021,3842.33522229477,229.59122802008807
101,1401.8100665643908,3575.9123958511273,292.8349784763988
101,1440.652198305021,4122.057256610375,318.7899168676093
101,1408.7786198798494,3902.711083404916,358.52331094461687
101,1323.022211176362,4372.612185238433,330.09695710999944
101,1103.1797218786378,4490.693791192109,321.8206232725308
101,1015.2633133632418,4700.965029175715,281.1230358910162
101,1403.256179155563,4536.691591578566,310.78832683885184
101,1423.2045865612934,4325.64775850286,258.1013824058272
101,1238.611774594009,4631.580283915022,193.82189357635804
101,1410.4379849092977,4426.401658750554,243.84185081005336
101,1422.3925798405212,4122.245062296226,313.7705024596163
101,1440.652198305021,3615.344603864389,265.6553954611991
101,1423.4565791872799,3355.592487640005,322.8296314108732
101,1401.8100665643908,3397.663631396907,329.0674768110959
101,1314.906308155764,3572.898235197683,242.3444010055889
101,1221.4867609821563,3874.764625299196,274.3006008546837
101,1440.652198305021,3451.5256517082257,278.0052324636083
101,1462.0467183019236,3531.6212722654495,248.09627170134308
101,1408.342701787763,3975.9083975813205,314.06295330478446
101,1432.4427037189535,4174.61570868168,183.7147695259136
101,1383.2111810922568,4147.646855808246,206.78564948430153
101,1375.9467638846334,4088.6155690559513,167.56388734697038
101,1375.255095528708,3600.988198148558,199.37035232649998
101,1312.877500127736,4071.0075050262653,203.99080275495305
101,1415.9702697077532,3495.738667976785,216.47952060393754
101,1428.3094168868922,3577.2109588305884,185.17634974445662
101,1413.6875983349078,3366.9091520335132,159.73387365769946
101,1286.4571088725133,3553.652092603128,194.1594926451305
101,1291.1548122274226,3516.185114466164,202.32794960395313
101,1397.51692363345,3360.5572887398857,209.94467998036964
101,1407.5770336787334,3385.3290435677786,205.2214674597859
101,1408.091143034443,4147.206211692778,304.34164356006056
101,1428.3094168868922,4096.676467653926,252.5974084923418
101,1361.268804577203,3248.216392748529,258.4912059309245
101,1291.9731930133355,4180.2186674837485,261.71742000178085
101,1264.2648612997925,4227.942169485623,264.4944920199545
101,1188.2393226394922,4164.217454217706,300.02299666821216
101,1110.0655489573885,4247.4417431204865,328.86348871911457
101,1397.8891403996872,3521.1652964393124,288.73928378778805
101,1327.619629937176,3320.289786024813,243.66103216614152
101,1099.2067322098067,4372.739970637291,303.5874136447204
101,1196.9216952446109,3704.0550786412246,234.81316863436456
101,1360.8146370348143,3831.667908500361,247.84686726952987
101,1147.3588670391487,4284.851799944053,337.2725479488769
101,1055.6630570523207,4380.08408044942,335.81215106385656
101,1173.269513637866,3107.491442023588,221.3090250395005
101,1244.9849943072652,3040.9487145653284,330.64953378049137
101,1345.3422395074342,3022.892189376506,303.8161670642872
101,1345.6767121210448,2752.390152244609,280.33074795531536
101,1278.0257291177759,2931.983885013544,252.1424102914546
101,1129.1141661184479,2874.225649805559,213.91210962767076
101,1270.5733296967187,2702.796729608952,198.53261795674797
101,1088.9068338734046,2724.970498149313,171.95121812394547
101,1160.279877518681,2683.24797011679,210.99074816243223
101,1290.7143883687386,2392.5369555700217,229.90665905560746
101,1320.3264620771354,2453.5537381381305,195.4135813381141
101,1297.5175242838206,2488.7108375615917,159.07598889177825
101,1070.0211456628492,2401.970085564704,161.52055460326665
101,1087.1153872682378,2568.144527572601,231.20124525342067
101,936.5985251520591,2762.188357515115,363.4610809999488
101,1046.4237478229693,3325.3040833406594,365.29034535623305
101,1042.2139882489578,3019.5760791622465,336.5386578298399
101,1144.5394709016293,2683.3842906553373,269.09459375146645
101,1077.344891073266,2907.8516471698417,322.0476552789979
101,1095.3347562555477,2870.9871239334075,314.0274315213293
101,1089.0531407632857,2825.623953902482,189.1438022076208
101,1164.5672213395833,2633.154593545829,147.37303594075922
101,1212.6237810990758,2668.0959173261053,168.658973948194
101,1017.3031664033862,2582.8933001866617,218.48555535499054
101,1172.9674682546322,1867.6163047994141,266.79340829514274
101,1462.0467183019236,2206.004068956046,155.07796210812603
101,1462.0467183019236,2194.399155403563,260.857286506746
101,1440.652198305021,2177.6247239478316,249.84572029016033
101,1274.1382041110296,1952.6489103784374,291.0867837374288
101,1462.0467183019236,2205.784717120375,330.96861969957297
101,1462.0467183019236,2058.648069154146,269.72127359784076
101,1462.0467183019236,2334.3471908738316,295.25938661386704
101,1462.0467183019236,2477.1201476969254,237.6201370492346
101,1291.2135589075153,2251.7100599924843,193.7426697018875
101,1225.9712314498304,2230.253131085047,333.39050020087853
101,1447.3687589944932,2211.813069413779,248.69323690617915
101,1396.4527453593,1904.7680202836968,167.31683715099797
101,1462.0467183019236,2255.5894454656664,265.5216959893643
101,1422.3038572776106,2247.544125193266,187.24771661229107
101,1440.652198305021,2355.926538226963,274.57379442949906
101,1425.9100684955813,2235.5573307638037,166.79644809590258
101,1462.0467183019236,2206.8809457419816,179.7116271582397
101,1462.0467183019236,2152.5556303635426,191.58509031251384
101,1423.2045865612934,1914.4879895354884,337.54455627870186
101,1440.652198305021,1930.226706595925,392.0503955055857
101,1462.0467183019236,1956.327250027281,364.5821354165809
101,1462.0467183019236,1934.1203467980145,369.43099088379876
101,1462.0467183019236,1939.927957735721,271.90630091289904
101,1399.3372930394119,1909.5243884969286,355.10035760520714
101,1431.0514284957528,1959.774927528787,331.2882491837214
101,1329.738105948863,1692.1060925251195,278.9868497751366
101,1462.0467183019236,2044.816418990661,270.8823533290657
101,1434.6045999210764,1825.7783240924732,245.18403429740954
101,1433.34346930191,1744.33557585676,220.4205791807031
101,1440.652198305021,1651.822964396354,230.4159443922511
101,1253.500029577556,1799.73444772425,357.0521523242713
101,1397.072426087053,1777.8839822677755,301.2128461417606
101,1440.652198305021,1689.51448551283,327.99848878131945
101,1187.3097659039536,1445.2428751349244,327.7590832559644
101,1432.6266291850534,1631.221125147193,297.95599551964966
101,1302.511020221179,1263.2763624599384,341.2667555497983
101,1434.2545431433425,1490.268079916871,234.46156074724206
101,1342.1368144565747,1340.407128550983,307.7294815050136
101,1462.0467183019236,1532.6514340401613,231.59318478707598
101,1438.3053564301663,1601.197568553369,180.28681147765104
101,1462.0467183019236,1602.5243101083815,205.38647665425145
101,1462.0467183019236,1723.9685517949351,190.52950923862386
101,1462.0467183019236,1671.5704761622383,148.5544164626578
101,1459.6998764270688,1379.0995687672025,189.55772017627265
101,1431.0514284957528,1600.6233858677215,183.61167726393057
101,1462.0467183019236,1357.6361649471514,179.7077592791502
101,1462.0467183019236,1338.301883866331,161.20273914805483
101,1343.2978722825203,1154.3227978907917,179.6846528543955
101,1399.695933098845,1476.5049839751664,197.11173906823507
101,1401.8100665643908,1369.6994711845182,248.71244686753266
101,1462.0467183019236,1030.0672867725357,201.6426454545241
101,1413.6875983349078,1088.6861488221307,218.06414260306525
101,1155.473456140854,855.7607980324525,290.55333665941833
101,1419.2021085096862,998.7783163031148,216.4430532107993
101,1426.8750045805473,1156.2741022908535,215.39564060621126
101,1423.2045865612934,912.1146030044173,294.29201192827907
101,1440.652198305021,950.9757863709107,243.27017713339376
101,1452.8463156145397,990.1280566215627,304.78571094299974
101,1088.5524962002053,954.0130985732068,309.38675535822216
101,1425.5514284361482,996.0288957346276,265.7629264086916
101,1462.0467183019236,874.7164537344232,261.03239455735894
101,1462.0467183019236,836.3873151584042,237.86836175903687
101,1163.9270954038534,601.227924731384,339.68507014023027
101,1351.6640346665301,729.6554367388875,245.43698951542058
101,1093.6956980848508,996.3052983738033,303.3938230512193
101,1400.0467658158238,996.0574566387164,247.07102873754866
101,1326.5122500910097,941.4917086453837,256.2191164338195
101,1410.095211875554,968.6844936324188,157.93826477677288
101,1391.8702677765627,775.4796125859783,186.2924276320402
101,1394.9672852058666,995.0839708266457,172.61704337875648
101,1289.0408809814362,724.6408068944633,254.09650752782954
101,1342.961409853295,856.5101068416599,205.65878502485856
101,1359.9574554935245,753.6635933097392,95.57677801557524
101,1402.4439897125644,803.5454611259476,124.68859289834872
101,1381.321977040829,781.0312038534765,199.8906014724093
101,1342.22489509565,788.8443961682059,265.35856227126277
101,1189.126463258309,773.0609251383502,320.06602268745274
101,1243.8060930214126,668.5636488727251,179.0020466061892
101,1310.696558718664,655.6748946550184,190.58291485117564
101,1184.047409823906,678.8501219584422,153.50532758449913
101,1269.9270545124407,689.224246395322,165.71186086763367
101,1165.2537800543162,591.7234630490113,163.8595025725565
101,1187.8705119332515,713.4068978373463,157.59798975487337
101,1059.9882207955714,818.879554473404,308.3494657804952
101,957.0641826243788,655.9810471426084,305.8528168721288
101,1144.5407917901928,531.78510638417,219.42198342655684
101,1041.5199264058997,478.7367563301233,230.06100952414437
101,1061.2082597009598,357.5950665893977,216.20838259339166
101,1309.504414446933,653.3088758375686,192.63271695720283
101,1228.8026093203216,576.963415766734,216.7872673247184
101,1249.953171417521,546.4802887031474,212.04933916690078
101,1092.5909232957918,1012.435153428418,188.43800452311046
101,1159.4453633245819,525.7362271043706,189.4218975669777
101,1065.9185683554429,232.06776319019218,196.94114101796708
101,1177.3406047569247,145.04099193360713,241.70470012571792
101,1312.1840967144121,172.3381598543906,206.19170852844422
101,1195.9423686101725,228.76686449774354,203.47427497456954
101,926.4008641364275,290.6581347911889,262.58817971737056
101,1153.2117126559915,204.7519796465184,274.7380284340036
101,1120.7603310994257,334.3428271257842,261.1564476910009
101,1176.5939391607046,615.4715959578224,161.9954248440343
101,1111.8271528074924,750.1287034790984,210.7589213276579
101,1184.0761986651025,555.3848935233963,162.12839702711
101,953.9152432399407,358.23078614996484,161.91981874499606
101,1069.7821303832147,487.57328013924825,148.9357280642198
101,1033.7486796091553,479.3914068966144,141.469748705084
101,1007.3722536611882,502.27426188051004,192.3698499403015
101,908.2345156506448,206.7802957654875,227.98054510270413
101,976.7748699860118,0.0,189.59733698836362
101,973.1419509369745,89.74518790281314,240.38920852240977
101,1013.6419525462999,67.71391097148233,207.77988395996948
101,1112.0963870494152,150.38191060778303,196.7569154622288
101,1125.3674790124655,54.02516970549317,142.82486652061215
101,1155.423030732951,220.5325345992752,148.62565078128864
101,860.545237191597,123.38559482014705,234.12442246629797
101,833.1477536370095,133.0913770591668,226.13939795859062
101,794.5501304693365,705.767001627674,318.763956341445
101,657.142683853093,436.46213057320574,275.4634864104432
101,550.1384716068433,263.04114800686045,187.76436790053555
101,822.5704505211012,338.91708241686706,197.79612841260723
101,751.192190609528,497.2210125304938,252.5054461798802
101,770.200926657882,36.905384355289186,238.53163836701242
101,585.7894142809693,157.09526946803317,204.17957869565413
101,662.736995145624,233.72927280824922,223.26926671687443
101,702.0368608738581,439.65397025920083,191.71677951786995
101,732.5004770018097,367.0284829293315,303.98200566999697
101,572.7749614306219,181.5156414948476,237.85730798803894
101,826.9215852998783,116.86727875878762,252.67923962739366
101,574.471432320085,251.47892270961006,230.7515360638384
101,688.1383182319319,376.457967022572,249.37204711250104
101,1390.6870972505822,577.1644400983486,241.7572845877271
101,1246.2873508791768,514.7285650780489,305.420230006031
101,1449.4467173244075,386.4151186188293,178.3591611184844
101,1437.0514293898225,315.88465913728714,200.59485182721545
101,1434.7045875149677,328.94721510420186,153.56205709424904
101,1426.0187157674834,489.2209265787126,178.53201837863645
101,1428.3655576423382,493.9825130001666,157.34544433177524
101,1337.3171990567407,556.3522263618817,222.18331607447868
101,1428.704586620898,556.9457581701488,103.47409950898297
101,1426.0187157674834,451.941130834354,224.51082685384966
101,1395.0234259613126,402.2142783609296,233.79171955427898
101,1462.0467183019236,601.649634670515,217.8038098929772
101,1377.2101128896188,608.6651957684418,260.9193011264819
101,1462.0467183019236,879.9417708965515,345.10604834927494
101,1329.5280389627444,545.6793233851148,202.73558726584577
101,1428.3655576423382,772.5518275707042,191.15604279249067
101,1462.0467183019236,1320.6839974018817,271.19327991022453
101,1462.0467183019236,936.6891198928889,215.85129131978533
101,1462.0467183019236,1599.5406944594529,304.2667750902952
101,1440.652198305021,836.4210249542565,242.24970797355547
101,1462.0467183019236,800.2256490991462,267.1546665446958
101,1438.3053564301663,684.5914668785396,223.32326544415696
101,1407.3100666239955,728.0655583604517,223.75056155545923
101,1176.5798504014717,1007.6104760713823,340.8176279447832
101,1462.0467183019236,947.3283689340225,378.01886002981774
101,1462.0467183019236,1036.1375875484864,287.9441300644531
101,1440.652198305021,940.8725568742503,323.18273404292773
101,1462.0467183019236,858.3066546242545,236.54797335857626
101,1440.652198305021,1081.6301389690057,243.8651199975568
101,1409.6569084988503,812.0585920282928,333.0066693278316
101,1440.652198305021,1087.802347163748,225.50497881902226
101,1440.652198305021,950.6849436331887,268.57453572771783
101,1440.652198305021,1096.0377390564713,320.7870596941301
101,1462.0467183019236,888.097706477403,225.98406655213387
101,1440.652198305021,875.5356659603898,183.9121052656978
101,1440.652198305021,1298.9637947233077,139.80724535458342
101,1399.3372930394119,1199.6452232125107,167.83931259332275
101,1440.652198305021,1330.8020202188595,228.95736167188937
101,1440.652198305021,1333.3690241193049,223.69473664768805
101,1315.8074547127037,954.0072249050276,256.75844538735794
101,1462.0467183019236,1476.3105569497857,352.57466365809677
101,1462.0467183019236,1262.5370088458058,328.7699887958001
101,1440.652198305021,1349.7967585924098,311.6592291710981
101,1462.0467183019236,1507.562044206652,357.643230577624
101,1130.538888168222,1933.8596709583862,308.53281689317964
101,1428.2569103704361,1589.2941862906532,316.5682710816078
101,1440.652198305021,1603.2869919821997,253.77595143578077
101,1415.5569217990287,1675.7407942302743,181.401798005574
101,1119.4753990734926,2042.5908322085775,194.28000945674785
101,1386.2483134703598,2248.323938178528,230.25982069671005
101,1447.120663026384,2268.199681544846,215.4548314016376
101,1324.2501941604726,2455.050250255695,257.33400437108094
101,1422.3925798405212,2373.4443125711227,241.8705135015701
101,1440.652198305021,2071.935336355849,334.2861800682943
101,1462.0467183019236,2204.499074006078,289.8038742706192
101,1408.7786198798494,2201.320488280007,314.93623226706256
101,1440.652198305021,2290.081579358674,311.45334089077306
101,1104.8886299718306,2446.920082221017,394.205704382426
101,1413.210079924174,2221.451457197738,285.3273321343016
101,1327.394684647135,3000.9985893485627,226.3731278020163
101,1423.6273971227358,2469.2533919549737,221.36037855074687
101,1404.1569084392456,2793.8753289579963,230.67844893023198
101,1219.873548933065,4313.812525249358,243.5028621887858
101,1413.3453569602814,3304.0044556064418,155.64042163738816
101,1428.4461268291543,3084.2372012897563,151.26859016828348
101,1428.4461268291543,3417.452192340544,204.2848317593237
101,1426.6321802178034,3018.3733174096233,163.5334322691628
101,1459.515950960969,3127.2735399739295,215.20697091272245
101,1293.5284212433878,3871.0218173427834,276.75918051416494
101,1462.0467183019236,3063.952080421102,171.61476274582827
101,1423.2865614837892,2565.0124217265525,228.20129843907876
101,1315.9226790598382,2754.1062724528556,176.84954316260695
101,1421.548950384541,2257.9002244945973,235.42117506992287
101,1459.515950960969,2182.045307067404,202.7588085314881
101,1136.3642171792583,3161.1819154182745,253.67353391617252
101,1395.3067917008573,2478.4428177665714,217.29348142382094
101,1428.3094168868922,2215.1412889256976,335.37227166650354
101,1409.912211568035,2127.9236390351334,215.4839915333044
101,1406.8288549355352,1946.9454382552904,237.03756503455804
101,1373.5999220097785,2071.161295817231,270.4183676063218
101,1401.2923104003228,1996.3934284851825,268.8720728361439
101,1397.7524304574251,2203.5131331856287,294.78008519907655
101,1268.3378150668702,1919.1995638629023,222.51488022220667
101,1344.5999213541274,1767.9368869198133,260.9714097057742
101,1287.7104100106556,1875.1964852291776,274.98963442362503
101,1216.2942810717211,1983.4227973163788,365.7507518873811
101,1314.3379927832864,2239.6428994337953,254.32593684284774
101,862.2546865063242,3659.47258410553,158.0477945984196
101,1361.2571405916497,2088.1001468420563,127.43977768506262
101,1101.543273021379,1580.0317386242823,166.58038358049015
101,1247.8932872572914,3067.486349450267,261.68488312272785
101,1228.1729317246218,2755.9777549051596,157.02960645032442
101,1247.9597623880213,2521.9808337276895,180.4918269060489
101,1272.5408126803934,1871.701986084765,142.21144991376826
101,1193.9915163606775,2213.6666300536886,348.20203568004746
101,1331.2756436289856,1795.354699384176,224.09036997941507
101,1102.6235672402104,2361.6119442664053,369.633998101321
101,1251.23145279795,2083.379568402474,377.71731711935627
101,1252.8128595149142,2126.2852743460785,237.453938538167
101,1258.3719009184044,2012.1957750037714,159.94998891268665
101,1250.536825848205,2093.096887230695,153.63348375813268
101,993.6207830618679,1893.8332634531735,171.23472463269246
101,1265.164775394477,1929.8666235058513,149.35954081343198
101,1094.690535766417,2554.930033117788,324.72786702758765
101,1057.0392608270552,1564.4742596447818,162.22506179354133
101,1204.6345662859565,1876.00696569386,179.18651781121417
101,1062.5414033037805,1650.3209108809374,273.6067360378785
101,987.2795415676604,1859.8383460861896,246.7099923871375
101,1165.2505159262457,2066.1461208745573,186.55204630751535
101,836.9308738482017,3739.6578554244065,315.3415994504909
101,1100.616110433059,2390.6779619323092,227.56699368458703
101,912.3070856839719,2268.1818622532637,241.11272509101286
101,765.5112104192795,1927.3249229292064,217.53601224897352
101,859.3862061160486,1607.5313856715825,235.25714498135943
101,1324.1911388608296,1718.661247931018,188.5072969706996
101,1305.7328059159117,1787.8808682682939,194.45461280493686
101,1443.7870998374237,1722.5067162558817,232.80207434253845
101,1440.652198305021,1874.4756329219208,213.01468782256518
101,1440.652198305021,2010.93521022797,221.29893067906949
101,1370.823870828965,1767.0220086416662,253.43413821230422
101,1355.1894857514424,1900.1397974283668,289.4825304511648
101,1459.6998764270688,2313.8629098411243,155.8210040315895
101,1462.0467183019236,2527.838224327949,226.7002569898794
101,1452.8463156145397,2543.8187885409543,196.72352115404902
101,1462.0467183019236,2369.7566588698774,252.55546650033136
101,1462.0467183019236,2136.181253167872,148.63999735775064
101,1459.6998764270688,1782.212081206726,163.26833865223654
101,1371.8588495541117,2080.102186509929,234.80954830774874
101,1447.3687589944932,2207.1564137796377,247.242729627477
101,1462.0467183019236,2000.061231757773,299.21329839760176
101,1337.3171990567407,2237.5125187714034,293.5111559651817
101,1462.0467183019236,1897.1487257957365,309.2795338101479
101,1440.652198305021,1983.5601469512808,269.4890283821598
101,1449.6514303673387,2145.166877719015,197.27989143185454
101,1410.8734691287177,2207.9108092488545,306.5875969245868
101,1440.652198305021,2258.6696333744057,242.66528594920453
101,1459.6998764270688,2100.228928805345,262.3193069005082
101,1335.3635596883362,2070.3326221333596,293.61883283225984
101,1440.652198305021,2522.545421440764,291.9734309070906
101,1459.6998764270688,1856.9451059077523,256.5002873343431
101,1408.7786198798494,2538.038654175541,220.84030988317545
101,1431.0514284957528,2618.131829631293,308.27102303520707
101,1159.7239521760978,2727.979748733039,311.47515392222783
101,1438.3053564301663,2259.3885796969507,267.7458392596698
101,1307.3493336808378,2556.6100193966554,249.10532614813252
101,1438.3053564301663,2667.7227930037025,199.70815633820257
101,1462.0467183019236,2343.2298692814134,275.6720764492707
101,1324.6486188285626,1698.2352075458816,303.6619987668772
101,1377.542308920438,1583.0389999733602,249.76695941715366
101,1404.9449680967934,1396.073063742887,259.91383866150244
101,1051.7307154191617,1411.042035094582,306.70125265351817
101,1462.0467183019236,1674.950490740503,202.51396694632024
101,1402.5459540280833,1348.5159518779865,166.3395938997706
101,1416.8247944788093,1384.4816547670198,141.2003509275474
101,1425.9625750120374,1358.4581915864323,170.99605156844444
101,1404.1569084392456,1354.6404259674068,154.88612684025196
101,1114.4827005110399,1302.6854259156985,256.3846967599815
101,1305.2240498394015,1118.9249579649345,345.234733452903
101,1252.5409425014673,1161.6477649606695,205.54356166282622
101,1242.262608010311,1284.2776980241983,270.8739212962584
101,1275.0143074717585,1211.3217982025712,120.20500879218152
101,1402.2455824997355,1250.4403372665788,269.00782070590236
101,956.279230766888,2206.1430050435756,334.06018827178025
101,1236.2494505563518,2049.3846813842083,182.67736622310514
101,1349.3305237867705,2222.5194319756565,180.197426032026
101,1340.3258373282622,2518.457571725001,284.0433726794888
101,1250.5200610440118,2291.375043809008,286.3242111653396
101,1428.3655576423382,2292.8573276247685,237.37152942002837
101,1331.8487855194148,1997.4928036262286,211.56394112000504
101,1331.8487855194148,2036.235835951817,182.36675205374166
101,1393.5739182477269,2239.5366718287546,157.76821943730096
101,1425.9625750120374,1403.3349652900679,208.39030070437786
101,1389.523425901708,1295.1208093987566,168.10510431441304
101,1215.8183509678297,988.8946904303272,248.57417329542483
101,1249.8414820992027,984.8693049003504,184.56637927163888
101,1251.7675013584505,600.8126080297733,268.55443641190584
101,1229.0077212753881,673.3392469562547,220.58673173398154
101,1003.4780823380273,991.3838035545863,269.57802788878473
101,1020.3485679804661,750.8235207518468,249.28387545604926
101,1022.2539611967385,751.93269579338,298.95653187658263
101,1342.1590296146676,700.9081267968644,184.20305210231066
101,1191.099809734255,824.2897916222115,175.44022243209963
101,1329.0350435617377,782.9806774160655,235.55189311181095
101,1274.7269073081152,832.4047824380335,164.15916926694763
101,1234.8337030812954,842.5445303069613,124.64170809441082
101,1218.3642017191503,895.3768045839196,99.78517293922904
101,1244.8921114982604,910.3645764399276,39.26763785885777
101,1075.1854193392248,664.3671179444767,30.919137708177573
101,1164.4783247033777,551.6922094714959,71.77724702381921
101,1079.3843115128132,458.2480517522024,140.69216658074095
101,1076.4900462968055,434.7209235719864,181.590327506282
101,1254.0055951018242,737.0723867987186,196.57001340365872
101,1267.304171311032,575.4864632403993,319.93540425338864
101,1126.5771553341726,547.3879777254693,253.49284062704282
101,1278.4929762876109,533.6908911440499,280.8365559942566
101,1127.112569480361,474.1677722632803,316.81804214705744
101,1197.4971046266976,297.64733118789945,267.958913810099
101,1059.3891916724406,409.66835386567595,208.36576635037017
101,1083.7898838973717,415.3195931544153,199.96983002790364
101,1117.453270245682,492.31831530945965,199.89859656003932
101,795.2216679151294,383.9240885339161,137.63545259417208
101,837.3501278852431,265.7440555410559,152.9036539636977
101,896.6659386111529,305.21505278798134,150.69619064567462
101,914.571801929735,361.5942749832752,281.0234337359343
101,968.562065017744,306.92321448003986,257.00727809629996
101,1015.0585088323829,318.8333778426088,216.63438061569587
101,684.0806079107588,263.1018545859539,226.56135627513817
101,949.2683572077655,421.0861634743444,313.78113993711617
101,732.4756213397477,218.68198012216703,259.81945478534254
101,977.2971442697395,313.78716404427144,273.1799888371606
101,932.6212782391441,500.92633872607814,308.64544575109386
101,1091.1701706057045,602.0683114862785,259.0331775817464
101,1023.2501959944351,941.2352937434415,226.231610313185
101,848.9772962133883,953.6742598224229,227.32210821237715
101,941.6882111803023,1223.0578597695785,201.44859967339823
101,873.6591963934374,967.4022400655577,160.24705129797144
101,891.8866358924596,940.470757958694,140.94766334453885
101,832.3339963384138,884.7863874461913,108.97424046216564
101,834.2371179873995,668.4569554000374,91.31661313598796
101,874.6940758030254,614.5750008552957,112.98413919570113
101,679.9977804332218,563.8171341680394,88.23863021105258
101,487.7053369416592,633.7684253254256,78.22528488630421
101,813.4116716581096,514.3555592779163,262.9312476412124
101,694.0363670019898,631.7366074911172,155.9609647996487
101,1071.2610387651475,962.2289457382134,258.73157933545025
101,827.0255853433013,773.4430193307677,204.685953703363
101,708.4805571508565,652.7082516703687,142.83767686342748
101,720.8242665598331,578.9240126265164,216.70657801631216
101,1397.7296390474603,874.9899156926793,225.1315500735255
101,1230.2244825977532,460.841545330336,146.63697725579578
101,1327.0438519975733,609.6535325271274,207.5606045278078
101,1289.2113393766472,544.6145059425096,156.08324590632157
101,1362.8702671209116,602.2163178028505,206.80481758446973
101,1366.8081485244675,628.6103966295644,216.60079761661353
101,1072.872459327607,428.08793593507676,286.0310560264676
101,1350.7632690835735,720.0808606418383,218.1843385917934
101,1233.0808475479669,839.794763530116,197.05117017433992
101,1320.7078586051753,723.5675866875457,229.85411743223926
101,1398.7995872341548,922.4673378896381,235.46120809315033
101,1426.0187157674834,976.0372931670698,189.20020837987062
101,1359.9574554935245,765.9723673095863,160.40487149598772
101,1337.3487855790195,769.3423502440013,171.8983889386866
101,1183.4250078654288,826.9594220853081,176.49154135904735
101,1355.9487874506053,782.0820676035972,121.337049462459
101,1424.3794985970821,844.3877115520651,107.70807180612185
101,1345.279496186094,873.7260328899976,162.76812745456255
101,1302.7067576288212,819.8310104050196,142.83236396317113
101,1157.1681203543237,702.1183268874673,258.7340384891312
101,1065.2392236651303,896.4297524775442,270.1779108482406
101,1331.8487855194148,643.1741893781724,215.2372512320004
101,1365.4574555531292,816.1031389671549,164.17188428060183
101,1259.4325007119712,828.9755464524393,152.3539955156004
101,1306.6736332072144,891.2270995886521,130.42271691143077
101,1306.6736332072144,715.1020743020746,124.99027669633243
101,1271.938134568049,574.6564582078862,199.74064932662543
101,1172.1268432535317,777.8223756573847,121.17913693927416
101,1286.0053856565132,549.3689499963707,148.89547870204666
101,1160.909795824894,604.5873638935467,199.34373205227433
101,999.2750014667773,631.7447928622364,295.7192872257411
101,1133.4863024722297,588.5235498158498,315.9583401559909
101,1292.7584196215669,604.3136575464156,222.13605265975235
101,1335.6736338628655,663.8471949305639,218.19885122266493
101,1191.9589890940688,630.4619746844942,187.9988016209826
101,1410.4379849092977,897.6329853778724,237.14573298463438
101,1440.652198305021,894.8174243134316,317.72904008210213
101,1387.5521957181795,964.4905325424783,305.4305420414546
101,1370.3565766004383,1078.8772732503776,300.6023506857772
101,1407.3100666239955,957.2157109895944,311.1436890408248
101,1342.1368144565747,899.2998976995485,264.0946838771243
101,1159.114306405222,1197.0876615275838,302.6834813360365
101,1030.0328483666206,1598.2877281305773,286.13819560841296
101,1430.00990611295,1506.5547906379652,295.2458496466385
101,1350.8888100171714,1651.2092470265798,326.1341462175141
101,1353.508249997005,1885.8397635347428,276.22035208989354
101,1383.2111810922568,1766.5310539792308,225.20715285572481
101,1375.9467638846334,1369.998999165448,195.03790982015664
101,1380.7550955883125,1110.2168947379746,242.92374956408685
101,1312.877500127736,1385.154790313151,208.8970649114695
101,1391.8880721970493,1243.5369617152196,179.26773313076302
101,1428.3094168868922,1239.1852334446849,155.04578313630498
101,1411.156830993953,866.6032039928142,255.09016905109746
101,1134.3455444916353,969.7972407082717,290.51750695123707
101,1244.6274974157247,723.681585381158,352.4762613517951
101,1404.2980875945805,896.0372700788288,311.00296383751265
101,1413.6875983349078,1053.7048647943866,231.16718613332802
101,1376.320238996623,1072.3584868709909,262.7507688645698
101,1277.9788477570548,1313.4377357797957,213.25246015924176
101,1351.7208982710517,854.6663660297321,239.68536589342773
101,1298.728775204995,1527.9412102965453,273.82055762955474
101,1094.8054083474415,1356.4573174639777,312.21628147845684
101,1240.7071218082567,890.3218120183448,260.59093643565046
101,1019.350056402196,1534.7676948088338,309.9628328542274
101,1334.7224017588148,1094.2971444537734,239.31496728692377
101,1098.081584669336,787.2944146324406,235.92920891936313
101,916.9205547404953,1575.319674227515,283.03356734740316
101,1162.67624478063,1166.986728721693,313.5107451211399
101,1144.8388898919384,1493.151160200668,248.40135250021478
101,1127.0999468910532,1567.6170973566382,340.843219221276
101,993.7841455589104,1456.8414489129873,333.1941958616162
101,1177.7878011457008,933.7684727984259,191.50303241832012
101,1113.5034169515886,983.5569855486539,325.1490511245387
101,1179.3190653112697,776.6221573977974,294.2815965130046
101,1291.6615215143609,748.5647896071395,271.4588120834273
101,1229.7284677257558,835.9915669378996,238.63146192197718
101,1134.6141661780525,866.3283390082366,208.9967475605098
101,1270.5733296967187,704.6829124026912,167.75618195495838
101,1096.88657608173,703.5073770043194,168.15208718651223
101,1122.9263356795568,741.6152977547321,223.95553066402942
101,1288.1836210277838,668.3037679737391,208.00052406210438
101,1218.0288354713591,773.2539428642871,180.23742132080054
101,1215.2698348738045,677.7717981933212,159.8692007879203
101,855.6426862260415,1057.9351740350635,323.45224704619596
101,1060.5509249488289,824.5380403360585,225.5523630260755
101,877.7968436543705,901.5367668228861,348.6892867459647
101,992.6947416735112,1328.3723202131832,351.88722569082523
101,866.1989027694625,954.1099632646182,365.4592086009241
101,1161.696398610527,785.7388214608769,272.71948916185653
101,1060.4142954273595,848.9757822669416,220.25965397844016
101,960.1375184413881,931.2521041883241,351.95370716150893
101,907.2945894410442,864.9774082462046,164.31413489449494
101,973.4409664338428,782.765870276958,121.65863673217258
101,1013.6117487680007,691.6693308041155,170.0449945532469
101,942.7306587687473,656.5557080695023,174.87499076928628
101,1025.7013550509198,638.9333114959874,219.87788710640336
101,1338.1586339909547,819.1547570681611,124.23346103580327
101,1390.0047095374525,442.0748963869187,242.3339202771457
101,1368.61018954055,737.187456724204,229.56475451095685
101,1113.2421659692604,558.0828671787663,265.97469878105596
101,1342.6160091293198,628.3760076398036,255.81787120702
101,1340.269167254465,862.7466400258062,232.7942710970513
101,1333.8214901099334,1004.4231789884944,205.2383475845566
101,1339.9943503949125,977.1059101168345,262.32187785416374
101,1142.5057035397554,839.5156832304323,218.89804524506093
101,968.4028418735605,940.7896106911431,322.3583486955095
101,1217.4688340881237,786.7303987046226,223.34973691974466
101,1021.6318170045964,475.45008198530195,129.44038051839647
101,1174.0531140193455,1066.9347380905347,171.49190549433376
101,1101.7543983527946,775.8122885661677,182.47966940957548
101,1184.8306841235135,953.3361259136592,239.94986129825736
101,1037.9698480215663,792.1546743277678,187.14870055562665
101,1086.9508534933725,674.8740448003174,197.5912889146113
101,1062.0568429985617,736.2865413678325,204.66061810528976
101,1050.7884607859298,553.7376672600176,293.64571135418237
101,1042.354098317627,733.6030432783544,306.46227521913386
101,1030.711538199325,673.8258562068123,271.21014546293964
101,1044.9028988322868,633.9139979760075,273.42172587009776
101,1076.2305306643852,471.3168679691954,222.7840491091975
101,992.8611901013486,552.9224059309247,249.57024699353224
101,990.6321533346462,560.5299332996761,328.58595287980324
101,907.1708534041624,557.638326571713,257.5272919589707
101,1001.1724153488295,464.87617898937947,246.56619906988692
101,845.4253443249169,414.20157739340186,270.47616985586643
101,939.2676439268643,487.5125315761477,285.0469404903456
101,885.2308496268762,646.5923029517926,278.418984872091
101,899.480874730058,517.5431490163879,337.023187698982
101,893.5172295165706,599.0015188949882,286.7669921939326
101,921.6656237381773,371.92725640502783,249.80965697813917
101,882.6765897253143,515.150991839357,186.61901011642345
101,931.7515659411673,451.7853326552414,255.3439383615468
101,817.128920773623,470.99962593545376,255.81987708480966
101,717.1715797022239,488.9107467085237,230.938143119147
101,665.9313408475535,321.64553169669637,328.92791605369115
101,779.301168233701,478.83670438410206,257.9462689215812
101,779.0569960310169,620.3808860723441,214.5638802948697
101,846.1213714399163,673.7848866883038,260.9613517129719
101,725.280351020381,643.2604138201226,167.66809088567987
101,842.9207056850222,656.8485286168323,136.72488840306897
101,783.7708588808704,594.1044508884104,121.65632141774923
101,760.1381738027127,571.3402367715047,116.68391042481569
101,728.0271197790909,468.2609204667408,108.93427697707712
101,804.5226425564994,536.0764247310818,85.36627228187398
101,636.9530352172195,374.8889466416899,124.84773029982411
101,630.4886945544299,416.3604766972045,132.61934610482837
101,557.0762311337714,395.52098072589,186.66916467795716
101,557.0762311337714,356.9621666227446,182.03809532909838
101,547.2721884199966,303.5109970343233,166.95247495235373
101,566.0619817503796,254.56601196910037,324.03966149082623
101,512.3179825372547,328.1997707683108,185.86719364150235
101,489.4050817171935,358.02708325110825,237.50558384129965
101,405.9450000352273,199.23933160374952,193.31264458328047
101,449.8332798297341,211.19501589569165,153.35679530731522
101,364.1839979976203,170.54503898961445,242.79574020448177
101,366.5126904766894,95.94797680113498,232.58516618400688
101,343.8491629209931,141.56795368165882,195.63466167276846
101,375.02111470599095,162.76356368441327,225.4535855754429
101,395.004661902712,146.85526390980868,184.47778463021444
101,407.8138941025609,54.50290253769322,242.0008044682384
101,306.608563489884,88.68906074679512,158.25709289187114
101,324.5254520599159,14.096364596079809,271.5076529733132
101,346.6062929616887,68.78649420656836,130.76572826709622
101,446.4821476565936,0.0,145.80774200502134
101,409.853643710837,56.53208602647629,56.813628961241946
101,337.5241612795785,15.014496764247724,47.543807174497644
101,418.6519192284085,0.7421180289664449,45.232388266507186
101,383.7753821135384,0.0,67.84740294677643
101,391.3888843001831,12.176685758833344,0.04241769972988152
101,358.8891166075973,63.51120509549639,0.0
101,354.14684081860923,49.225807546698206,0.8092471975649289
101,424.50469598090694,32.96194632236035,19.334465096991465
102,949.8627153255212,3951.962069015531,236.79451000321308
102,1729.3150545013875,3908.6929548462317,215.68701115245568
102,1077.5444244315772,4111.912908749388,219.27916185965933
102,1353.2619927916785,4233.184862115705,187.18508241908484
102,1211.8768223679426,4234.2516239053475,213.12023632504554
102,851.7953835052716,4326.014202819867,232.02576455339977
102,1500.1346204505896,4277.25746169553,223.65017913155805
102,1259.1451999441715,4243.854660512604,214.22893152309075
102,1532.9181628328265,4262.851917387946,226.26369619585336
102,1703.8411534712782,3824.3785329759653,210.85817703001408
102,1025.7493035122038,4296.788783397197,223.73661120653117
102,1089.2822919177133,4278.913617204408,232.83053887209678
102,1409.2771863094326,4301.149766834024,235.21797634558067
102,1091.8655122915134,4316.190905926213,211.47249398109471
102,920.535274897573,4319.736701113376,218.9534932568409
102,1063.0921408729282,4319.736701113376,216.27658717872134
102,1305.9123805950815,4271.52994453272,214.15842306743576
102,1022.4081514622186,4319.736701113376,217.10171775483855
102,1082.9356465473534,4300.577057770829,220.2349018594894
102,822.6704777238311,4138.0732413895075,242.71942048609083
102,860.2686327260116,4206.955960927648,225.83191569838107
102,891.2143901645221,4215.5965888536,250.70422027531401
102,1074.6712308946774,4251.155505014445,250.70422027531401
102,1000.480695855775,4009.200227307341,244.31608049087833
102,976.4178382251672,4174.830615902801,240.9627736815729
102,850.8821217038502,4168.484012660296,228.8418327299313
102,1071.3914390966618,3993.0905824655724,210.64115188290248
102,982.2323179377607,4361.585811443475,212.967397881963
102,944.8174628549513,4361.585811443475,221.43336025928068
102,801.226920201066,4188.071598633463,246.6583763336945
102,1086.2774745130205,4280.116160952461,231.05837648866657
102,804.0970980907765,4337.965913124998,246.7458824569627
102,750.4405695742417,4158.025379539641,237.661604104486
102,773.3063756889873,4132.75532648418,195.4378162755848
102,941.2181715638616,4122.055986633959,195.4378162755848
102,752.6030243395269,4076.564562261305,230.67319343988765
102,972.7749084307942,3786.7831011425255,232.98482940316262
102,741.6346465897129,4253.566030374164,214.1731935239302
102,726.7387135592484,4313.647197793153,212.64340484714438
102,1052.1476412920804,4281.734989547845,242.01440489500686
102,808.4503106554954,4249.856653579936,231.63496411907164
102,873.063572217582,4116.319608026826,241.80450718860527
102,713.2801629910058,4024.295252371641,231.5902799977626
102,693.2840778884819,4196.45711486573,230.305271433703
102,660.4964276476005,4173.462343773161,232.93263435780233
102,736.8723356456634,4313.231006299556,242.55368440828346
102,913.7863734257525,3427.8222010043964,197.4032587787193
102,881.3460909160457,4256.542555522105,202.47046970433934
102,656.3939870034062,4021.35668800138,197.98441825381497
102,514.7873728844075,4168.581512301827,221.60347740498088
102,561.8130042212546,3845.336423424977,238.10347732093834
102,572.0781482503935,4141.6127857236625,217.16984188094693
102,639.7432659022018,4172.935516495835,228.81224501492358
102,705.6935012123954,4164.940152009497,233.10264805346952
102,566.3025970361346,4172.002634172309,222.66051306016277
102,550.067905559654,3865.042779649301,239.3201953977328
102,584.2820138839978,3842.8291744217445,243.52294864202258
102,523.9951663838702,3977.5058144895024,235.0142572929057
102,570.3183390233017,3878.589607359522,246.83602229739324
102,569.0697447835205,4032.4603236328744,226.053684492326
102,632.3414934651896,3914.125646267648,226.67716720448163
102,637.4122542394946,3610.8310784219907,233.68181157748052
102,656.768983988753,3626.334937299916,257.0502494882359
102,577.8788718247818,3923.8293549661407,226.67716720448163
102,836.8662124703895,3738.322948352856,210.91459435515242
102,638.9759016824447,3731.199905212546,224.8676830455854
102,499.01549764352353,3965.765718274129,247.36369940687632
102,363.153219058839,3870.3196271220154,246.33475425448512
102,728.7265229733861,3088.1567980648033,232.98174927520603
102,491.2107403457727,3837.3455333584993,241.04955408786628
102,422.25729399950535,3700.1553581561825,242.1495539328942
102,418.97978053928136,3645.2748043807564,221.20953790905526
102,150.13772323621995,3717.7399341858295,210.54742169888567
102,367.42391932125054,3854.035052181853,227.78683384801315
102,259.588532662293,3863.026247185681,230.36276552763928
102,233.33853489494894,3220.874885295399,231.48152637929343
102,464.75019087080034,3510.5536305902338,234.60529377667848
102,230.22397142080266,3589.659732573153,224.0981665721149
102,186.445318152393,3723.6589268578477,235.7888860983321
102,1713.6632626208295,3619.2377698413247,235.917435758738
102,1729.1933834502322,3444.2317670205657,247.02407471543518
102,879.0341304924599,3821.111446653867,247.02407471543518
102,2078.4171614518973,3552.8831153480387,237.77757862416098
102,2076.4920144206862,3537.0650831619723,255.2944026513921
102,1619.4801600828441,3845.4297949697007,226.51351543055148
102,1559.979239335905,3763.905550517506,201.07310702497523
102,1867.9888833412144,3526.16514303906,231.79059569039782
102,2101.7983888106337,3492.6917299045613,233.7693564742283
102,1978.1424599073018,3895.387384376258,227.18751832097
102,2223.208614308706,3705.053306186218,242.2107119093082
102,2236.385110953725,3636.706303684852,240.78338198035863
102,1430.52119736321,3681.8672136498235,243.7709421250076
102,2255.212702683436,3571.0532715027402,243.7709421250076
102,2320.208180000739,3604.011326975557,237.21595476581297
102,1997.8019322625053,3812.0982696654723,240.2083721440539
102,2162.3821923073215,3372.845271689074,221.10391520966232
102,2005.5875645565864,3240.5405522671094,253.97937234688845
102,2088.5314202871828,3213.159805816285,229.00664541579465
102,1741.6472925259106,3472.65819755853,219.76682598332053
102,1624.9685219847952,3334.6412110932915,227.9587727332294
102,1660.7038537019605,3585.517425195966,216.73809995811024
102,1870.1233301717891,3417.1150265703086,220.36960722264342
102,1723.2441623575628,3621.515398187033,218.07831529883907
102,1933.6548261790365,3659.135126741879,205.68726721985388
102,948.493755873339,3853.1868929784573,205.36157105675977
102,1736.196443917147,3389.893421940299,193.0003940698681
102,1962.6984865219008,3434.287617565392,198.0599658608362
102,1906.8474828183496,3552.6160241665716,214.73530636369287
102,1801.6738813029294,3556.8489874648953,221.5545756919468
102,1776.0134191930151,3262.0364235084608,224.83304015860153
102,1930.1530336499957,3247.925110980519,231.19931704302297
102,1949.5690084756277,3113.8566746165225,232.8955744135331
102,2028.1806407126421,2788.256586922229,220.84961677145645
102,1287.5293653289623,3191.8301651555803,224.37333965730272
102,939.7020849640611,3170.5209479203254,254.34221699814066
102,1529.601976916675,2971.398908616529,254.0091527449673
102,893.8228254771035,2912.683873739645,238.5729604905913
102,1678.0686477812376,2801.5440803254787,240.23815254213275
102,1784.1347139711108,2583.123409950217,242.43542455890474
102,1695.50435587049,2978.589995691633,226.80032291912994
102,1713.0375683607883,2792.7376189401684,224.8626827213925
102,1566.7401816791362,2911.6848900316104,224.21926070690301
102,1468.2007949790657,2982.1699301787694,223.4936958297851
102,1655.4816969970693,2706.2629896053118,228.91848703041546
102,1847.184821439296,2457.3838494494216,205.13601062602618
102,1702.9098631284721,2210.2399471194626,222.3564370544393
102,841.2604698861343,2710.3644215736467,235.32156891250418
102,1630.6345909725808,2323.865043058916,214.53317443161825
102,1703.455527727202,2402.924005004949,229.91178353679385
102,1270.9352847400137,2454.4717148249892,239.3399151346092
102,1545.4506952941747,2569.1907250026857,234.33810681722906
102,1025.628634923293,2605.6851533267554,252.7505131611186
102,1146.8213453907622,2507.2302264834198,246.15625441437527
102,1537.624817784302,2469.6689342382524,242.31332248110152
102,1544.6252946735874,2669.6464684059592,238.7712338110207
102,1615.1439179970794,2304.7639909001764,229.10271763716975
102,849.2668571914118,2722.5960906952605,229.10271763716975
102,1308.438299625605,2372.000160911912,229.10271763716975
102,1614.3335585338257,2154.032535742237,229.10271763716975
102,1425.5679078197325,2126.404515170529,225.54594462517787
102,1525.6602509602978,2068.3593167049185,239.31694482801242
102,1591.3666664558687,1754.3262811602708,225.54594462517787
102,925.7946115659669,2276.7239549294422,243.66949368978464
102,1212.7582280047377,2089.7789812748656,213.60883901578313
102,1404.449943486877,2235.9626666387644,241.18438145576692
102,1154.249670348693,2218.532240655695,218.48429586894383
102,1329.1422581919392,2187.2098073845177,213.08822775601345
102,1301.6460332658858,1856.078814008661,199.26895551533426
102,1196.201653249265,1992.7096782808571,209.5131377142735
102,1335.9558336457762,1913.0989812371704,201.05023213678083
102,1111.1706998685881,2247.8112286115047,209.56167520146136
102,594.8199355825178,2481.3160510927273,229.32655998603207
102,1010.6222227041632,2269.3768954306165,236.0192907367869
102,1020.746174565032,2033.778252352949,234.70274704898122
102,613.1699145512948,2605.282072295357,226.678439507623
102,1132.010044151576,2223.3733143457525,232.37944648860838
102,1219.2051110544412,2067.1967479411082,196.04097675862698
102,1196.5995518574014,1654.5602434780772,220.32730317212747
102,1175.2037892314856,1861.9836045009242,244.01419011324396
102,1101.28156087914,2183.407385997118,235.4174260506474
102,1013.9049844850139,2170.9191641765347,220.29303658363125
102,1041.6986873122069,1940.1671356877914,211.52351505063803
102,1158.6998936289765,1690.013864150279,203.27006778145164
102,1032.0261039671184,2066.982522843219,232.00691545698226
102,886.6659429521959,2155.1743962647706,233.9149778128683
102,578.2390925894422,2409.5103688987197,230.10699811327356
102,928.5127011824794,2009.8008074400204,242.63641546265376
102,625.0837447484807,2107.2375121809728,240.9627736815729
102,803.6906983017228,2160.1437107626457,226.92686100436663
102,471.64027124319387,2033.508310193803,236.5317466911746
102,965.5817879569228,2135.4213585977172,228.57646894534565
102,681.3457861153599,2185.7571038540855,219.51838853371595
102,816.4543235760228,1967.0920683493528,238.1813546321536
102,781.1358743939455,1739.157158427934,256.35076814377067
102,833.7117984804903,1823.619231449749,242.01440489500686
102,262.87728490215113,2144.125192645047,251.61929058181482
102,867.4483155481395,1525.8218577840166,213.99379944679782
102,388.50694980909566,2183.7552439262113,223.37994371635466
102,846.1774981870732,1033.7996310612316,223.85423812550357
102,273.37028744776444,1449.1229121301421,226.55563520595445
102,477.1678429562261,1903.4464668920327,200.2703123529023
102,576.1443960704011,1512.7945687805832,210.33176888386942
102,690.0581448402303,1266.459442892255,237.84829037898027
102,459.79129014582804,1544.0999845773676,256.35076814377067
102,800.0477466308454,1039.7856757164654,248.98546100186337
102,826.560206283826,1890.8467747351392,240.5194986245457
102,779.2516650715579,1551.6336104515553,225.00023360818614
102,714.5372755556837,1367.3373300769463,248.98546100186337
102,619.0758337271933,1762.0744459257753,239.31694482801242
102,765.5290076718965,1358.8792095517347,200.8643166050735
102,696.3827910915206,1530.1961225884788,193.8162450317888
102,462.5339611658768,1584.0707682289344,229.4335148300255
102,668.7902776644229,1218.2738751131947,237.28634004702116
102,451.26430552404577,1767.1552958189882,252.6533952783176
102,275.747430739401,1763.6340653367238,224.55130551674
102,459.7225281015309,1888.8325226764205,234.42340311293168
102,369.42507415303805,1749.8331634147671,221.77515881283375
102,1910.1930187712676,1903.2055630238692,233.10971406025237
102,1929.7321406153712,1603.7283388031137,243.82221908936094
102,1767.9671811176866,1543.4194666495955,227.12167837077982
102,2160.250872692512,1447.1242324765835,244.9885853216154
102,2078.4444747154757,1365.2927553963095,226.16048261648274
102,1922.391082989696,2082.0027952678756,257.0502494882359
102,1824.1190048520632,2327.6156954436706,226.67716720448163
102,1890.3498985231433,2346.050833941045,219.91081137464596
102,1062.3301282840896,2755.154405932948,229.2554882970453
102,1885.0338265021226,1886.1211853583663,243.27924928540136
102,1911.705957950717,2249.059111118769,231.31749354667397
102,1906.9084960231655,1416.707707588644,224.6722287255542
102,1694.9860567389758,1703.537694686232,234.7336852565213
102,1717.1874032688884,2102.9619742241493,243.59993157095323
102,1200.1015357064314,2429.0722749745823,226.7284478431784
102,1024.2709464290622,2419.0081904104086,232.24352722844503
102,1727.2534187410063,1879.7644697965284,211.33424289790162
102,1676.7212559428006,1700.2740365282193,211.00685122211257
102,1708.8374522361014,1818.7112266232912,221.0834774232207
102,1718.5788035401124,1684.9154830462335,205.07350767214706
102,1799.340384680202,1563.1000791578117,214.20759144953564
102,1697.2067206601919,1364.0623747796308,207.5993149995491
102,1722.053226514114,1245.1261891767517,224.42141375354225
102,1639.0567001582285,1715.914279611079,215.72163800583166
102,1580.9311493996174,1480.5286097741505,234.60529377667848
102,1606.776470763408,1839.302037490807,251.38985389565033
102,1821.1152912771224,1799.4626109576857,216.9434829450792
102,1804.2694215476756,1818.1102313075653,246.5966729026057
102,1758.9144515900034,2037.5320241669492,224.26344270180368
102,1649.8060912881172,1791.1192744440318,239.38699823820366
102,1345.338488094725,2540.001958930656,252.47198897982997
102,1831.6011377182351,1945.1790642684232,237.2983460200851
102,1497.4113353386197,2159.4717608804094,223.56621891697563
102,1258.038016514021,1191.6990269836056,227.69733666313596
102,1625.363301339284,1438.0596674131566,235.96477345605553
102,1784.7792943587092,1743.5999482733246,250.27851672196846
102,1721.3238169383824,1515.2078532486103,239.40999443889638
102,1707.2509563410304,1897.3813715519218,243.7709421250076
102,1590.113800492336,1447.578179583088,254.15038290094282
102,1632.9640269219797,1249.680978697797,243.7709421250076
102,1580.5117374655022,1274.902190280468,229.99994192217304
102,1472.1189405255436,878.8796175476231,236.99015073178032
102,1462.5995151651605,1139.931591554855,222.09721171604065
102,1477.5760455564928,979.2802592244963,240.0407961139308
102,1481.1448793256864,1125.2204742238005,217.64866187203495
102,1483.5325012829292,1367.1688457601108,255.1016247145344
102,1272.5584287389077,969.2796283781917,234.81969311476666
102,1386.9827173384294,1202.4577132475356,233.51542570492006
102,1539.3830676728028,1105.0355261174122,239.8694648745875
102,1347.881783049645,1374.3298252038494,203.62525310379237
102,1575.4159201305322,1482.449242187156,204.71726835338944
102,1177.7439030836724,1277.6327435823496,192.39605114658264
102,1245.6287344520342,1596.4981013788251,199.30428311356604
102,1439.2889663885499,1378.683633767348,203.35650600501089
102,1218.0215985522336,2339.8625472087824,228.39248500597722
102,914.7297126089612,2600.011029736323,214.23485796541524
102,1069.6954748211695,2718.535771768921,229.2640671489999
102,822.2074891002281,2670.3051931527298,219.41732013025228
102,1023.8465963466323,2576.0060532141188,229.7967609061875
102,885.2927841358327,2615.925019712048,218.35948385593008
102,924.7638055673762,2694.0165242813955,237.41585639356106
102,852.9971601209014,2634.4520959177257,244.6172115064486
102,736.9818639504565,2512.8534439964187,246.06238353116044
102,810.652058141818,2483.7978056643487,243.9476962140002
102,851.9570526499705,2734.6220698133934,239.65339390377653
102,981.1741831104188,2771.9643234221544,222.2766401944604
102,912.53281383573,2830.2373769936894,232.91242879422566
102,809.0385013790543,2736.2430169982536,226.66912330618277
102,860.5366719716764,2641.6896121243803,238.91005605230885
102,845.6118287121006,2488.357276148812,229.19887368800119
102,857.0991301374421,2897.9871738946786,242.11038646415398
102,844.5890623729744,2803.7925464399736,218.73450057451146
102,653.4345161731242,2540.2563648894006,219.4734740213005
102,776.9404882004766,2676.34125741212,205.30234678336512
102,666.1009952521864,3069.342814914539,239.97324006776097
102,598.3124838101276,3138.0535840868442,240.30630432093432
102,602.5955621940838,3077.7049248167327,249.57812575456893
102,672.8003402600153,3068.220020735133,251.82156882846164
102,589.9833815607028,3137.5773819200413,229.91178353679385
102,630.5189966214161,3157.6521105592014,245.00650065580737
102,568.9415118672213,3197.9482842035327,251.82156882846164
102,595.7428037149119,3255.4913563000705,213.88325528318404
102,692.4170938039842,3147.0360570001976,252.81486533483996
102,612.8900811334443,2932.4791130200447,239.57847238349882
102,660.0932381920514,2922.2367722449926,243.209979648032
102,673.0561415098833,2977.50042705928,221.87646621080108
102,617.7697523328824,2756.415836237713,238.7712338110207
102,622.9691812511727,2664.102906111358,232.4854610859059
102,583.7730827262906,2957.4704977381116,248.98546100186337
102,665.4630177774312,2968.0453171679032,252.394509848241
102,571.4025794222586,3124.0629244672364,253.69599953448898
102,624.0587814827505,3116.4536425801502,216.48592533303145
102,542.2763423449944,3030.307154706864,227.22976038769173
102,506.16152526822725,3214.0418091596493,205.6463787911249
102,517.9457727199967,2717.720020578016,218.87555264141554
102,559.8181584697193,3239.28350267777,226.3127855815918
102,497.8086742140073,2914.7843802687435,223.65017913155805
102,419.96366630699026,3092.700918503509,223.65017913155805
102,589.4654293107305,2928.586769850435,223.52117387233022
102,370.2983511149382,2994.1290818953435,224.518867025845
102,483.9367490307768,2978.837226341334,225.5044628020368
102,438.5006771540686,3125.6617280243536,237.19673712941113
102,349.89708896845934,3113.157527935057,229.37265300542157
102,365.5056722125472,3061.4349909171992,229.71711654794768
102,391.3883301282915,3035.648566059778,228.27234792445205
102,286.2008223801663,2619.105179506076,242.2936507466402
102,463.840053556998,3040.3318646617554,249.06000657647587
102,357.9516620123885,2857.925610873014,220.29303658363125
102,428.403066795898,2916.087824445465,232.48766384194232
102,402.32587657239753,2858.1608512133257,209.00668394812664
102,401.11519400500754,2944.547035029641,232.09851770655462
102,179.0017638557795,2763.675838069923,243.67722507797112
102,1479.5350986124333,3119.606038659782,234.2546239599112
102,882.9803756377036,3105.3174820006975,233.78181986831487
102,1581.931491895061,2806.476751861655,233.78181986831487
102,1136.1389561826,3037.370470940156,229.14851463126968
102,1403.2930568384645,3126.935949773383,218.3310658441457
102,1256.283820526936,3002.0817407910313,233.85475178247975
102,1556.1448140499303,2732.911533519345,209.13894775778073
102,1448.815138079423,2957.0597001247897,242.3474691481802
102,774.4057121384061,3088.9037346038963,242.01440489500686
102,1409.107171175523,2997.3657611884482,251.61929058181482
102,1276.0416229424584,3011.857178145243,233.978125909541
102,1810.8815111777642,2475.499660333676,210.34773978790963
102,1589.26684082363,2815.264811207605,230.67319343988765
102,1501.5461628277455,2714.9931107909633,239.97324006776097
102,1373.8792719446426,3088.375372334677,231.66648994626604
102,1447.5193562249192,3019.169567012958,199.5349643580862
102,1520.0692186768906,3046.562003244589,219.51929082082944
102,1482.1864235142332,3075.25459443966,239.25603031705793
102,1225.9358269100442,2975.8804218487107,241.80450718860527
102,1552.6408253280538,3042.4375234124514,241.80450718860527
102,1622.0666832992513,2812.121189981473,214.93877707721902
102,1456.7874500860873,3048.2897381045327,229.48476299679533
102,1981.4282866568462,2358.9183643937245,242.55368440828346
102,1712.358583121738,3027.883142009532,220.05766804699255
102,1791.3156097743529,3178.6632364467187,214.62882357179467
102,1693.6106106728128,2816.9391080922023,199.40620048486204
102,1659.1473536860544,3061.620297253415,234.39442907814583
102,1751.6786362043042,2583.9014501134275,242.71112131925963
102,1659.5143704603693,2721.363173673885,223.43413187961858
102,1721.0385296698307,3142.826471504594,223.49776236666156
102,1555.4048587947714,3114.4589156247202,213.95993850148403
102,840.161237526928,3267.7262506088546,230.90698941973312
102,1267.0762790697736,1857.8794865600748,233.10264805346952
102,1734.6292628533693,2533.5890785815322,230.6103498002081
102,1374.3493809462225,2885.88910894156,234.3590853159439
102,1602.8555927659374,2496.994349763572,218.47321763149824
102,1102.3292019529645,3063.5962881638015,215.87510548864464
102,684.1821759337671,2944.5862064754715,243.27924928540136
102,1353.8264861528517,3061.482945146121,228.7826842054489
102,1125.3499288310331,2753.3700166747562,229.2554882970453
102,1413.568163196225,3114.4122415178103,229.9810531741632
102,1357.0584406760615,3209.327388476887,229.9810531741632
102,1039.4675087713238,2915.3279748412574,235.0516695014894
102,1242.5434966017453,2808.130591042725,228.25924247248474
102,1199.7807146175091,3092.137102786626,250.18176972421145
102,1564.670551182665,2697.724266658465,230.2310892664526
102,886.8236052377307,2843.9111359547064,216.80560316329547
102,1307.287630988364,3004.180343790807,205.58608124153307
102,1231.98281725396,2943.8889673964836,218.94901616052596
102,987.9650816565141,2824.976790752654,227.0168209731862
102,787.2746433278293,2909.9347605227526,224.19036798776062
102,1187.5843972148955,2956.940708689376,209.7174791108347
102,620.5557777964798,2972.7998391406286,220.5171126422007
102,1070.1602265721378,2702.56612038477,232.88737613085993
102,868.8487554868278,2708.833780073642,232.88737613085993
102,724.234446629353,2827.2136608865057,237.95191794598912
102,938.913965410815,2946.070117880135,246.6583763336945
102,703.1118646232652,2910.3423903966523,235.88416787349712
102,912.0147138614387,2809.6480939505473,239.57847238349882
102,933.2004258122578,2799.934313989728,253.61438506070516
102,1055.6008287337231,2549.188890941416,257.24589232523834
102,1139.345025025988,2351.847125445521,251.14772082317893
102,835.61478725675,2861.259970694106,246.0052338181406
102,970.0691376186566,2492.671386330387,223.12721878214978
102,1011.7559310463918,2734.1822103564873,256.5615916903735
102,959.5961338322478,2412.9147984218116,253.466082266078
102,1063.261073591856,2215.508195736118,222.15879334907515
102,612.3603875039977,2532.051858963748,220.6426041997342
102,703.092069770633,2477.666646692738,240.78338198035863
102,1074.985149854366,2626.3447762553496,263.56883389449047
102,983.9068466471507,2645.9249796831314,253.18939311855524
102,564.2199406822042,2536.6330835972426,212.5867770097463
102,717.197006839212,2413.367398776816,239.38608619172987
102,457.95144126549235,2827.527996705526,222.09721171604065
102,808.6359461571477,2436.1413710097213,240.2083721440539
102,537.7793242571227,2090.096022350508,239.38608619172987
102,584.7395867819605,2395.3898434106113,211.97832796077694
102,631.9021622602743,2305.0162421291457,248.59069331760122
102,602.2063794638907,2301.845275662116,255.1016247145344
102,545.6008684788628,2390.6458884000263,198.18981224959595
102,578.7728141372548,2531.4477188745477,225.37289979463503
102,544.065189965678,2641.944595232774,220.18383229980634
102,566.158724579811,2850.324780537881,208.3442418804048
102,408.6922887295142,2546.166388868424,187.96972786614748
102,259.315242518476,2550.6711692375184,169.94088577321668
102,335.07877546704265,2584.742020159867,219.89355064949865
102,387.9872323777996,2576.171593340378,233.65193411370058
102,560.5930216847555,2942.8523737800283,231.93401646788203
102,612.6536265812304,2458.155749212059,233.46000673144795
102,200.2682386232802,2369.629456554096,233.83223371886476
102,219.6210988396456,1690.8506628652317,250.16434340282854
102,215.77646848836642,2037.6996876544003,240.98566022700538
102,156.50658592752515,2166.0021197835626,257.24589232523834
102,202.5443320817279,2567.0865379384777,231.32126057231613
102,266.61768426078356,2055.165678541812,256.25259581885996
102,319.68443189283266,2150.926161966521,228.43587892140033
102,1399.6261606012263,2306.874413785239,233.3269859867588
102,1383.9543928352673,1152.3770167152466,223.22019031618123
102,1618.1333115984783,2155.8819583079194,223.03944336879556
102,1065.8736774064243,2773.833235486063,211.09168251855795
102,1845.340450247558,2144.335424750739,215.51694408937897
102,891.8652273092733,2802.0673757366103,233.34481031085068
102,1808.7974065777196,1992.2760567915257,204.76804605164568
102,1681.0050289641667,1769.329921663858,213.02932271629538
102,1716.6541392573338,1749.3583126923277,215.337242449761
102,1375.365639525046,2388.2574023368747,239.0438651320054
102,1695.4793767296394,1860.5193508518619,249.57812575456893
102,1397.710079378953,2337.1789804453756,229.59379929182575
102,1482.5897412782208,2481.5022793134854,228.60050278544736
102,1542.7101164687497,2586.3584328547536,238.85643697039677
102,1442.377597118231,2563.079459020328,220.15450752838063
102,1700.8369894754082,1987.2899889731611,240.59540483528298
102,1585.683532255116,2366.1031229381456,209.56706772806808
102,1633.6696116444614,2196.7860706569727,246.83602229739324
102,1644.017665457841,2031.3813338685254,243.20451503286006
102,1588.2246841909416,2040.2555171411518,232.33945721744078
102,1662.5040143971423,1983.6164024774748,238.37646612675854
102,1408.7615982947038,2373.341410476664,238.56776760833424
102,1413.6324218055672,1177.1908139842908,248.98546100186337
102,869.1580739978134,2339.6562930467076,240.04250970513033
102,1688.5109320029487,2119.312021507007,243.66949368978464
102,1641.0041764021148,1738.7667391620112,236.79451000321308
102,1192.7822917118626,1274.6484491143751,233.67110494711727
102,658.0196405866485,2453.1323179958076,227.22976038769173
102,692.435631706429,2765.212596687376,199.3021230148052
102,1280.621537380435,2134.2605229991627,207.75502563357128
102,844.1824321559012,2531.8096220778093,224.3859941073536
102,1382.5506735913937,1596.577847848906,210.1660181247468
102,1411.4896082187513,1642.0312417785317,203.17488892661828
102,1229.119174575547,1687.5700729543128,227.6583941585614
102,1317.1384133904348,1283.9884394254736,196.90151917910407
102,1313.6331186983111,2048.8035700002915,222.74661878320296
102,1565.0837013727219,1797.2053920769658,236.24574132206175
102,1245.8957486057695,1560.6613178937187,232.37944648860838
102,1370.3368553391585,1578.496290940489,194.4739037247209
102,1484.8769747114218,1702.2346411636718,215.09608861663236
102,1416.8318660194482,1679.0105288981495,242.01788075541384
102,1368.6086855366625,1123.5548885813632,244.13362172192586
102,1307.8590798332145,1841.1383220225594,221.66039410784202
102,1180.0844766921703,2252.6785679613663,211.52351505063803
102,1191.5364994154738,1911.6753790765342,242.71942048609083
102,1193.2599272881282,2172.828606994096,225.83191569838107
102,1210.0059564841847,1844.5615649905894,250.70422027531401
102,1223.0831941037666,1594.8787890068415,250.70422027531401
102,755.0248095101905,2196.8778871074232,244.31608049087833
102,1197.75406523399,1954.261066091588,240.9627736815729
102,1147.8487519570288,1662.944935995797,228.8418327299313
102,1100.2250452727108,1456.4514270987102,206.81140931531417
102,1085.9162680380643,1531.5396439407396,202.38432489918932
102,934.1537767596786,1397.7205211015212,192.50813117020527
102,426.38978870934807,2109.198876776824,247.85395108671963
102,953.6834856455176,1525.8871916864427,211.14562807420793
102,1032.0758704130649,1915.51449328441,245.2511444752779
102,508.9521267306458,2158.7893743516242,224.10276908670397
102,1106.2231814423092,1818.7103262912246,201.14298113620248
102,701.0140241160042,2200.11655358269,209.6089435135201
102,538.5994101969304,2166.255360176776,205.5824337603076
102,961.158178729154,1069.1209469176201,222.6053886272274
102,1034.07080160704,1399.7030430395134,214.1731935239302
102,384.1893091043014,2606.76378068287,209.6089435135201
102,796.6061056711309,1256.3383822267456,228.37862015689166
102,949.0649722125623,1975.4164753159066,188.767919171517
102,440.6277396022364,2064.9811513795803,252.2222005821344
102,399.61712442039243,1928.8655029288225,231.5902799977626
102,1026.6779789145855,1458.7882834369707,238.7712338110207
102,858.0407938779634,1805.2981726665066,248.98546100186337
102,793.4381293926332,1600.2810862122997,242.55368440828346
102,763.7914693107086,983.3444142060717,203.87770156275593
102,726.5432456912237,1062.2902835960545,203.87770156275593
102,697.3939848940216,853.8554046695837,212.6027177212123
102,305.5499652323118,1951.072601506104,209.94295324156343
102,788.6536775899486,1687.7300471938302,229.1990316075636
102,153.93070938373805,1932.1411747652614,224.5680671187365
102,788.5149755807669,1710.0012819376034,202.8256926208826
102,731.0474119310446,1431.1647417470012,199.37500580612164
102,569.3796517702584,1125.7167274522812,197.18815874392283
102,671.8104925434907,948.7594073134429,210.05765035019203
102,655.8421043327745,1104.2813521368807,207.3387144884005
102,678.3999642056037,1222.8225767225945,215.878204834577
102,275.3830984418106,1849.6310068797975,230.89840005666002
102,450.0552867756119,1873.5141785517526,210.11606225159278
102,466.18385704527157,1849.2289663634301,212.84506196471568
102,1722.318012381326,1207.514643111383,226.61606216755024
102,1841.894184298167,1531.4831856045662,244.34936682777374
102,1735.981424493073,1511.971577129379,231.57654732781265
102,980.209094187156,2201.485629848994,217.3890371391891
102,1548.8475002613563,1653.3814732053156,231.34212582962198
102,1601.5626720300418,1751.011437750209,243.45870141497767
102,1532.40374202613,1390.0854172576014,230.9032370320174
102,801.6039656874653,1142.9677080916435,222.42757461119447
102,794.8880318436528,2220.928102104737,232.06345023057906
102,1643.2541336463826,1402.62353119722,220.67260283804677
102,1622.7298211929121,1392.201314482264,211.00685122211257
102,1370.0461147795781,1323.3305087956041,200.11912830593695
102,1574.750776316171,1525.4285921787896,238.81531969733555
102,1345.6411509876866,1486.4870158710542,213.30449285776518
102,1417.437399902497,1269.6729297305783,230.15837641773703
102,631.1508608544392,2156.0543765992425,214.04197297760703
102,1225.2389692221527,1517.6583586824277,222.5079353549247
102,1269.7990230167802,1376.8621140137143,235.7888860983321
102,1329.3455529015537,1285.8945172897597,246.26360864943234
102,1268.8460731110154,1360.5331712239217,262.2530087468751
102,624.2025345365164,2146.237043403575,253.61438506070516
102,1219.119818142167,924.2826390360977,238.19431124038147
102,1190.1619024940562,1039.4005760405043,221.17203394669207
102,1436.8604876269778,1460.804901283252,237.86732746620498
102,1528.928519098114,1184.0507160828479,230.58215106941037
102,1212.7146814080759,989.3570157134633,247.68971885957058
102,1093.5404427432138,877.0837849845269,263.31009336503905
102,1452.5618759297613,1143.299542753513,243.08664149014277
102,1235.9330169970674,1071.4553600410713,226.75194222025578
102,1214.040267906986,1097.5558682355045,240.92461213633413
102,708.1500345886066,1825.8225871483846,231.41694188421576
102,1148.5609604102983,871.9555501859433,233.15023189776622
102,1016.9532076903434,828.5586391339469,222.97778288485972
102,1223.154491925856,904.7516925440865,240.2083721440539
102,788.1734190257554,728.010666570459,221.10391520966232
102,954.832666900783,629.2229458404138,253.81179631676537
102,968.9266013342129,611.1755281559914,239.2185101616069
102,1254.657668163256,669.9006092498131,215.24390522829896
102,1178.669908974499,648.3877696351419,238.37646612675854
102,1164.7897645766955,823.2524333327359,233.51542570492006
102,1238.925561012447,785.5041122562235,221.7305727469295
102,1251.2631317144908,753.4190288326971,248.28900660465274
102,1214.8540413547512,903.2755656522885,211.44045191057216
102,454.2705390790985,1931.6653334860275,199.44142843362278
102,903.4685722458715,834.8279906332529,235.435047789691
102,721.321179462744,880.6973019679068,208.95332708232843
102,1092.5656319571758,849.9160705609225,225.152999757222
102,779.9535617652791,2056.4312866141004,228.39248500597722
102,914.0518737525334,2060.3698254745736,223.8397436522232
102,722.702257378403,2393.569183319522,228.27077064262153
102,671.6167482199975,2280.560276014956,235.56552373241522
102,1407.9662995544234,1082.0364760055713,235.0173199752802
102,578.8887844310125,2018.6175403854668,230.2731551978968
102,520.5118684594222,2240.6057108768964,253.34892049176233
102,637.5324302212663,2081.615195745092,244.6172115064486
102,724.8356961274329,2043.8071894665263,238.5729604905913
102,542.9622087148414,2107.614700802427,231.77219016481507
102,677.6400441643646,2099.3865634318354,242.43542455890474
102,510.1725096631885,1990.2286539099996,242.21668314165368
102,521.1818664820047,1932.360121947696,235.28037611492164
102,596.2417582590216,1700.1858608405132,224.21926070690301
102,633.2702999383857,1715.6475884848578,238.91005605230885
102,488.69813134740923,1836.3989349032186,228.91848703041546
102,536.335008639497,1860.2533441023743,205.13601062602618
102,424.24956993816534,1706.865740578512,222.02337280126596
102,600.8619710219447,1615.3262202612714,230.3606546643838
102,378.990523550754,1651.4487045298274,224.81227912083784
102,367.2888213555822,1692.4204742488537,249.57812575456893
102,459.25625461376717,1650.0188773285968,249.57812575456893
102,389.7579389576234,1678.8095089135531,239.97324006776097
102,557.249315580247,1520.584296396053,243.15332820449714
102,426.44141504956724,1509.8680681087685,248.37629397951304
102,269.4986903388128,1381.270588497347,246.95729391978915
102,475.7348165138211,1605.839185910951,242.01440489500686
102,273.9003005216282,1333.9548143977509,251.61929058181482
102,477.25900355172007,1420.6978324627999,244.7047176297168
102,1204.6692183434964,1199.592651169176,242.69721568105098
102,1304.7853620262058,1270.5838512832715,238.7712338110207
102,1224.316176332452,1151.6412427151417,224.79676740549968
102,1263.508054134253,1151.3288714738487,248.98546100186337
102,1372.3231090664917,1186.193196894682,235.2144607990288
102,789.4711867016264,1029.7135421172052,243.66949368978464
102,881.5517228096186,1142.5948944108013,218.11432043505272
102,1045.2141263106712,1349.3321301267865,258.3818972179124
102,759.0752973237783,1230.6849211386148,218.17572709458386
102,940.1219539350519,1161.2840351811064,212.77965898165348
102,907.7136647603458,1326.4977170693323,230.3246711234343
102,751.6399833991767,1294.6728854011917,225.75335163156439
102,989.7107616841521,1301.543258711149,207.4370184116239
102,906.7840204969915,1206.1036251259184,210.1660181247468
102,606.0317366211477,1114.0233100549303,206.87140004906325
102,718.7484378984503,1121.3417550717545,229.65114463024997
102,704.7207617189957,1145.1910732486217,237.9394866292522
102,560.1217679659653,1134.2709042616007,228.79373589789935
102,505.53055622167267,1124.6759915041948,232.37944648860838
102,578.3948492109579,1131.7988422894873,191.61465347819177
102,637.7222481017578,1099.61427296276,256.1236467961178
102,779.5055675993722,1147.129699235471,227.45805385302873
102,551.6236692658495,989.21981061024,238.65073296329962
102,426.03490552308756,1042.7567689827242,228.0471803826851
102,391.9964617810846,1013.9355141166183,211.52351505063803
102,379.9330821028743,1006.3072135371116,216.14693752682382
102,375.8884934753585,941.9116285227298,204.19904171373622
102,307.7253280058969,956.618208125895,245.88510786715534
102,329.6510597484471,885.4683978203601,228.51150395962418
102,290.88239772846816,904.1587884864376,254.73377388440747
102,299.24683976341146,857.5609864705904,221.15313904952507
102,200.73522762700176,857.6696094967639,223.10487006573658
102,199.65940222138553,769.953171952394,227.42433996342038
102,372.41486838510593,823.8168030627386,205.62033102833323
102,138.86757513140859,780.4295254277205,226.85267270711353
102,244.58967210329874,788.7106967442434,231.1792755567874
102,152.9698932423416,681.5860680920908,246.6583763336945
102,143.80879592463546,667.0725510323169,251.61929058181482
102,83.29299047727383,627.6632855892727,249.57812575456893
102,213.67744014684038,596.2348638544062,224.37324022273305
102,34.9554388053418,619.7601625656952,184.5305922339582
102,253.3458068472451,258.38601931865185,184.5305922339582
102,50.154922050759154,428.5608652045307,154.0810103884533
102,56.57148906978827,398.39858271923504,140.3100101856187
102,64.36189891413952,531.0754108469222,140.3100101856187
102,228.51201489078855,235.96182992502327,155.91001003064667
102,93.06766780998728,462.0500880328756,169.68101023348123
102,174.82137825823722,465.4129813217089,169.68101023348123
102,69.06713744207556,509.949189728792,169.68101023348123
102,94.49819795916656,520.0505651414342,155.91001003064667
103,2030.20027004212,1237.3674402085162,234.7454843362109
103,1888.818869311788,1176.5076147992136,222.43967151430735
103,2080.3521220699768,1049.8466952585336,237.30581620007626
103,2036.5010020284074,1293.4241319876028,235.0810809545468
103,1959.9117327051142,1243.4613202543273,249.5488907852971
103,1985.2541689560355,1258.9273131187174,252.42632760651276
103,1989.2896285635718,1293.4241319876028,225.31509792935378
103,1935.4356942019897,1323.5293517892032,205.99952844426724
103,2137.779938242963,1271.8642590774016,228.15837381567547
103,1925.642003848068,1314.3228812777115,175.59227688371942
103,1892.5765800771899,1157.8437661691173,224.22110103487955
103,1829.4000698696643,1190.1580157862468,209.12497636502144
103,1870.3047048446103,1135.532317873785,211.24133999948555
103,1798.8004227296053,1147.253205849549,221.75076776486839
103,1814.6466912528015,1088.1650350775221,228.8581502274821
103,1900.9721548752702,1251.3931046409884,274.4871529511609
103,1561.7792339314876,1251.3931046409884,230.67964290829394
103,1751.0118082443735,1262.1680872826137,263.48996603837554
103,1542.626470896021,1180.5443610550442,250.35884127889153
103,1712.8951134796596,1293.4241319876028,242.41237956047542
103,1634.716986176523,1342.4725184813133,254.5477390498699
103,1541.314223809211,1168.2194876198946,234.6502866758031
103,1677.7008364427359,1498.2550425497034,224.22354579906118
103,1373.3173325219766,1112.2704450015995,220.50432105598975
103,1534.7935021439835,1476.6951696395022,287.1313382596834
103,1543.27785926712,1476.6951696395022,269.80442356019194
103,1314.094389332903,1252.729509494748,194.0535074956196
103,1492.4950540038665,1293.4241319876028,244.3830596703736
103,1504.003369618398,1314.3228812777115,203.10034017012333
103,1342.5255999999526,1314.3228812777115,237.6077291681853
103,1431.3125000369682,1271.8642590774016,240.847329403995
103,1186.2833352671546,1271.8642590774016,245.38629540741925
103,1393.870933715749,1271.8642590774016,240.7025315728671
103,779.3813553292173,1125.5990992006941,189.09580489457767
103,1115.556046964261,1325.119264075066,234.07239214655323
103,1077.3702010718023,1472.0460846067003,248.96189217850133
103,923.0049974476859,1472.0460846067003,228.65035104853945
103,721.5293528620522,1230.600310958289,207.4872677749804
103,835.2352935557923,1113.222351389164,254.9626586445484
103,1059.2164780372805,1262.9734499942738,181.18019453319056
103,1067.944847669542,1153.3323751179291,229.1772397477995
103,931.1448929642421,1111.55100452426,249.09481021805783
103,1169.8685753796644,1182.8760100406698,244.1006177936688
103,1149.9559894132133,1190.2682109262446,238.77334735854635
103,635.0445778582872,1081.9752169668645,198.47054798682262
103,983.4302229328717,1153.7722371023033,247.18076823059738
103,1257.1819438655361,1069.9934864107404,264.51732098336026
103,899.3298010025673,1154.7951778906704,261.1725093489297
103,837.9598287198149,1253.1812926336588,231.20170568468262
103,719.5466555682351,1025.3839713002053,227.215335715592
103,849.4233274479972,1208.9628074825232,203.41350234128407
103,765.0438851064188,1253.1812926336588,236.09629585189958
103,537.0764103957465,1013.9052826482131,224.19331910161543
103,805.7873894737662,1088.3087382371218,248.62780020287755
103,827.226326703163,1064.9777746647674,222.62609287130226
103,579.6975145684908,1107.0081438581587,185.15409034747285
103,772.8289746830312,1063.3213168102502,215.61176558451461
103,540.4377024023911,1160.301773060357,248.34914984640687
103,774.851522513089,1248.2500720109324,195.05908074154036
103,730.302980607429,1000.3185740414214,267.0398355227801
103,689.3445300135411,1063.6752867221458,229.60995823106805
103,547.5409739976307,1160.8890579364815,259.9004737564794
103,693.8665310311321,1150.588615667913,268.29027205519543
103,489.66999450198057,981.4515619906007,224.18465483252015
103,551.2313106745721,1236.041646403196,248.9876181035524
103,596.3067991376521,997.2846791358232,256.23215252414514
103,538.687045696328,1162.7311921302885,264.9205728582976
103,551.0147159518935,1155.4123258229201,240.10160616937162
103,687.0889152497672,1049.964222216655,229.40515872608825
103,482.53174897999304,1026.4451685236318,250.2778883046197
103,506.54721763007933,1075.8078420617194,227.956812040167
103,253.0359790140088,775.2429339032493,229.97908230575325
103,338.9959049578255,1091.5729718665102,219.78744134552716
103,161.0809538757205,1008.073084695936,241.68689314026636
103,225.37395545414174,1044.72510034662,175.13214468959512
103,363.91963847187026,1130.4942564313233,215.53064642228844
103,187.90452275437204,1085.544908334291,255.431278901476
103,58.453871315336215,1111.3136149019933,226.75883881505825
103,127.06069222759643,1135.69598684198,244.76172670789327
103,127.1607024613406,1131.2879142675852,218.18996591990197
103,99.84819372498063,1135.69598684198,229.06126559025546
103,67.34735813853385,1017.4353970649419,194.82060063212384
103,106.05598156390565,993.1356539634581,208.00917402671365
103,109.16095560303424,973.082843896566,210.7521270344796
103,156.98592222710508,866.1019435261798,173.3386140292048
103,58.095053055795546,862.3283508506871,223.86734659883746
103,107.36617311247349,929.5865675587487,214.29427510814577
103,471.01703641080235,989.6633478756488,221.6872893742506
103,183.11612761784093,701.521258803772,255.43512946693363
103,163.16400521820324,1066.2426830324948,234.74549981464565
103,84.50108365359179,937.9854062588469,226.17028232338185
103,0.0,974.4379079949812,227.65129401019863
103,176.4976327341092,975.0005662167629,231.89550571743126
103,71.46457826138911,998.3315297891178,252.5799061214472
103,0.0,938.0657531218154,251.75733803083926
103,147.6301050354659,843.8769318911974,226.38363761247166
103,217.96602431118956,796.5069977314803,168.59867408799187
103,149.39766926701404,1039.0209925228287,193.60353856032128
103,88.00815678922478,939.3598040683829,270.50894569372736
103,0.0,965.4197462658634,272.9045724606595
103,159.48614378301184,769.180556305315,227.12397883247752
103,206.14925371778898,849.4074372158965,251.3640081066274
103,252.0835659586024,679.7410896702528,259.96873582705825
103,213.00021981467572,952.6083755365013,205.3206149745646
103,431.40061227231524,785.2695742220409,189.51400481969165
103,253.943542769073,764.6861812427823,217.04980004386556
103,269.9526058795167,925.525828383474,223.28522429334043
103,151.3086573165704,770.0525491524692,232.44149127065862
103,166.47386057029055,891.4908262720363,191.57537051371173
103,113.11072890757552,789.8117142215684,164.91558813045134
103,1565.8191781435269,842.9077220859593,199.22104211337785
103,2413.648321835876,781.111494122823,235.6757392398373
103,2235.503793147797,1246.1808929340218,218.0230001056526
103,2477.3350529483164,948.5953198305564,208.84379760709584
103,2444.5803985914977,952.5115286365345,190.13381494303235
103,2311.4254807460743,956.3395221957275,236.44482699947912
103,2264.87143114565,1224.657380634339,223.37093785850766
103,2361.338266689312,1224.5459484035036,225.53353568486256
103,2289.684200004956,1201.4564626328884,219.47712168636633
103,2318.2896785292064,956.3395221957275,240.4061091201889
103,2550.1534963988283,1519.1537918398121,192.1306651863627
103,2400.2922933523623,1288.7331217648375,204.0062819524947
103,2577.5359287994115,1291.5577894423996,212.77646072691942
103,2356.718010618457,1293.4241319876028,170.36762841587637
103,2544.498279425974,952.5115286365345,179.06766110518691
103,2297.8410533146334,1111.3582348701925,196.2856145748907
103,2288.2585972042243,1276.4405653118865,178.3142765386405
103,2467.1702425661188,952.5115286365345,208.24757140836948
103,2446.064067880627,1224.5459484035036,177.21502804854384
103,2235.5401791661843,1224.5459484035036,194.90925597069906
103,2168.4550229558545,1334.0288119890856,276.64423988345004
103,2290.323893977713,1293.0251265417191,228.58821866463086
103,2101.883500443121,1148.3187656283048,247.62816890237502
103,2149.9394268160004,1268.9642855614998,239.29525320231846
103,2077.193084681296,1153.8603457894997,249.58464532703755
103,1807.0505195815633,1135.0398056366826,225.72553449727167
103,2091.5130650864935,952.5115286365345,238.8281946344627
103,2417.1677485187074,948.5953198305564,251.95801215502394
103,2157.5235211415284,1153.8603457894997,235.128519646624
103,2095.078852846065,1259.6766570046993,230.23347138757282
103,2052.773859091075,1149.9677469870799,239.45566706272285
103,2266.3602754894077,1265.7705370505105,207.04780593108597
103,1781.866341003545,1237.4750893693072,235.33586330054186
103,1666.866288850273,1163.9862627969878,203.1785218145223
103,1635.4728079416718,1048.1005763970934,229.40003351153342
103,1698.4025439466504,1019.2467578162288,257.98075146976674
103,1666.8635069587112,871.7547935004087,224.97164844069488
103,1583.7614897071394,960.4137190781179,217.98590790656954
103,1900.1003593661237,484.9306031091428,244.81852124311564
103,2011.991101837312,1042.5869415065113,244.855291939388
103,1787.2414894752383,672.3004163647046,222.47243629806758
103,1851.770574866572,520.7183980214908,201.2023681322152
103,1983.5639467883268,500.22222642318434,170.97488692323645
103,1658.055593597201,722.889038444741,192.47132393133256
103,1679.7345859553213,908.2632566843121,198.15881031857407
103,1802.2834606317772,728.8180585702138,227.1514678439267
103,1395.2001711740934,779.5061802192012,184.58559634718785
103,1412.5950089523853,842.7307659260717,187.14284314345633
103,1821.8778840833104,549.9527340549486,205.32587839857246
103,2043.2925307620178,959.1900128396102,256.90845281631425
103,1568.5499071302972,1039.9127716975959,242.42713692593765
103,1746.0989541668137,1143.1903169504758,242.14632006987944
103,1657.3215276968472,1079.9710030471483,233.13683718394685
103,1637.5987886931819,940.8401430440589,200.03096765789962
103,1787.0791049608242,1076.1636940190524,222.25310532046905
103,1537.6692860683308,876.4646233150889,234.2317518765057
103,1450.6675167067544,848.8501557028868,241.95517288935127
103,1487.6462255238457,1023.5011526661536,219.4362261599734
103,1534.8047902228188,1129.4486556706206,203.45929317993267
103,655.6376626032678,1114.3326560002797,228.05924869733514
103,1468.7313659000467,1006.235183877389,228.67985700601838
103,1050.4680714291467,1191.2433253585664,215.48027755794658
103,962.7438791906251,1013.0663790383952,213.68432091650044
103,974.2429874323283,1013.0663790383952,253.3891396625878
103,1052.2460277922726,1036.2867656001986,230.2808929184868
103,1205.3160788901948,1117.9382755005936,231.34085362522302
103,577.7271236064652,1008.745225830946,190.6971472733955
103,937.8746606889439,973.0244177327362,149.44397887198505
103,435.43960598368653,1161.949477077735,201.05788050561102
103,848.4090766243952,818.3403888518866,236.86888860161372
103,1111.2093158485784,918.6535726633739,221.96728072809663
103,360.5123060415101,644.470981199794,234.68862248343015
103,1064.6005595028519,990.4275872989093,208.95371802858904
103,372.90297001195484,919.8676238848485,209.67214924940424
103,1030.8718131411056,665.112401191399,218.9577626288496
103,725.8450537076136,932.04753846561,208.8276386332401
103,570.1525819225959,763.0929029261987,192.15192141939167
103,974.816480662562,883.020017862079,230.81779513211325
103,1240.0956605166718,787.922714536788,259.859811019683
103,682.2295014477855,868.5518011027474,240.4301626873435
103,995.7963472789946,900.9285849017891,264.5209694205184
103,888.2036312742435,651.6519713879206,279.5886170692202
103,656.7724221941003,739.2773205723091,212.29841566939018
103,1060.2255403150373,702.2546024958459,250.7582049105124
103,1094.7690655263225,716.0722936560329,227.27820544091435
103,870.061365603728,1022.8085112044395,217.83401985546504
103,565.8315149308693,752.8845299075277,190.43945698052534
103,988.5661385936595,1000.9386920709397,184.9880436409337
103,733.7641488239815,827.202579625293,197.90759396315474
103,1229.6907421635665,936.6336445126486,242.39057806605285
103,1061.991310795346,1012.6081319940596,226.6595342414808
103,1116.9700606116394,1208.914302270944,217.03865440189253
103,994.7011763514182,1120.9272727662255,228.39076961209753
103,545.5319209438597,940.7687358477386,191.42631900204833
103,865.3019432875898,1063.160404237406,184.58126389063682
103,693.4257498684437,905.9711882576856,236.07946480677742
103,1187.6882948911823,1102.8668547401103,202.5312736185457
103,1019.1193915483306,789.6839672232765,253.85119347932005
103,976.894423716382,1093.9443201010245,254.25730730252013
103,762.0815093310516,1111.0481780304244,223.99294896679686
103,1082.7055429401012,946.414312864871,226.9020824600894
103,977.9192542753157,1044.1094317672232,213.651969805941
103,709.9994086234004,1029.593197237783,205.67725499845966
103,1098.2728670657054,709.7245806644745,206.66019886635053
103,968.1183610978638,847.2843692327696,214.148344315183
103,925.7285764422453,1139.4531191490955,223.33854547325518
103,759.3607185115588,943.5574169886041,204.35442943011935
103,653.7049299450633,1117.8932462388943,208.41110228104634
103,571.4870214835589,1117.8932462388943,210.96663733344644
103,798.7943810147998,742.0366498236871,227.19555772261606
103,958.4435647094984,1076.65900832233,227.8544543422155
103,577.6909513644397,908.3305656408965,168.4071135890108
103,486.74481129057733,947.2922160479724,215.52774158477928
103,434.26198760732166,923.05208352223,249.580703155089
103,845.3633964593595,1160.3518684392043,214.91653956586845
103,587.3548565440915,814.5039501982466,243.07550726577307
103,568.8655646567404,795.1546349644424,200.12441068404445
103,435.2675847599213,775.7788904035796,232.8886261685522
103,669.9314478654244,835.3832437548136,236.40316688225545
103,466.6971101345065,1018.749754947717,247.5249452841432
103,729.9225115153306,711.0520722003147,233.15428573752087
103,335.38250794035525,886.1139732706043,211.37694795006416
103,665.8076158356018,530.212046024399,252.95916333597336
103,276.59001328100624,799.7626148006924,233.8446136778211
103,507.23383326422345,732.4373659925269,245.824166082253
103,293.6615326774112,608.0046143532574,213.3887560973963
103,126.27462665788923,753.1263863440525,201.79430075221654
103,170.5371670038941,951.1912276347379,193.78375265426905
103,249.08814323256112,733.1023147944819,225.26807227209753
103,311.5502162322754,706.6564134199997,198.23268210267963
103,486.006444200787,577.4480563624232,223.0580172343699
103,394.0237095277723,1078.452022792566,190.88424049982046
103,237.76439471440787,631.3140240040565,212.466060589461
103,299.7169593303918,633.9174763203082,256.293127703584
103,350.9751538617811,865.0254332309979,243.95044404860386
103,285.04211434308877,563.7736656371366,227.87672679520233
103,237.0957526108085,531.459416020007,241.27648082170623
103,175.74938951299188,673.925832691716,247.64785607848967
103,110.23918240222608,636.6567947586099,251.0545729071527
103,472.34003881514593,666.1681130467126,170.94099929615697
103,47.15138099166538,639.2923196844253,200.26521694907
103,35.59801500029246,624.399690858492,206.35687101406785
103,111.99358753904974,918.187922321887,227.09067042594984
103,146.9675771817147,591.4373513943787,191.58451980913685
103,224.9714815147254,561.2306363354285,211.5102377115944
103,151.3841178877362,743.6936029558223,222.84378057500203
103,84.01162872095156,804.8158541189099,214.89093036594392
103,1547.5104997835258,1116.889454531402,183.5529864814102
103,2062.938411787248,1103.1423695664535,173.3297925074932
103,2119.7198211900936,1144.7341984092936,217.69161276853868
103,1829.0017646573108,1065.220046597391,219.85769406767946
103,1674.1417265504335,421.9026298205413,259.02668810149964
103,1934.0761416808461,1075.484742437142,258.1932897062498
103,2074.8291388158113,1166.2940713194948,234.48834216069667
103,1830.4508533887613,1171.4107220775522,232.148711560401
103,2310.3594887047825,1228.4512636718719,214.96685692993282
103,2179.8496249593113,1152.2824159469887,198.6613475461396
103,2072.7597931419477,1190.5855884566722,198.50402165523707
103,1754.963401536984,1280.9253856957794,172.34608988647778
103,2194.161799128255,1302.6013295196522,178.7016147705409
103,1963.1794167376472,1267.5848878545457,205.55478762182298
103,1927.8268518507014,1266.1648713687332,237.53615388606198
103,1932.0560390378657,1397.8472173157807,222.82192584271627
103,1843.8943664056444,1337.0981483885375,228.39725751289052
103,1612.4151814045115,1379.5567705888475,163.39032685219274
103,1781.5826575550575,1343.0899386074634,181.8032007556136
103,1912.5216251996164,1338.2321975802743,215.92202683436102
103,1659.0968170943365,1334.490504635056,229.99122370583746
103,1895.2523263300552,1202.8266031058538,247.06798903752855
103,1536.550701903193,1414.7213336053046,213.89424459513828
103,1716.5242474732454,1345.2197144404222,231.87817584452853
103,1749.4857781201915,1324.844810670474,232.23823521865268
103,1976.8293839561727,1009.1125034063115,219.609698914528
103,1663.870913050203,1261.5885651342483,205.6572927750869
103,1538.1669775500168,1282.4724504760757,204.3596544235299
103,1825.6784281177922,1345.4039671702021,219.25131055372213
103,1772.7126834340347,1337.0981483885375,215.37667323669064
103,1688.1789440899431,1159.8381141878158,221.72860730482284
103,1777.9990890517072,1261.5885651342483,200.05963659373026
103,1831.634098396685,1313.536074881737,234.8614884221389
103,1499.691901197577,1139.017098395169,219.47627615325126
103,1528.1414704302836,1237.6604147927505,234.28200587137422
103,1579.2678993331988,1078.00626016655,237.4221617285819
103,1413.279029549009,1282.4724504760757,264.9986878673744
103,1203.5136102255756,1182.5883792262216,232.704494315447
103,1291.716009114403,1136.3220140516373,215.7994793150582
103,1516.3176984343195,1337.0981483885375,239.825870647874
103,1184.5012922297994,1176.9284616939563,261.67418808244213
103,1318.1241244741345,1194.6623227977539,253.52351637180942
103,1284.8102615896746,1266.4463378791947,273.96441972719583
103,1419.0455946623224,1126.9264525971807,287.5598827118794
103,1562.2333222206973,1264.0264522037905,256.4961339809955
103,1333.1280713274389,923.4791412846304,250.82024870744993
103,1337.3302673823846,1136.4494954715256,249.22461144093882
103,1192.330374797852,1178.0591039907208,283.4182092791072
103,1545.1069142708818,1214.7426243108812,283.1643715576681
103,1339.772743088225,1177.4176215958896,236.4856681623803
103,1228.6671943141753,1229.666487694978,214.71824010171696
103,1262.781308760504,1190.3914869290584,219.4567071057446
103,1341.0357688925615,1248.7656787436686,237.93918162921813
103,1331.3681707823073,1227.2058058334674,241.3410880047736
103,602.0257997395216,996.6945468504713,205.29711523152702
103,508.76167829093356,1165.113358395627,221.81288654298623
103,1227.026123970415,1076.7200998171538,224.4738231336002
103,535.1797969705701,998.7004746093072,241.08789692676885
103,557.7210584503465,1209.5721284583883,219.29494801571883
103,593.7574339803824,1133.1711314954568,250.1845994631172
103,965.9905892081023,1230.470877748497,235.072670945957
103,490.9918636553839,1133.8446259563343,257.4404509506156
103,927.9348618808023,1133.8446259563343,200.7828522931606
103,616.4330494827364,1188.012255548187,206.82076306348728
103,633.9518353024052,1252.7525575332334,174.49819541007668
103,631.553481143976,1088.7740358669498,141.0599953908997
103,507.47325499769465,892.2574306617181,230.5372620058767
103,343.34484473449766,952.7462711798547,232.69749519716663
103,245.72055472858037,1015.1140359758593,244.52245337539404
103,493.23880949613294,1190.6332442263351,256.27339288285634
103,394.38083087001644,1065.5397222993674,233.09173345162952
103,515.5101213428258,973.5253981023403,230.69489337205556
103,331.2763376617181,1033.5758650216667,241.7977183096453
103,645.7298671664197,1030.923153291143,255.1028590043353
103,864.9079166662906,985.7203803529784,272.89354217758347
103,880.5345439156687,1044.5583523822916,250.6727411816202
103,756.0252687071785,994.1477366933535,238.83957442149722
103,447.393055806288,1010.6032614044403,230.01531831990457
103,650.1433635621869,973.346369614787,239.17092957581536
103,446.98395027329093,1083.7223777841377,257.4406829011282
103,452.60372072838175,880.9055829113919,211.42432443524905
103,556.6487108887599,1157.6958384835489,175.42704227197027
103,394.29454445019076,1227.3957794722542,227.79262740846985
103,371.30898840476743,1193.4762475057287,213.1428872912781
103,458.4838432373102,1117.2989094369036,188.43098118589597
103,341.96076971977857,1130.9341085280525,179.26942272370223
103,231.17348829346687,1025.729632938087,221.44648270475085
103,85.3319938185401,1170.9969323856772,210.20701946633858
103,165.01405894951384,1078.9331521234112,233.75128107069588
103,343.6357088842906,1133.8446259563343,236.00711827299125
103,189.1201799369617,1044.8521772985755,207.45792017532477
103,218.46081652398144,917.2596658686722,241.06411856647458
103,298.35814032515464,907.8697681223156,191.827422146814
103,280.8300075645644,979.459018505365,178.87639658718035
103,350.15470875940446,977.6847028715832,229.8751438258265
103,378.06509412227933,977.6847028715832,265.91046919737215
103,223.3088688169386,950.5693497619694,247.81653018694936
103,234.92984294756346,911.2943489960497,242.00978856741068
103,291.19884377160577,947.6690432339777,259.5707264501585
103,611.25391845989,932.5436334166014,206.56148455074862
103,270.4483890605828,934.8513242525104,196.616916955948
103,816.7756328233678,1136.634816925478,208.15912111684537
103,60.4242136430598,1070.6768495300935,220.78325722265964
103,167.72486187853733,932.7066434993181,218.20184499966348
103,61.64128262662999,948.3151208614287,216.3524328818972
103,33.56180200617925,853.5445223622984,218.03105752406674
103,50.57300252658732,914.2235898137934,173.3877466082057
103,0.0,1019.0125017516467,198.7108246045799
103,112.26582334473025,1024.2737548733326,263.97940913071795
103,101.99526059491043,945.7694509254358,200.79583084420312
103,0.0,1012.9306281665266,195.091266830498
103,25.34041577261857,1005.6576920815731,168.4522686072729
103,8.084080613940301,965.7226420236065,219.50043075624745
103,0.0,907.8613268075984,171.13423926503054
103,96.73995900921099,921.1454036410299,156.51929176685923
103,87.60586229920753,822.8552425198385,207.89278981863725
103,0.0,894.9274731416398,216.15591093843466
103,0.0,864.0334193496768,227.0637753288368
103,0.0,902.0125894201091,202.55138085928456
103,0.0,743.6123503953087,216.9175376357362
103,0.0,737.1661378928483,268.66089855752017
103,0.0,775.8845342586231,255.3969616060337
103,1786.3384514156594,663.8684352161306,228.2032628427449
103,1665.7655910752576,793.0524388494829,242.61493626031012
103,1923.1562334927714,1002.3773872035523,249.54828915392483
103,1814.0528977584756,883.684073236498,225.40093272776005
103,1325.4234782236547,853.8368087537268,251.53636084189543
103,1175.8188359713895,769.0989645293247,210.73292364388283
103,1604.5417237436636,972.6970969679431,184.680831005222
103,1376.617332450716,562.760474770983,214.98532468038644
103,1540.817908564045,614.448881619167,264.67450440192897
103,1191.0622720159472,1046.9993286707877,255.6552864360412
103,1108.1913538338672,1015.4950268584201,230.02634221872472
103,1288.5740887934994,658.3560666693687,222.22229465560605
103,1594.0294925737087,816.4362944989224,233.5293722619769
103,1819.7967731254282,680.6906934862928,272.95255863494117
103,1241.4573201267242,836.8641184166262,218.08764044634523
103,1674.9201367912049,822.5484796890888,173.81455654728114
103,822.0425066814456,792.013767655587,171.08078184396703
103,1481.0483715823761,1047.6034382049952,189.41951625447723
103,598.262441169786,830.5286782079842,233.31104490583505
103,1505.8481642030026,771.963395474865,185.41983906695617
103,958.304947167083,749.3567697071593,263.5678694086403
103,1138.523606415228,1121.3180022760343,233.70486098433867
103,1120.1022511936349,633.4708665351384,233.23206026340682
103,1384.1096376170249,992.2950119319709,215.48779424007904
103,857.0227459807921,691.7237866715876,229.86729474695875
103,543.6172052848422,766.0060352807656,233.02802008585172
103,958.3955585880655,628.0378351950632,276.3931261340163
103,839.2538601997165,741.7363156501748,280.16166573084286
103,688.5238462145509,1060.0648176065101,224.13853753640166
103,784.8384688638251,1041.3087348212175,241.6902866364071
103,957.1818866217487,920.4451845644832,189.51712408801774
103,1283.8512568407953,1036.567420521004,202.612202623318
103,829.0761480984266,765.6486694642848,230.76445890282008
103,1276.928623324427,1041.2555884425583,229.27639012963112
103,505.55060252353917,975.6108559208793,214.1889206731289
103,1252.4323914844754,970.3722039542375,227.79747180212007
103,609.0400638219235,811.3923821914583,192.84348658456906
103,1205.8691671800761,875.2451844278959,156.1094393579666
103,893.1268760873464,832.3575912802299,193.84734969805987
103,256.62692721299766,1039.1912065799402,279.3544382307249
103,505.9509064251822,753.4604842326459,227.01896655846167
103,650.8969704768791,714.793779638108,213.75795139285958
103,967.945527424837,776.7935565028557,217.49858000804664
103,649.2369918409938,733.718216418836,240.66925918531257
103,731.9700899838049,663.2898242633644,242.39788707516988
103,575.68919376311,1008.9699973727085,236.8241045652996
103,647.6071285495225,748.786534406015,260.61320162080233
103,860.2440701267,701.4144305339079,254.06338309040405
103,1111.0511515907938,722.2284520181075,229.74133545935132
103,495.9953166564518,851.5802569315307,193.92325206085985
103,589.1466980825231,926.0032299434246,241.5256252476696
103,285.6754998194724,1039.6841404498268,183.6673333600362
103,433.7042794191508,998.0826243968705,236.31432554122625
103,846.0875568311325,887.4889948115621,196.57314125362723
103,457.81215147431067,976.0705282093683,225.28740043017626
103,1064.1617371748098,1223.3206155774615,237.1217201976886
103,1021.6067131746871,1046.0157857294776,245.8642909801585
103,996.371139009016,1113.3582391049808,252.3194768036979
103,727.5988296569399,1159.4001248705363,236.4689815132777
103,916.867841513884,1243.7457157258405,260.33559185179007
103,627.5935105643335,1216.9775489343156,259.6820141620441
103,700.4676899858584,1283.1484380444494,205.53891994955205
103,1054.3279740088099,1249.030695634946,223.03943082510858
103,746.2820210102111,1137.2975445570387,242.57370035631982
103,885.4094936712794,1160.8997363417143,245.953439397159
103,672.5603400371633,1302.5605680637404,261.0826470614161
103,727.8320967576801,1113.986597858659,264.496620602888
103,938.4767478429293,888.9188231437998,273.54552227557605
103,840.7322590863204,658.0256273671364,260.9310213370775
103,927.9661663796272,859.9112452703504,296.8639340578576
103,539.929250095346,940.1828615549431,298.7913078326119
103,830.3121254831468,1004.2596899416648,268.26243734831064
103,254.81523366167855,1084.3672169506267,271.0630915538342
103,518.1195652860188,893.312212831653,210.1675966435165
103,633.132960332482,911.0735459383421,244.379229150765
103,471.6220029664171,744.3107164247077,242.96470541905336
103,349.17288885113567,991.5228090180832,257.40031181931795
103,775.6696339302742,891.6555457140315,181.4552806777046
103,430.3786232753903,647.2276243174016,226.43456885744632
103,398.324873898991,880.4215973216454,243.78772064757447
103,396.4189071159532,946.1700013501537,194.70201048146293
103,348.56732774851605,859.5946870653223,265.25863725102244
103,298.1744645919367,916.218185920265,249.66710748342513
103,244.41783109116162,793.5893558924917,253.33370786524256
103,321.0054444936708,877.4836457706871,230.73774674529227
103,411.8275575963014,882.3759608405488,253.46209258933698
103,90.35474327032884,923.9474808987712,269.61343493858357
103,194.4836504013393,954.5462477456359,215.4148554053541
103,85.61892024332448,530.9256885513562,282.6982461607773
103,65.43249422140511,522.6635537655335,271.5136764596402
103,150.11211830246734,904.1648137015135,262.46413614237196
103,39.07339521538947,745.959338547331,205.81510654366014
103,0.0,699.3478081730415,246.43820528921975
103,73.43920974499983,983.7849116952206,164.1396204045326
103,307.6025098566339,629.1707965177137,206.68390913075217
103,40.90892875640046,627.3671080837868,233.7500827752021
103,425.2507796045188,910.8491565987157,228.90308818540552
103,295.5785641364123,766.2195660993688,233.52452214749974
103,172.53366042242922,725.444014194844,203.805327485014
103,235.4184188506791,769.6342287397396,227.72361998650229
103,263.0797264266871,689.2902914101052,257.03867616912925
103,185.14441044266673,694.2499576396816,248.4891094447268
103,74.65750457273955,722.9053365824515,223.91333119487064
103,182.6010993054388,503.93266469899936,281.85479473920304
103,79.25694816491594,784.8419980495381,223.23061962422378
103,130.35987857652336,939.0183029345061,258.2399645409554
103,31.44809961734981,786.4140016754212,252.56761507102482
103,108.88019835167987,824.704791902455,220.36515225140863
103,55.55301309309064,878.3664718972076,193.26771490718693
103,1158.8416643729727,1014.3972971807856,198.8201516869073
103,1610.11749606943,1078.7061067401096,236.70123353353296
103,1516.6173849738047,971.7669641719452,249.56358545355124
103,1013.2132123030843,1056.373569529199,215.50533095325483
103,1508.097001258001,749.3229464864206,246.72682350730145
103,1755.7601267084547,812.6796591671454,245.55790510169993
103,1427.5915262675528,873.7416900022218,249.0043336456696
103,1585.9934822357864,984.4948683958718,240.89548472239255
103,1419.604535871179,973.7198857542468,222.21881397639265
103,1480.0806001476703,995.279758664448,243.27044543154125
103,1456.6857310003068,965.0510558587067,241.7825083490563
103,1172.7214527970145,995.279758664448,244.00455312438254
103,1739.6551360536782,1009.827569588297,249.22562778588315
103,1510.9029931632822,1080.4712243705926,229.67525172871325
103,1383.6918069383034,962.6398047101749,196.8022582161168
103,1472.9214135426719,1096.6217904034884,230.63286976746758
103,814.2425928465904,665.7315785764957,214.54707343571783
103,1423.0972156068449,1015.7927538507093,231.80478293157
103,1318.8433167854,996.1539526967075,229.02479288638654
103,823.8122329748784,1089.5910184653035,182.6512568445362
103,1213.2672304708883,895.5557775279214,234.3664935470416
103,1340.7034120069081,829.125017795299,251.63082385561404
103,870.4866152497656,854.9471064847934,226.7291386393062
103,1196.060127136122,806.3488321385374,229.07119780630967
103,1049.2480978581225,908.5316458367962,226.7473962334132
103,1208.6023019285258,914.9909252168292,235.02727955952042
103,699.6123485479826,781.323599410703,199.29157797133638
103,1153.3560289214208,966.3486159159405,210.03321798075473
103,859.1467550484532,1051.0527818583041,230.58056132883064
103,1014.9776134104942,974.7882618511252,186.9681339364771
103,818.1332786100924,1036.1125028964384,217.3013455721096
103,1213.4170379703144,1168.4124032793557,192.92126913712985
103,1040.8646830642815,910.2913552606734,230.35690050173605
103,1047.6646057582016,535.8601645481435,244.4735540570723
103,763.3972094852662,1030.424939124935,234.3802835568211
103,700.4716450011789,1103.3192016614107,223.7779224265604
103,674.7800731803267,805.1483019274277,219.18333688247242
103,922.4085999851414,802.4029208678752,194.10041062293203
103,847.1906603176554,851.9071371846018,238.2406666310926
103,542.0881541785604,779.597261800808,242.19512893643287
103,738.6902424411658,657.0039924886089,223.57589496893405
103,795.9918805691635,849.4406240033808,183.8293298708025
103,804.1764452031233,840.099381318381,210.08955476735974
103,504.77456102849635,808.2990974189182,239.38669496270478
103,455.1596898663579,884.8518815645219,269.4707380517933
103,358.6595623553286,797.1792595008541,279.6308916335705
103,686.4753479303463,705.1916846086293,245.68669748103474
103,847.7782897809967,525.4098661385625,282.22470225028496
103,530.8668413375902,919.9450913381723,233.20807184356778
103,718.1291397605336,575.7476080957166,194.0728241256615
103,756.5188146143942,725.4675328778802,170.6602763842949
103,362.6872697178876,923.5767710446461,201.51072359531236
103,292.83195905410366,670.0068220547247,213.8122576333226
103,527.3227017899549,684.8739689225125,215.6339167427791
103,407.1494384666785,596.3656329679801,233.17018384233518
103,367.82453478526986,850.8701797883754,203.46765387830936
103,468.5149502158522,606.8359374522652,263.08509010868755
103,267.56674553032656,719.9042672025495,226.5320028328424
103,232.80652066742803,608.3008315189637,228.2111396702357
103,246.46351020810792,578.7154814151693,225.57164232752496
103,134.63779343646925,610.9636266359882,224.92159989669307
103,0.0,766.3375028463594,286.12926423682245
103,69.61652094767751,767.4772663907194,304.076029325387
103,90.24438662886612,691.7431637759977,250.6407494292991
103,72.12585872723523,693.5488261855072,233.0325659420177
103,342.1367228388078,787.8927228902504,274.4571369839362
103,172.7878596739686,692.3909503205335,222.1609817178965
103,286.15180319636386,658.6710760649868,227.4247350856087
103,74.38313946736591,678.6992092413542,208.72866916763934
103,137.89849644710827,698.893881087151,210.07415942434204
103,123.25087234341854,673.7579366367576,209.55700762382548
103,1.5141813264725386,873.6121143013658,215.50730822266723
103,23.278049056913375,712.5520114504506,194.4611276227625
103,44.574107861980764,810.350889220637,196.37310783638998
103,26.726081392066334,656.1118911891821,242.94981444265784
103,20.464562526589106,635.2385180266914,270.382628745944
103,0.0,651.1602206987018,184.4398866441377
103,0.0,604.2864447155245,232.97668937374988
103,171.34300279523725,610.7048594014497,220.86565322208583
103,0.0,631.15993731327,278.50028504480116
103,0.0,675.2228235855338,212.6413955208376
103,80.95908829251928,618.862901352397,221.93182809714187
103,27.04390200782038,616.9943147771114,255.03458500269517
103,124.10762197143092,513.1538743326779,246.09818146566772
103,41.257814669169846,528.8063855419703,218.45412236549964
103,0.0,528.8063855419703,222.04628557399792
103,0.0,621.9903929153098,211.3586893086229
103,35.861163809581484,600.7713660396827,213.651331732786
103,0.0,616.032075791108,232.7507985917191
103,0.0,633.2243711302655,239.52182051399353
103,0.0,589.4995825270232,227.18811162505625
103,0.0,507.5895700835441,205.23955062481895
103,573.9003632244667,512.241523653711,221.26186306122707
103,1031.1107591663101,360.7478345380025,240.59882090873276
103,1237.6151010974052,515.1285140762941,262.88479385374643
103,866.781596437159,347.83175530600306,266.26292941578015
103,1074.5463033766844,462.1867169003274,223.02731397926328
103,1349.263095395374,478.4709450367126,215.1688692752711
103,965.3128270735789,476.24032770981,226.78819996762195
103,1002.1085873491226,467.3824642553167,225.21218916055784
103,1105.8329688252356,631.3004482376348,246.16349465128832
103,609.3759781700377,538.1694400395171,229.5083242539108
103,536.0955627142373,395.3314143629169,202.88625142286435
103,843.8282146475821,364.51551309236004,251.24655650863536
103,1007.4196455723749,337.382049384797,279.6832639870787
103,548.033697142001,376.69432928590606,284.62363088440424
103,788.2962087712912,526.9749042613252,295.7383394742679
103,744.2167062818357,407.1181039778993,256.70094918137033
103,788.6286685093411,341.28570551818495,198.85551071023195
103,691.6193022358096,330.5023509580541,227.72709194612895
103,555.880613816827,270.10678286407335,248.65192833638446
103,499.70029516953673,362.602353485291,255.20896579875415
103,431.3953200156478,326.6340556886347,223.15556213697147
103,406.4151769339886,307.5424758345831,188.76595422606243
103,137.41044982129384,437.0095566917538,215.49640092329724
103,398.938925673437,345.3547323927586,231.97642021384996
103,341.41345295868393,484.12342652784776,230.45471646653
103,231.99250684068548,335.3069048470128,244.74333702634436
103,265.4550704177269,292.09163551366635,246.62326500100875
103,87.9343205334363,336.34645469304303,156.6013837098455
103,193.7731740623511,401.98448449258115,183.41553119603213
103,208.38909796880833,430.0909384832995,126.28527442680438
103,170.92168382653043,303.2382015824229,146.35705553872594
103,0.0,486.758079337032,135.4209524532194
103,109.40338366755273,333.25235092825176,126.47613316181231
103,246.2662338457316,300.3657872352013,144.25418792993753
103,37.85781502261469,367.62115446414225,119.20951274091165
103,78.86505615702654,353.76976885629836,112.6548628412228
103,0.0,336.02632411784623,111.95122520104759
104,2050.4911189327872,4710.393553787658,243.4273163432656
104,2019.9765146192647,4710.868229503245,254.582118902856
104,1990.601752693187,4207.609100022736,245.24484962740354
104,1974.254827920821,4255.763397595737,239.76885474407925
104,1527.4209318710414,4094.6656970002527,269.3886905476571
104,1527.386573332838,4222.788342262598,230.06536739970545
104,1491.2333158522933,4232.491463305672,224.87395040803767
104,1598.4119049975345,4406.640216199159,230.2707923948633
104,1551.8470465687417,4290.71635314296,206.4864376304431
104,1733.3198109816103,4499.557874656497,212.79027695476913
104,1631.7107752556237,4436.541608470118,244.59519204927477
104,1713.7550800408326,4521.799404426946,285.7760851777645
104,2052.4643967279617,3943.967637873037,250.0485819693348
104,1952.9244602064775,4314.32637839788,231.8614625520184
104,1900.294154371754,4625.518996836861,234.9561300642378
104,1918.6048108226476,4586.778950525851,230.86376927339262
104,1932.3017558908325,4783.820055146086,314.79902047902897
104,1724.8190074031954,4391.311924913675,290.78468223814133
104,1597.5911939841592,4502.332198182713,273.32913083801157
104,1799.8690990934263,4732.747683720203,286.4907486727553
104,1595.245252142115,4505.875199329943,282.70930324879464
104,1237.7143921047382,4410.320181063207,258.8100930958938
104,1249.9965368322253,4107.060867980187,294.05189966025955
104,1325.5503446676623,4194.960493063553,243.14953911073673
104,1425.4147853480401,4187.148605404405,227.77525880194622
104,1231.7157856437084,4458.186453565009,310.9107841923424
104,1160.4959135290885,4447.252383877585,258.4193533523098
104,1297.6548414748816,4485.669799350865,244.71992805362913
104,1513.8051434275462,4576.002460334184,270.54710358703574
104,1235.9588701649225,4199.113784788837,266.92604263388847
104,1494.5490629969154,4392.550934687871,223.98558677089295
104,897.7780813613452,3999.721435307449,209.3307985643309
104,950.2320131801731,4310.595577483595,245.93111140540356
104,1029.029767579561,4265.095113761618,202.25752544465416
104,931.0315337058834,4221.336523627816,212.19701386281645
104,1065.3751455928514,4291.434312320318,260.9624310174783
104,757.6564840035738,4562.427541508092,208.2029034896924
104,1030.918823428297,4533.311703413496,228.56329651159172
104,1170.633715160727,2920.8743832087957,237.7462053149642
104,794.8617276591698,4308.011430850927,214.8204849267741
104,765.7892774065263,4180.072983739276,245.09348990300822
104,1412.4505062607288,4071.1108700322234,234.16993075288138
104,773.4050591133321,4159.871859680067,252.85813525223222
104,772.6432143333291,4111.523609266035,257.2006442304929
104,507.9215613913284,4031.02755230867,269.3169665201658
104,878.2378190572682,4391.494232809865,254.40954769534716
104,686.2632754232304,4139.874085982725,241.98973663746943
104,578.1211734886251,4163.310228365952,222.12784430286075
104,749.7865946780133,4119.689944738738,257.39747717465144
104,645.6819971923993,4073.546103167438,245.70920071772412
104,863.7999026034614,4264.814801279523,254.4079936458512
104,820.4126161029418,4157.395048036204,267.3481799335651
104,1485.7184305810945,3257.9301613866032,254.71972831514302
104,541.2481363317038,3775.745038064962,258.96326578548985
104,529.5853130006514,4059.565834666087,244.33715446864875
104,491.5877734852497,3575.657524194245,261.3936929746369
104,785.7710081727595,3349.546365958353,256.04211272924874
104,590.4220687637155,3140.849392405462,254.82104753453297
104,1309.9866019767478,2832.423189075487,229.64450873138367
104,1309.9549536512507,2793.5918102131313,222.63205369170026
104,337.3281275354756,3059.4412828163577,285.28331067483447
104,293.4267092157959,3033.849543834362,272.6384003434576
104,320.95357243182775,3091.194442975192,297.7616200556426
104,293.67001852339456,2975.6496658634596,296.4045933312854
104,1360.2791637690248,2794.7481961778403,272.68911205356034
104,210.20844980575637,3030.718521824764,225.49316309928815
104,230.38475319233297,3017.526476118154,280.62256856532997
104,267.33815916296555,3220.5481029978964,265.1901681283288
104,157.58826008132726,3063.203020940198,265.90628690130535
104,227.3761058889613,3021.9882911206023,254.91972210824787
104,198.27929977719182,2945.430552781898,278.6423957943411
104,97.09258007090992,3035.005886755201,262.37999647705243
104,1357.029302730546,2988.145826276444,248.1078087623892
104,303.87831213400034,3164.5211588874313,225.13090124878482
104,161.35046329917927,2739.043542284841,263.1061559557386
104,207.07095182897515,2740.8360241232704,241.4702264339017
104,61.38684543464356,3054.789832973147,262.96883688565464
104,300.0790004812112,2793.667521045264,247.55218779041974
104,19.739773436248043,2840.420139428069,232.73513631838313
104,174.77458643430603,2691.022393604493,226.65170796180502
104,159.74466908131788,2632.733286836704,272.32219499009057
104,363.96700951376226,3070.107553342058,208.026973329641
104,162.58690740000552,2769.2296773620005,260.4669429611563
104,2190.742585787579,2975.489945925392,239.85172100130222
104,2259.4309715698346,3269.0796911255575,278.9891217326137
104,2340.644473654244,3551.872596606166,251.41485139314727
104,2015.7248775124874,3696.8594963762534,245.2233657078305
104,2263.4154702094347,3684.4796509628845,266.91189048436803
104,2209.121368402729,3600.117050572748,253.6941074292804
104,2292.038813096836,3559.680815225679,266.9854068804619
104,2543.5881923448424,3403.428110993022,269.8398997880384
104,2157.3746993620975,3544.3340466481814,258.8584231511696
104,2539.700987535119,3634.433705598371,253.95776666262026
104,2440.4900865392437,3885.457441051603,289.26163682628624
104,2528.3504256149067,3791.5060877074534,252.69204274264047
104,1845.8401614108468,2994.592372146283,202.2406678199623
104,1914.3561092952707,3355.716226765808,253.97066959495703
104,1704.4415888707686,3271.9771619039784,283.98786249548414
104,1942.4886966689917,3425.5047742385823,261.47129991410935
104,1979.9705877509193,3492.99552794894,255.26221901973014
104,2151.851698197503,3449.278702955249,242.0800496460783
104,1867.045293957843,2990.166586190858,246.18196866173946
104,2079.402463951128,3108.7819362422,237.16145997109862
104,1740.7015153629477,3188.469327251889,212.34726586548487
104,2253.5241806360787,3413.5804932413303,275.49661035614855
104,2121.2521195130935,3270.8096279171186,218.10517971834628
104,1919.7008740718632,2663.1299902457044,252.89104307125893
104,2096.556935590543,3040.0128208421165,266.2777167648436
104,1939.3834233212121,3255.3046566979406,265.5883220615427
104,1980.1510580010734,3379.4892426354413,280.00896144075733
104,1808.4072949052459,3748.189122842536,274.64044945272315
104,1876.5432905997338,2992.1917934943203,223.63160780987886
104,1554.6362222934777,3172.5705747940788,275.9461963200533
104,1927.709488771238,3274.605139761739,231.42890030201227
104,1886.39063303334,2995.3668349024047,271.9142916123
104,2026.1086989874063,2772.9007701465384,259.2059634356086
104,2023.654123855638,2787.8990313696017,268.7852558246704
104,1822.781712044023,2875.1642088705134,278.96817327380734
104,1811.0909682997324,2661.101963354562,300.85803387066403
104,1943.5631030627762,2724.8962042889807,330.9343111576733
104,1945.1383958562435,2191.4764569107656,321.37169855491464
104,1907.5488156412578,2492.0437126080847,270.6982931096594
104,1810.863502975513,2461.2263672548243,273.74796519183764
104,1682.960809175211,2372.1380928052326,322.8277474663192
104,1275.2373049587404,1991.219242853011,219.22012016772499
104,1143.9568382992218,2285.173665353969,287.7018271395648
104,1201.9037247498052,2074.4337811599084,256.19885943186824
104,1198.198313108941,2384.910682340874,252.96359184202447
104,1191.2052200893986,2470.6253570433805,300.57835518305455
104,1147.064203032764,2308.545263479923,319.76731907314166
104,1133.7450800972085,2535.088062850651,294.70226578218103
104,1416.9935852727297,2479.500853164918,282.4282407368015
104,1088.9747064456799,2369.624056978511,268.32977782759264
104,921.3760606776274,2289.114251855819,248.17281505432044
104,848.4676213519359,2155.13045180877,261.6627706443542
104,1106.60697398364,2474.1140703351466,303.8364133704305
104,1086.7369681800653,2365.744494980928,287.7469882151052
104,1136.5293970035568,2291.747040749395,275.7923425257581
104,948.1554285003425,2313.4567359600005,287.51508033549004
104,1123.7613834362428,2267.1153684566084,255.79135407404777
104,1061.6731373342107,2104.3253635838423,182.44509624408948
104,1268.024156367023,1897.2333834392653,193.22381257311264
104,1138.1453902361611,1226.6116040850848,221.56372319375623
104,1072.9354755363227,1192.3833882446015,245.8227165055455
104,1560.382243289773,1098.9149409544411,260.71369134528396
104,1394.7096499685485,1051.01611071881,233.51338531207182
104,678.0237558800945,1127.8777881350975,251.2167668063529
104,721.4028982027568,1236.617273367296,247.65354938321775
104,590.1910609806766,1154.7461479302028,230.33821834072143
104,602.9650212109727,1253.2458573463828,226.131326888768
104,738.4420493867614,1325.3184706066645,220.7615137281286
104,579.7439699800332,1621.8200962744136,289.56210612133486
104,638.3697786133483,1491.5881909381133,265.6763909567897
104,692.2984819111108,1567.0197837788219,312.78705665151625
104,1024.4178143976949,1474.3135922320603,277.9230158998216
104,847.0409034761789,1470.7205699054043,264.1685264872688
104,838.7672925235557,1765.1718395906087,259.90904664396123
104,850.6035270082308,1761.8417279219648,296.0126151179173
104,619.9231983098861,1850.4922410836903,312.59196165905513
104,602.1107737693768,1413.2219475613897,259.5946075888792
104,699.5543086731307,1177.1099174291726,264.53269967608287
104,686.6180842620403,1423.3569387291395,284.03102111492956
104,524.5023583850312,1156.6375440892593,283.5386445234692
104,486.65891596673214,1042.2192686986791,275.5030554806873
104,477.64483554057097,949.9942706335931,276.18144449648054
104,416.4964337031679,1033.900292637366,250.5862126878418
104,493.7654071424546,1117.7669985046323,291.02792478921975
104,343.2314996351166,1127.035093759122,267.2129137817333
104,279.5206741742247,1057.2032131058072,239.02917732625247
104,223.72356731976484,1056.1680348508294,219.5598615020948
104,332.5959430265667,1216.891339894616,248.88158485822925
104,260.932199743218,1011.5342533223724,249.90029851719606
104,265.28651123458644,891.5214764777046,199.4060485382788
104,469.32543678630213,843.1313688258759,198.09987487582953
104,505.4700631762605,872.0777172616707,252.70376816880855
104,200.87764438470694,987.2371304372488,173.19691529202362
104,287.34681197134785,887.638476912848,222.08023196153658
104,311.8815979329604,942.185040655842,255.3475116371921
104,298.0373174013861,1053.0237338963248,211.70420677053573
104,237.38976142591164,1145.1213474337892,269.88881261143695
104,531.0307122572,482.87351637000313,255.71373985974168
104,242.64087212248833,755.9071262869296,211.9457606105189
104,116.98229294516753,754.2945843688912,227.04256377081805
104,1459.108372042365,397.0507088551615,206.39365174945675
104,160.31396447273286,700.7909199381346,250.38414615873097
104,176.57538319232762,690.9599964369762,281.97959509098166
104,93.4223919795244,659.236599820198,214.70939225897985
104,118.24509980765524,673.238398728838,246.91030538831325
104,101.99037792053477,589.6701075042042,199.38558795361138
104,66.67042012636941,918.0419871033083,176.43702778626454
104,96.71953493263888,945.1649072471677,239.90137629985128
104,91.58979181291804,994.8782055559908,188.25393437676922
104,125.80165319220694,656.2367079271602,162.31658424454508
104,62.07583035586063,859.8106964283301,196.9962871800489
104,1529.3161749480173,533.2628746685893,229.20601196523268
104,17.82599063870063,817.4095418473586,234.46801270040936
104,83.56608909985525,930.368540801987,184.57361864442356
104,0.692652977393351,831.530118917087,217.9073889340225
104,186.525903783335,950.6354149359444,220.2525831191063
104,135.91886189597759,813.8691055333637,251.3666611046575
104,1365.8614449392815,695.0340268716897,224.0441670211626
104,1381.752493165639,732.2473090174034,218.67731590838326
104,1450.289459480974,1089.4843729421386,271.5901381646776
104,1272.3292919371406,971.3955361501413,258.9290206907334
104,1440.728009107602,1106.2121160753431,219.81301923345842
104,1509.8340794965436,1105.9776616557374,204.72219289159062
104,1460.5569913271916,752.2347267825818,271.0123371015034
104,1496.0714153563206,987.4356640214222,246.94683329063065
104,1249.6393932858828,1290.1730537873686,248.67912830247224
104,1265.6739853545587,1499.0853069827758,281.0547945584416
104,1543.4918753248137,1738.1659102829449,260.61634914299424
104,1374.2623644322216,1697.696571578479,271.44585828466563
104,1682.0945695342232,1745.7454808267676,295.78220944742225
104,1377.123602881591,1825.0445780294554,267.10213780404763
104,1439.837152411886,1571.4782239206993,223.17407669805772
104,1301.448270991361,2020.7363935859426,217.3374485670165
104,1287.459306418448,1882.8722174788031,229.64953747587282
104,1324.5745334370051,1809.5506426857678,230.04053036516228
104,1547.1803809176756,1848.5833093265883,266.0189639233495
104,1265.127910296899,2024.2775626120529,266.71022971700063
104,1427.6027502005145,1833.9679610162716,214.35535866653993
104,1450.180982875867,1577.9668572326868,223.02701898258027
104,1506.0053763077829,1515.547521789043,230.51627115819883
104,1696.431342350564,1228.8428616435567,203.06401579412568
104,1596.4993857679067,1379.167019538656,264.0924870457795
104,1695.2340531721015,1480.933480892354,212.3567474412098
104,1592.6593782631935,1190.1264778580485,258.9978268792072
104,1760.6175012906554,1352.5240368179252,250.84425669321917
104,1661.7630926960746,1220.6863912127487,226.69612958416525
104,1305.649374315698,1162.1895410480097,198.28232075172303
104,1458.1228831840174,1095.0013730566207,236.4524274112432
104,1293.2482603727365,1182.2923798495658,224.69460570480067
104,1399.7225680681868,872.1093739961826,268.7214177802176
104,1216.3253721279207,908.6348732960927,279.58756018612456
104,1391.6457938371348,1480.6458222405831,250.79600855930357
104,1254.4888694298847,1568.4001511032825,258.7450993221041
104,1094.448422071376,1587.5106455002115,245.5714534276525
104,1579.4654941307995,1105.0708198960856,209.82950655337618
104,708.2984334737081,1831.4342878034372,245.48573582996232
104,704.4604472099069,1697.716358672165,278.32944932854775
104,647.8671726578029,1787.1105066684017,274.62484719978164
104,708.4250817617757,1532.874429306432,240.32981295488884
104,716.9685245421939,1436.3677888893294,229.610086683583
104,922.5794610606598,1170.508142288039,249.69470674744628
104,1094.9376672900753,1047.0860777882708,204.7573573252193
104,931.341089031578,1308.9518544411003,193.20283547349084
104,1018.9191167088114,1150.057690876693,245.7654745750167
104,948.8930468282107,1149.876598798659,204.42588552526797
104,929.7458904007766,812.4564106799472,272.3087820589884
104,922.701047022803,1413.5762217220886,265.91238864524195
104,827.3537716265356,1593.568992002889,268.68173757646065
104,888.8006990050905,1487.9341218377585,304.6702417869646
104,827.0148971419363,2797.3661889412674,266.0450137407557
104,886.5440958429566,2138.9195934144964,222.61544361047703
104,788.4660953995404,2403.9206172392182,269.97079913372903
104,766.7959763546556,2123.4461073494163,228.99953853123446
104,677.2987045528531,2345.2886779912096,208.76996229909906
104,682.0959408291812,2166.381863900978,210.0530910995729
104,798.8851474542354,2062.977508550523,225.38068828016475
104,622.9623781272759,2057.9462689429106,245.8428422373725
104,678.9027042641809,2011.9808572791258,264.45389447225506
104,643.5292347802061,2155.749076207913,265.2586430325106
104,849.3601387451341,1863.9526639734213,313.3578364814527
104,601.7453258384086,1996.1695987562798,313.14447233847534
104,632.3505709378578,2014.0994975957801,295.94029703619515
104,408.34417649259797,2237.7587373576484,289.0787808055206
104,356.63346144339425,1901.4294736710426,263.9131274813323
104,281.55739230566894,2062.5029344241607,210.26502203379056
104,990.2040967805627,2141.642444261304,307.64786629447036
104,1014.8561557358743,2471.6788360642636,261.28850657396987
104,941.5159975958703,2570.5890708548823,302.38547869437855
104,941.4012250563159,2408.477503510122,322.1606564531376
104,873.6757942642984,2886.2192202266588,300.8508833086411
104,1013.2745141054958,3083.723064402998,267.8647361445712
104,995.1207102551849,3001.5253207021715,258.2338845841325
104,894.142716293169,3491.9490566795685,312.6038052631046
104,721.4971282578701,3390.0302213263735,293.36734654036144
104,1151.8157602140689,3528.6790054080625,292.70282123955013
104,1111.2716446829295,3515.8156259994676,274.60702573670125
104,942.037493306466,3598.9946572721715,295.0554805925858
104,926.002708675226,3447.7061034806743,289.04410148705216
104,1009.8292113623949,3458.8517995796756,287.7827494904773
104,1116.7686579733647,3295.7166043737034,217.5686600496316
104,1152.6498617215489,3699.0896211622717,234.84756606434394
104,1124.6909755639738,3582.2691425744415,261.4017508373724
104,878.745775116577,3317.449762267929,244.66201919999077
104,1048.1930132274833,3075.2960196405247,249.82952251144525
104,920.2446314514306,2963.5441141525484,264.0068345033333
104,780.4254079326798,2575.842550154909,276.15275061742096
104,451.5361101371067,2547.8470986681605,227.9433929707895
104,565.6227404172009,2681.790501669349,211.4306299993828
104,518.9041546209951,2817.3736346542155,248.7856128670706
104,702.9598810396413,2576.582247111942,235.84857281772395
104,436.0086002722113,2350.1039638507445,247.09450503615113
104,586.7105742647909,2387.9977126259114,259.6938459029831
104,466.47805009491174,2464.4943823756626,276.70639579892475
104,514.7392441411522,2686.893337651556,259.803899119957
104,696.2863476829888,2657.542383049118,248.15296285725384
104,652.955345199204,2690.7453888046257,263.9225641648149
104,408.72850439555543,2938.0985419989747,265.8989539853557
104,253.49645544537398,3064.0679683832254,306.59800658478736
104,252.12736063549525,3276.162253132996,280.5572099485481
104,451.4605655615419,2672.8210116344576,262.6355868513727
104,207.51187306189817,3127.606507119527,322.84004488141596
104,411.29733334559023,3051.1941061577395,305.7734950867008
104,480.941642990781,2518.701121610957,284.0323155640696
104,244.05777431768806,2323.7418524086866,283.8038226769845
104,348.3318057291366,2224.356854793907,231.45905582705717
104,531.669086120576,2421.748797963603,237.50988632569653
104,234.20689828677374,2466.658123691538,307.7290846420856
104,244.1396540691848,2664.414849671379,260.2212752953915
104,334.221956493275,2179.536120692294,247.8214061720268
104,311.1567909711001,2256.7611147425937,291.4324250138047
104,261.83582366512996,1969.7497365080058,280.95111561145586
104,452.50591277742217,2022.3804355274196,224.03384959613248
104,420.3731273019606,1827.2731092944605,236.77376470200397
104,316.44132334278777,1976.9789477914946,247.3068260773013
104,172.66462757183987,2043.4220202893448,189.84447989450172
104,1842.5188382891135,1695.5446747761976,232.66676267183755
104,1217.009896035473,1904.2190201303806,248.11342582730566
104,1280.2979381885857,2575.4528024796828,216.1393552324153
104,1470.2361945611465,2488.6259505622356,244.6832255645499
104,2107.0205378501573,1602.6483971200037,270.3042718502097
104,1631.3268999210975,3030.857568430603,234.1272802290547
104,1783.276470902492,2988.7994796695375,248.19902592453099
104,1495.7298373022336,2780.585086795486,237.76883150741685
104,1419.5059240069304,2937.6619348206236,289.0418528724514
104,1435.3112659481737,2911.5666821490972,265.58362427971304
104,1454.6409753653134,2955.850721770958,271.43526030872823
104,1620.8505135251578,3179.3392627098906,248.7003000731296
104,1783.4128915688666,2946.845400688298,202.216926215341
104,1810.573313955569,2930.770717442126,156.2918026792699
104,1539.3308154321364,2837.755598992567,196.91861884225267
104,1698.8857015004344,2938.6769477929024,242.20754743998208
104,2068.050447769133,3571.9561614376526,248.13885023579525
104,2055.787575934296,3576.7198114135963,241.33735417655788
104,1587.8708728629333,2370.9923632044993,244.23916613732894
104,1550.3292474597304,2954.3740925964025,260.1266738279113
104,1284.1495402046442,3003.740472145267,211.89253890950835
104,1302.6193404187204,3104.9368902283463,256.2090569132822
104,1486.588954666749,3203.5909659449435,253.88161285626626
104,1382.5420342833536,2844.2930510468577,270.2898636953361
104,1369.1683034211233,2437.8370240813215,224.98420452573578
104,1378.1676660156206,2320.382833289659,203.2850563648209
104,1022.1426675936317,3023.0586686042225,229.04968346277457
104,1145.341992941068,2884.591018583603,250.00544778789538
104,1194.4099872698341,3045.386713199826,304.4807695194679
104,1083.8419686428476,2951.253569409329,305.3878566758669
104,1412.2397577145678,2258.823800822011,212.3484007056332
104,1049.0613304966184,2728.7883812798814,190.968102638024
104,968.7470758570488,2709.9206785714673,249.4446502793587
104,1029.77064467381,2849.45427026482,226.8580796915209
104,980.8141267730974,2618.829161397787,266.7283326029638
104,1017.8178083364252,2652.458112346323,264.13505496869897
104,1171.7439976838068,2834.0083132244135,301.0255765285084
104,862.63283276864,2912.1613640908777,256.9838651666627
104,1395.2414072081322,2742.7889940934665,218.29121988130436
104,1074.4188584716744,2857.5559701452894,219.35634364276427
104,1045.9300804918357,2870.809479549306,269.6655544884349
104,922.1738800590196,2873.7651022466266,213.0292771600316
104,1046.0106909451251,2856.902659338361,266.3429334826767
104,975.8846037858965,2813.745511394774,234.3592588792235
104,985.7831183619898,2569.056070520001,250.26261969092758
104,1240.0121620045902,2340.657811310962,254.01860601725457
104,1236.621157193336,2253.298706244251,263.6600784252979
104,1140.1020514632485,2250.9992637697596,211.2531529285705
104,1074.972404500735,2019.6651214023145,255.29322506855027
104,1198.4586235229663,1984.031444222945,247.2883140456306
104,987.0911649385445,1879.9548746066466,274.09082426031443
104,1016.498326806991,2125.6826885693426,266.2793648532338
104,952.2611521583664,2153.495820128272,242.18011875555766
104,1011.0801376390674,2353.057804936907,208.3090319996159
104,1065.7852789624683,2281.2658657344664,251.0068774614108
104,1087.3323674778562,2345.8846656626642,274.77071094050876
104,1216.2887037270607,2209.683892396492,275.17296712550143
104,1015.2286025448249,2168.9581167236033,274.80004335027405
104,1037.0082096495396,2389.785722366473,264.3430921464858
104,808.1094627167703,2899.838393716836,270.28045392156673
104,860.2396125915753,2847.423365091298,279.57871724184486
104,1526.3917340301582,2034.7992664583176,217.15288352758012
104,554.933652182611,2491.4438811044483,254.8382814019352
104,443.5638952566501,2311.2052636809417,270.66685153478835
104,374.5438872773407,2575.524298321744,330.5794095978966
104,460.0881893377725,2449.424575178279,336.60894380507267
104,350.1313851469813,2260.816981469137,230.6159719929512
104,577.3209401524547,1259.7415663954498,269.63667974330906
104,622.6612037453266,1065.684344684972,189.53051034881696
104,640.3561798711318,1130.939726019527,217.4867672795458
104,616.0255620850239,1347.2921505430527,250.7983677131337
104,471.5327358465506,1433.20263394951,214.11154613434945
104,659.4456995755062,1261.4445886925778,263.4216854353453
104,341.27224980241556,1619.8070265445704,278.4551690184369
104,132.1079286155322,1712.703930684831,254.83719618180152
104,262.1491349889627,1865.4000325151487,260.5206544397773
104,300.50485284734077,2159.2437482968144,283.0582672771847
104,401.95040724236594,1572.5664824177434,211.83705386121812
104,389.8186786365459,1625.7399893468032,268.2627691939304
104,245.62352796668208,1729.964223072176,217.14096982006458
104,200.26177844763336,1864.3911790738925,209.10449761204364
104,104.17116272564132,1845.4975593936083,219.6436657286804
104,281.87467285028185,1398.191523622906,191.60256114606966
104,190.60148119923653,1423.846234170555,236.4292676294578
104,220.32090917545528,1227.4342325383473,256.39508639982614
104,245.2135809878893,1474.0861275180037,253.4067060091188
104,462.2351279444488,1143.0525179083925,299.90774871150563
104,460.66574676535345,1382.9406980020149,256.19564356550285
104,213.88372604298215,1757.89784026071,266.2804270861559
104,50.937062065589686,1999.7010017762432,276.23626446089594
104,191.82369178206048,1503.7670445050671,194.2616626612347
104,50.272768982582846,1368.4907394934298,245.4704997925512
104,172.9951245537283,1138.9584405700357,234.0549974587871
104,111.48389817747827,1435.5308737720702,269.84970781393974
104,45.7556471211507,1550.3189948214908,263.23693139343305
104,98.5932835811034,868.2416155363884,297.0675144061356
104,34.48789211894385,1168.3227144226435,306.267128831017
104,199.38456442083518,891.321126075068,288.8672178617526
104,131.41959486577653,1082.446656593625,271.7264129597961
104,0.0,1234.1031646433048,264.6364716658331
104,0.0,1238.0483895029342,243.56962862135623
104,1187.068126651209,1475.1982874821379,265.26286492923197
104,1569.6516229860551,1522.2966277975356,297.33652568133493
104,1364.8263109223985,2055.6453714669497,275.3351326424915
104,1603.3601262780874,2201.5841156240413,306.5716036989149
104,1503.3789019025776,2047.9901424662748,268.9197913560813
104,1486.6092279610034,1992.7995736471753,213.1133070141678
104,1699.9294676790041,1506.6756854083237,187.37092855749358
104,1747.5808176038538,1097.9633650114715,231.72954379187382
104,1861.8877690045613,2040.2911431377324,237.4849227270372
104,1784.8379614981866,1891.867599662396,258.93708006198244
104,1860.9647377686463,1668.1152526566952,233.20291431994127
104,1175.5544913864549,1429.9989638162206,253.15389465851462
104,944.3033102748965,1627.4188747589214,249.54196913941342
104,1094.209784736725,1838.2706157581538,206.27963040847106
104,1280.944478089322,1806.2665407157451,221.21381638261
104,1105.3119337443377,1616.2259078641769,202.96134743820573
104,1226.7209895378844,1513.8051223657308,203.40527124309193
104,1159.5166628784407,1336.7341031409524,240.042744585616
104,1101.1084232801873,1380.9547020744285,298.6741991088585
104,1609.3210773062438,1531.5964388035695,263.7501597073074
104,1455.4578989977133,1490.5736954422996,247.29746589651705
104,1188.994492774127,1618.1777890199228,264.1018666637367
104,1562.852948847387,1812.30150746132,266.81294961418564
104,1443.0847405044367,2545.783282954233,267.1194704146586
104,1206.0371277655402,2271.222843440843,264.9713427370696
104,1050.1144184227746,1935.6691527338317,265.9213355151632
104,1415.4162481251192,2377.9927561349355,297.2958320109299
104,1430.3416032578625,2152.1557497990843,261.4687646945794
104,882.90382506968,1805.4695668259442,280.7948161337923
104,787.3804811844403,1721.8926053924597,285.4427349417131
104,840.8989240470172,1658.7934580102815,244.04430811715662
104,905.4658571919971,1774.707758062205,239.15532658078376
104,692.2070738087848,2023.7515296242764,237.51950954717415
104,806.4761375117142,2085.091984949953,239.02917732625247
104,623.4402510828135,1066.272943575264,236.8105930446053
104,1044.681757169541,1054.4206855247867,267.1566692186803
104,755.9289910979531,942.6340315648239,266.8472017883487
104,718.3660348512987,854.461952169598,206.79822008318018
104,611.7405214997292,749.4755229944425,176.1192923769559
104,689.239455009065,892.3627166539083,234.08955581116982
104,420.24706127974434,932.2373191608782,173.0067991632202
104,372.9981358533473,826.1593800188606,217.4193306063642
104,434.59489071468283,957.5657496361574,281.507493340439
104,425.7057929806292,1062.935265340719,212.64346808551937
104,443.2129342424935,987.6219232221212,246.2466208604544
104,469.3149686517004,290.357890905007,240.1004272128041
104,453.44791493496666,1615.484215929011,209.97304645907565
104,404.53882380331675,1500.7762536470377,235.8873339278889
104,1551.687915515145,1644.081738897777,229.83830144749987
104,338.04310152067853,1689.1335783844238,285.7742290682203
104,388.6887851538304,1421.9113357364386,266.7235502197826
104,434.12022444088836,1379.7785581221656,268.7578642968937
104,544.4833723252913,1681.3478244977937,252.4451796520911
104,475.10925163138313,1596.3740136057713,212.04165486801355
104,338.1058538976433,938.5290829880627,156.8026905031067
104,348.3961019694227,995.1803339337358,225.77832671701975
104,322.9550722280827,999.0818870016345,228.82902052214212
104,490.92331291132155,1001.9555310927136,199.68172264249705
104,419.5992147530875,1333.0272104573687,238.33991835328482
104,1473.1972329154542,625.5467241442582,244.23916613732894
104,175.89771192946594,956.1595922724777,253.91473028938293
104,196.46709071037915,876.966689752877,218.68570105446918
104,121.66309152403645,995.0145294889425,228.30011211674497
104,385.7276968330782,979.0252594730724,253.1323730643001
104,289.8330216142198,646.045993993658,262.9296746195339
104,1311.8525722763502,795.3540533689207,217.7019556234605
104,1333.2679441810833,803.5188983056745,208.0686656363435
104,32.28080733706324,1039.1248081148847,209.1514209543625
104,11.93661730448295,1017.0186146010691,242.40114613958195
104,146.92018642448326,994.5626031810281,199.66401393741734
104,29.40289080918231,988.8300877511493,197.4265743779315
104,1336.5891316954444,758.9333058698272,205.2224928904804
104,2.758201962119756,952.5088863246802,160.2083462458649
104,0.0,927.3885943816186,214.0468428815143
104,0.0,906.2834512333771,222.2718093214782
104,0.0,848.8668736957271,232.87007618789437
104,0.0,939.3492296537055,183.10749034641168
104,9.182904274476499,883.4973045781072,251.28139148032807
104,0.0,955.1702357066634,216.45354290110475
104,1347.4050500022615,839.516271632231,223.3185327214449
104,13.712536553288402,864.6859557041467,203.82913192723657
104,0.0,759.1014589982582,247.18004849041665
104,66.60166569495604,780.9006569144314,187.29673925504153
104,0.0,831.3621778503176,226.0843604119574
104,246.41877672282456,863.9425947412927,262.16428886986296
104,0.0,924.6000499909863,246.21513439506663
104,36.92378657783965,930.6417127971932,254.5490241620941
104,46.18302667354922,892.1154248668057,290.6736350418078
104,118.33556907219636,1161.2943274580452,234.43509569642993
104,0.0,905.2209234271644,233.89694247427872
104,0.0,946.9343864876681,210.79249070649576
104,0.0,986.6687097987596,261.04690147550224
104,0.0,967.3204909518046,248.80729134605542
104,70.61289683933856,980.5687789222812,285.7944349622007
104,972.5323761845904,1295.3649497884758,286.65234751775336
104,1112.0149753616965,1154.5826635344692,290.77541378817574
104,1209.3597225118533,1120.6410245810998,305.6355931050584
104,1374.6285081475125,1000.8575779467182,262.8666469494334
104,1039.9167074621216,903.4323096645024,275.5031224564089
104,1225.952004125331,1192.2764783184812,268.5565587551586
104,1171.6913674449265,1647.3403967294262,257.36457048131507
104,1171.0160381152866,1744.089920154603,270.8052210553435
104,1487.4939631817942,997.5561456783736,215.37436277822036
104,764.0970051847748,1854.3184624618748,245.78897941090395
104,820.1227717786518,1461.533769954181,275.2742153109288
104,829.917842526724,1572.1029102832208,302.05661649629303
104,765.1209263762936,1397.4462221455806,289.50228718385847
104,731.7064743768228,1138.0043314588675,227.98637927042267
104,730.6389301632096,802.0207794847446,245.29797793651693
104,834.05816960596,737.4514175835083,210.91672243463614
104,703.8948730228888,792.7585931003406,208.88816322585683
104,965.2148097787943,866.5882646168737,213.80529927292508
104,864.9258754729163,857.0884704188612,214.18985205534534
104,1016.4313785527085,564.0283791904287,258.2972587826076
104,792.3297124982447,825.6039877180482,268.8140877934883
104,900.5463040000831,1105.9063480462028,251.33436873763833
104,550.1264999588664,1337.745533585165,236.76067976558488
104,548.3671606813357,1622.0190231705792,280.1162370831673
104,485.2996642405716,1185.3271720926195,221.12875181077516
104,627.3325256436044,1263.6262552905127,262.55702730199533
104,508.5398703871923,1209.4509604080927,202.9558253950629
104,425.86131992870287,1342.0359947636803,192.99942191489617
104,545.8032517087798,1123.2966013979535,207.07175335828651
104,693.0522974341062,1031.101956785952,212.70512132721984
104,533.3929852607846,1024.8277532370244,248.7952955061133
104,578.1064028857081,914.8850384471508,253.72724065318016
104,495.4039746084228,960.2834108818403,308.38887902733967
104,688.6230223981361,847.1074227016735,312.453163730966
104,593.6641704759885,934.8693194542212,319.3502047734877
104,511.5019824415932,979.5271333539403,293.2681582408985
104,366.3394265852362,1278.7675429732376,302.12497211931355
104,260.54197439489474,1033.2204076106445,261.8139159093974
104,270.1359550634554,1077.9450743980806,309.63360976030225
104,266.7048691814732,975.7437965394821,306.6585375252394
104,193.68829945208276,1011.2688448489886,287.0534885297532
104,242.3287343190053,937.0937894446955,314.0441705848435
104,229.39805080685588,601.3244493601755,333.6087519066746
104,189.94468565212807,864.7452432518743,300.2742660514239
104,396.7083407784762,683.1245417137462,296.80994122915604
104,255.71302606897692,786.5904284539782,266.0243402932325
104,731.9793294262787,758.3099479356937,291.5699045320705
104,404.5699308368477,849.2312583322188,250.51707710100396
104,582.1080927824864,1179.6214428974667,287.50450673935114
104,589.3574425013333,1434.661105967024,275.0867163707065
104,616.9690885091858,1549.3520639260396,288.4697889111583
104,357.00483021152434,1388.4747831465784,298.65134875299003
104,506.73204260136185,1431.689758034307,257.5913339458179
104,653.415222008673,1346.7460125247544,215.2251106711343
104,731.7771011652416,1483.0417472428526,220.3797134901368
104,643.2414367684484,1014.776355426856,245.46830085231989
104,442.7285289933643,953.818041732212,258.9751438769404
104,539.797747906832,1018.5006044721096,247.6601857244645
104,429.97134749052077,774.9966075888848,254.09292916736854
104,248.99268263032602,552.9496401713196,262.3281584938236
104,485.8373826842469,476.6001327713027,190.79088477198388
104,328.8731906865843,702.0682700754331,196.78006130551478
104,270.44510367088424,634.8154555468277,233.00301491846648
104,383.9500749097009,746.6309703756659,205.38460825456326
104,242.80423403366248,637.0592233619511,209.57497503915
104,378.0263776469827,679.1141186186286,234.60158773570492
104,355.23299144757686,742.01331661079,254.28721455705897
104,336.47999296373655,718.7655284612223,249.37718581087273
104,455.9022757150208,654.293911861116,238.2701856286585
104,546.0181228011635,582.5075806836641,225.73308208377966
104,318.65442521512114,703.7858973557044,259.29430515266694
104,193.6983541912858,730.212884015301,278.6716486502156
104,151.15905137771406,672.0240227979945,271.94305325312433
104,274.7973790135675,573.5091125384489,274.98279682738723
104,83.96544894314442,638.573927543545,306.0491854552602
104,235.69424199582565,667.282858779546,314.0614813352343
104,290.6300641190784,510.6077239740939,310.5981781156611
104,61.11652052891881,369.80279588495193,278.4492958388985
104,48.56364772914773,247.73518995221332,225.30248910477587
104,230.39197615434327,413.2558604730151,249.46027376264328
104,127.31844644769197,286.08537681667633,274.68838049367247
104,95.96886548057105,210.80983199571858,279.9765159611352
104,58.39922553623913,276.3621380900951,245.03514375033086
104,18.379349405926092,376.83751554211347,249.86730324647937
104,553.4384338999058,331.0373252574162,284.72796256512584
104,1063.821956220751,386.292602916491,219.5592716696156
104,657.5036638591233,157.51153895704385,272.4446808129788
104,636.6895973491485,247.89154253657205,269.68600876074834
104,649.9410665476845,336.4654147770981,207.08953832552965
104,799.1951143552075,269.55165544809836,226.3865019501663
104,700.8787130517264,249.23717816779788,252.96650950851017
104,592.7763261190806,561.087125129373,212.0189501237511
104,829.7387223462728,667.2413994890757,196.25095824660258
104,474.3273037785059,148.64737414764897,210.08939459874523
104,862.7811767729087,496.6416248254982,126.45508869222864
104,671.6515450985572,345.7530130508014,119.7380087092928
104,818.488488584918,508.3335094187237,75.60827807303137
104,652.8605013025186,445.75894791224846,114.5126712301773
104,686.9531295018519,477.77857010048854,117.64102999256566
104,372.74206806483494,413.07711982808644,118.6932037303262
104,738.5515529072503,526.3564432400678,106.85733799149203
104,617.4996109155346,357.92635282414483,93.97658908666777
104,601.7732385229273,359.4813550299069,77.91700477701751
104,630.5503588425889,459.1089877840907,84.26558849372076
