engine,Cycles_to_HPT_SV,Cycles_to_HPC_SV,Cycles_to_WW
101,1402.295354446834,4786.448274416897,273.1866868643484
101,1536.829857336564,4293.729421236567,256.6765598860144
101,1531.8974048704865,4345.8415319645455,198.8274762206308
101,1724.2294954439774,4260.729798079389,247.70173795636762
101,1584.7597675661561,4226.928061889688,210.5002006427243
101,1583.6449024372387,4398.518381450223,245.46664225484088
101,1128.3972490356307,4393.353330048315,241.97959385458304
101,1840.6493862473728,4431.915625292788,213.21813085157342
101,1635.6325557998057,3959.0651748170153,204.52340407042826
101,1473.752687979664,3989.6646855898694,245.4989339268877
101,1735.8929073304223,3865.5164379803623,228.22296082588863
101,1101.3231696908504,3850.192848758106,320.55375044863786
101,1086.91188388498,4212.8237185763055,257.6618057354674
101,1669.715562594303,4736.778485288865,269.75162522293465
101,1765.6669373151055,4254.978123763797,209.09372735366819
101,1545.493118879231,3980.9565396684825,211.70109833891289
101,1598.4662939544812,4115.750164688926,233.90552979207555
101,1740.5055844011097,4134.05949755635,211.7292355531416
101,1658.9417816110074,3905.920619937881,258.67830602742083
101,1628.5533290097467,4048.226718469767,220.55418391219197
101,1520.6191713650253,4190.081951384171,268.60663319788137
101,1404.108118450897,4579.668856949211,272.49421589086535
101,971.3482094296404,4752.361053691889,287.43855623756156
101,1039.8366248331315,4703.73174547343,227.855057116753
101,1436.493340033328,4174.85195906334,245.63562702708938
101,1583.7427021213132,3927.3136781004564,225.78040728645848
101,1127.8775491682675,4702.173335742812,275.1436516830537
101,1479.199876772,4140.54744112347,258.1500861406362
101,1527.8537044012953,3842.86410975022,229.39950188092448
101,1763.809898408039,3720.4124412177584,236.55223097958648
101,1608.5581092904079,3419.057227877518,263.9972339929683
101,1610.1910009458663,3419.221626053314,290.30771417493384
101,1276.945967126712,3304.0653963226573,236.35491784765773
101,1111.429967250511,3398.5497897499295,233.92028082295812
101,1708.0988517404774,3529.072186312718,272.71512984523645
101,1530.4383399836327,3364.5156801397325,269.473284828529
101,1310.719334033554,3707.8277351562388,263.2605465197008
101,1399.7361796803057,3689.6558348603144,223.2600955619337
101,1520.1373296982995,3574.795385648002,249.97135717522278
101,1604.749999187276,3862.068029784536,219.02481305781546
101,1499.7915385320864,3543.085932962998,225.35504135933073
101,1326.8256172230042,3664.896329907008,237.1906250824563
101,1503.4659610416736,3416.630100006448,216.37134516818676
101,1564.9622620831622,3622.2168628614104,226.83126085808752
101,1458.2432560526174,3246.8424088144957,226.86984063111404
101,1254.1161402408059,3162.659219408943,218.67646749319013
101,1179.6879515468622,3218.8134947464964,241.4473887683511
101,1618.1516305515268,3110.7600218000835,223.9331221575127
101,1427.415109993877,2937.5948296030783,206.71961316760857
101,1237.1542200127726,4292.731997473591,234.76977921750634
101,1500.1259528284515,3819.1560419787415,251.18989474055033
101,1339.0850568740677,3182.2233180277285,237.6238145184956
101,1388.834682058449,4284.146810375219,274.76275805645423
101,1168.0273486366327,3936.039628133913,272.48011700330596
101,1095.5761515540655,3765.76244376197,229.35335611222908
101,925.9998989508887,3975.8525676202785,236.4022978494676
101,1439.501052633078,3499.813134241692,277.7733370717524
101,1333.8019186155636,3405.4021676158895,219.957102897716
101,1078.5323793655843,3911.1452412515287,242.90168921729028
101,860.5647268485094,3437.4070856815847,221.3024475805884
101,1038.0941451967235,3546.075398451437,222.85056635848755
101,918.3411606527894,3721.54268710892,260.1571560332137
101,770.8307606866925,3976.3079062995434,253.84485652761052
101,1013.7431763537558,3306.2353407286487,222.84989951748062
101,1038.7969336555295,3079.1149424120895,297.55822951206767
101,1096.7998410807381,2937.063556915512,232.9816088085856
101,1311.304651200975,2607.7404212396327,254.6146963997035
101,1321.1396117128227,2704.8784895099348,233.20682115293684
101,1178.060410934231,2642.215256098981,216.0028935886361
101,1366.1328348344841,2662.7544838291296,208.93016409252292
101,1201.9289894616306,2570.147981533132,178.45647711341925
101,1080.5304052895224,2366.872324811957,200.8597585522277
101,1325.9961991474809,2432.423741471388,229.4024020806996
101,1279.5775697631627,2359.6677745342695,203.30770772113826
101,1222.808376197776,2596.3944240226283,249.9611832711287
101,1050.778027240739,2759.0273044231817,210.7999823281974
101,1278.4513860935033,2235.0814073379765,221.65280723141407
101,876.1129989269679,2908.284914933948,275.25463171393596
101,824.4761001167466,3351.6308107728173,277.59165673811697
101,746.111602813313,2946.8608802699373,275.99286989284576
101,968.6208130915442,2500.747186306388,288.6985517936141
101,940.9604167471745,2773.8486367863584,273.9217262392359
101,813.6436386697393,2583.731321892208,267.131912746545
101,1054.71194033952,2670.9022681274146,207.6048946733691
101,1037.004137684601,2736.015935998525,203.35317694837104
101,1118.4161822784722,2783.340390643457,191.5452510640283
101,1079.3773793114185,2397.9930808165805,235.60506515978207
101,1035.5425168551735,2256.478076154537,273.4220421942009
101,1786.7787082595785,2531.9474001495696,190.78018796773793
101,1871.444647326375,2560.095391679289,214.7850522691277
101,1880.3867128893096,2455.8710825460284,217.7850372700827
101,1472.6709647026657,2198.6458647499517,244.28313508961227
101,1908.4648627217691,2328.7938538657877,221.53993376430836
101,1897.730713391896,2347.2522952430254,219.43668473362064
101,1874.3511537173415,2574.0041440503987,241.88415013351218
101,1876.1100465658167,2288.411949314804,219.1557598687099
101,1422.400035379962,2165.3940016127895,200.98108941601552
101,1206.4689033743432,1667.3352175234259,276.5958489681302
101,1658.8073516773636,2400.7626878689753,234.20402698861338
101,1656.8770099280182,1840.0407005934903,220.1971679899631
101,1871.467401232964,2514.4003330235423,248.19743885528314
101,1510.9997719602106,2337.9670921096067,229.98201166415086
101,1831.7482783266498,2496.0925907133524,249.438782571333
101,1783.3476329215862,2495.747233482497,201.36190515737692
101,1832.4319239667195,2308.246847712445,205.44657497249457
101,1829.55307565722,2131.365611562888,213.8146094007756
101,1687.7056291761196,1978.1722948856059,281.0774709262341
101,1830.0749903378485,2264.105192252248,269.99700605695216
101,1917.870511665635,2376.562625256674,254.79228759357605
101,1872.106201291311,2316.760609671788,265.81813656692646
101,1800.3521993676009,2113.0018550974555,243.9368985892406
101,1662.3822235568052,1989.0001149332102,299.6632266653945
101,1781.8800463823834,2187.4668567920457,274.173208785048
101,1243.0813866584065,1970.1717054516766,304.3683896403129
101,1749.2744398174204,2116.3221482859867,232.2119148566965
101,1878.8699983891695,1956.4061071021797,233.60405553884246
101,1648.4651174839457,1786.8453085021647,236.38290081711241
101,1673.2018282102174,1854.5807285901392,258.142183504458
101,1423.489479938127,1884.431520682641,307.80045416283417
101,1618.6026742594197,1656.7348225762412,293.9257498346178
101,1779.1443468787277,1818.8034493026885,298.90937484548067
101,1136.4743541059402,1796.2080937507703,257.3398078808236
101,1663.137277278994,1633.7465846377718,262.75620081338354
101,1332.4368851594015,1049.652265651573,273.3202942795152
101,1469.3523920366379,1598.380413843956,257.5636972425044
101,1337.7025777580081,1616.5292134399338,263.1853477915531
101,1927.8385415993264,1493.7813875934758,224.96838552303305
101,1702.7739561838355,1464.9421009768066,221.99994961718537
101,1765.6181809056877,1302.041980490647,232.58572425706373
101,1768.5952546194833,1693.6223864049866,222.54142947742835
101,1757.1990096376542,1618.1020179980987,186.5019256947027
101,1676.3169603977497,1452.6104535054733,212.77983230463693
101,1632.7680652480883,1521.048800143927,226.31164569865476
101,1789.5517719605682,1346.2748778061318,215.91921700379257
101,1804.5177939120952,1143.9322122948065,203.3158034630508
101,1433.3058472337555,1076.240575895407,238.61638131637145
101,1769.8191773672131,1272.2387358652409,240.42002940146486
101,1565.252358370444,1166.8146687306007,226.8205649206141
101,1754.4999388576887,826.8353280802631,250.2166642099596
101,1576.0090338694758,885.850968788781,230.52644548167663
101,1265.0764652637465,939.3344050310767,272.29395476189325
101,1738.7504976668881,1086.8362277123038,221.8067593080095
101,1658.151366216844,1081.1866063076927,226.33548519399565
101,1668.8594132895535,809.5027917932092,263.2520110050492
101,1723.3596475611428,1300.5559666445197,246.92008731180957
101,1751.715803951395,1190.2685257238531,252.6782564699504
101,1087.2173424352166,1075.054887044771,293.1069019945156
101,1603.3135548833395,925.4528135140541,253.89807653994202
101,1799.7445949502826,729.3209841850575,236.54726008302126
101,1680.060210537452,592.4960256111868,238.0993557452235
101,970.9228751366126,651.3380335616054,270.4432207684954
101,1521.8851461916292,614.9022157175767,276.58838578407585
101,968.7259447192397,1174.6042773889958,256.3460175362022
101,1602.8133407521598,915.2797984716871,240.8830243057155
101,1246.2386871061879,1178.9944491706433,244.6195788848656
101,1597.7575044761081,691.9101358839877,190.43538582119814
101,1608.397211460862,573.2991824838804,245.36899939266354
101,1397.7833960666123,1070.77415846626,208.66730361664
101,1178.2772003976438,788.0757923697516,221.85680549955387
101,1510.9609974454345,430.3467564531488,192.83001152188243
101,1555.8332118830417,369.7209229194043,163.98542181351252
101,1621.1250833546235,298.9214584416942,211.36969992428723
101,1543.466413297883,421.35939763680494,252.23567916914934
101,1632.2223108072776,272.0937250096656,292.8445640954752
101,1427.1473144271424,1059.582068131895,271.195121216218
101,1542.7159074578424,311.2003133055923,213.88982911597483
101,1378.1153804842293,365.98578515969643,246.67525300871412
101,1339.7728769135758,23.67721570966137,178.93100590665867
101,1376.7872895821379,269.3118376994038,217.36710244968256
101,1318.5438727148307,185.68724841242351,251.761835871785
101,1267.987606297383,111.76308442226718,210.15217418505776
101,1029.4878816216722,595.1433242049831,237.20986103530655
101,1036.1348269111493,636.8987295254898,254.99212699933977
101,1185.6116075265502,105.8055085394584,239.40513084869806
101,1380.815551017591,136.98261723261135,231.39922245962705
101,1303.2330724826766,168.74037855719325,250.57824218557303
101,1419.7376047200953,315.7632205700361,207.57623498216967
101,1079.6988162220694,129.76834585843244,221.5906713031671
101,1159.2390611283197,219.67286654421991,227.45341872880348
101,1040.2164407987218,1218.742578564666,219.237080382916
101,1257.1894951984066,121.96103699228911,211.68791323307929
101,1253.7886520757925,15.61356135025153,204.00637592560352
101,1346.350063953684,0.0,265.4180946423287
101,1406.5734620821847,57.90444341416958,235.22189209172555
101,1296.5436486073238,0.0,245.4365669043303
101,972.9091094734989,422.81639062889985,249.2224121032862
101,1008.5025198282532,0.0,229.5077815257878
101,1282.4142104018215,19.488624836587178,239.8602306638231
101,1275.0010459856696,303.0297400881756,216.91865810528648
101,1133.9183267269634,259.4738724644179,215.13028271326257
101,1301.8341310164803,421.7217490758403,234.64111206138122
101,1201.1511612036852,173.68392889047811,207.09253448241324
101,1249.0822683243646,267.105446848542,213.76803620176864
101,1206.7329297101787,364.85885997588,212.4478922024543
101,1245.008728267517,326.4232813286958,230.78840532799651
101,908.9800174964822,99.30554711888067,226.113207827512
101,1162.5490364440986,0.0,226.77570027633342
101,1176.0170932997185,0.0,247.6412188523632
101,1127.3399233706139,83.22467787549135,253.1984242874088
101,1154.3806313855894,0.0,240.65448236131786
101,1224.710443124465,13.084190031735716,207.54267614308267
101,1181.9324765598997,441.40134042374336,205.5461323113701
101,910.7890479132246,0.0,217.06267304340227
101,904.3533355751987,0.0,243.79582753317695
101,787.5511230269097,621.2697563388516,282.0517795523625
101,959.0606388415348,545.795141725372,216.8147518618263
101,525.7217923288172,138.11351811592033,197.18810046384218
101,786.9379224486196,474.10965647923933,218.34664945685202
101,704.6487236821318,443.00779487957334,233.61479520459213
101,848.820063578026,311.81596418370066,251.4985683989605
101,323.6589498574732,99.46609418664514,211.91907272228727
101,707.2079337763334,202.54172371998936,214.4400719183266
101,754.5779988421058,219.44807169317892,203.9236419803942
101,631.190557180339,0.0,215.52301012623477
101,460.82585940264016,0.0,290.445687884447
101,778.6679756310136,0.0,241.10674526216124
101,372.2932620436296,0.0,243.4297415628101
101,796.0887173056268,42.6882253507647,256.725964770033
101,1790.6277714272853,586.3111336581161,262.0965834680354
101,1419.950704822834,237.71279056642857,249.4861814037162
101,1907.0193915088237,591.3385799006106,228.6748702479015
101,1644.4801297841839,652.2888334431287,212.40558763974403
101,1729.4948672265393,391.02960369194227,184.88462221423305
101,1744.6619855250567,232.66036064543084,214.02625503298376
101,1718.397550319233,304.18195180626276,213.80964757250527
101,1338.867713158976,705.7239699613109,221.57688632304902
101,1670.2948493451456,571.9384561135383,222.79648945257546
101,1709.1992454336325,461.8742046142961,231.62758512634664
101,1734.6870769291534,289.0571137086338,248.82535620504618
101,1793.7677577030179,712.5214358290797,300.4410478811369
101,1637.5125748250125,475.8972137966979,257.5540286388857
101,1776.9495942482145,809.6037244633613,288.36438328843485
101,1362.4685338613026,339.01629101475737,232.33199692988583
101,1737.3526699254166,638.8994508342859,252.49446687825971
101,1759.4027053492027,1244.1054599776799,270.75071138245437
101,1711.4696380761063,1057.56858232267,246.36531470761182
101,1753.4012922959075,1599.015124024831,230.45298379607144
101,1702.077400845087,1181.2304988747792,241.95178093587973
101,1771.9969071970272,1115.7882241932048,260.94377332285046
101,1648.554357750168,804.6830494086217,186.76472467482282
101,1732.9508319386816,919.0359680070129,225.6946441657664
101,1063.246387659839,876.8086085121823,245.95802650652004
101,1863.278564441019,1462.6208779695048,248.92238547837687
101,1725.1214807783142,1185.9482648950361,225.07459731964767
101,1847.2754666683743,1128.74007420729,259.3022469375609
101,1732.1258044605675,1144.1355250236238,235.2128628876362
101,1713.962331442108,1363.086820370956,237.58921032104823
101,1566.1442048497977,1295.0738236426419,263.9922289506834
101,1663.9065384598905,1361.601326694119,261.18775397388606
101,1749.3687955927523,1528.6525312119638,246.4334315984834
101,1810.0988761485798,1281.7154873433587,247.34578726913807
101,1655.295330751007,1566.062197986916,242.58874839170645
101,1761.8850982694942,1420.1828200887799,214.33099244876124
101,1781.7331545955265,1933.5431537151162,220.70032017464095
101,1623.65565285034,1573.0526825546235,226.7629554391054
101,1667.1765824539305,1737.1763906657802,249.6794154150779
101,1835.5197230849974,1752.6815147093994,240.21166479331717
101,1649.8604839588627,691.238882407194,254.5788604052661
101,1770.5999619857814,1925.610218860988,257.1359525279836
101,1876.87698993662,1885.4958499204854,268.2654505988563
101,1587.452577664876,1772.2621524421447,244.14750932162124
101,1779.3125323060385,2197.5012794654144,296.0221954965431
101,1109.656834136931,2422.801599857179,244.64145797511404
101,1606.3060340615368,2246.488437029997,267.0700865032833
101,1780.2176813978954,2090.456233153866,242.2721137991837
101,1635.0655025686997,2335.266558955469,212.36916990377918
101,1003.4754078415698,3093.8437659847023,211.3578259343249
101,1762.0368087820086,2981.9694869560453,242.73769748443144
101,1618.1710069251064,2443.856259512114,215.71123301663235
101,1465.3495889374406,2985.344109172628,218.59120672258368
101,1586.3517117121926,3184.0284778497853,190.91238515504935
101,1621.8959406048798,2828.624324719932,274.10611024104867
101,1783.0828112928841,2518.043525445931,247.60839524659704
101,1554.9741168690196,2394.090068277617,255.3580270341309
101,1694.5099416258774,2808.825355316044,278.3610617676644
101,1045.6604823227153,2707.784859830954,270.6644883397628
101,1585.9171009574252,2995.0408847359467,250.0295201560152
101,1314.0403152517877,3791.010848848479,230.70372505616572
101,1410.183283336346,3613.1944644995606,240.3617701022968
101,1628.4334033182624,3584.9522266229164,232.45322398886086
101,979.9019674153775,4621.160520271062,281.5513809784188
101,1390.2898564308714,4017.8468460538984,214.48814344864755
101,1675.1881380542688,3883.7160084624015,224.71738050689058
101,1661.3609787295757,3918.7643408296894,221.82550792221573
101,1627.3898798957302,3779.6352392430795,218.31566539115258
101,1432.1206055168752,3708.915344850631,231.8259218589334
101,1174.5408850915717,4052.7052372088506,254.61586618652686
101,1493.098663333173,3665.8054235564846,240.43134850566534
101,1379.1101261350384,2974.8090579452937,237.35110467522807
101,1292.816466592632,2547.7006442530815,213.31359068886158
101,1541.409967764005,2817.8195038886315,225.35312041760844
101,1475.4591502453113,2425.5536848185156,225.22245401998637
101,1052.28640920215,3554.8671939141254,244.18540868820483
101,1497.152576510036,2657.30172682851,248.83241890244793
101,1498.0403586201276,2707.7035637859167,280.7966252512389
101,1581.4977515787893,2474.3420353826264,236.636126443246
101,1546.1571377108419,2068.7825550843536,255.79321174703384
101,1518.9317791050792,2114.137776234115,275.78045899042263
101,1500.5225487892565,2037.5537236145524,282.08397424125405
101,1398.788144020694,2451.878855973808,249.48093504765714
101,1372.106633293862,2333.1934011395106,215.219586900365
101,1467.1052933903682,1804.7327515331344,222.49462871464274
101,1174.280940267294,2203.9814768484216,217.00584092186935
101,1291.0450199567383,2269.2487679833416,267.50327975942525
101,1399.956815765289,2383.2099574852664,214.0272943569489
101,794.3178048942513,3553.842020351916,222.21416015863636
101,1478.0078704285158,2518.8746731388783,163.05075441611874
101,1218.2040713148278,1953.844902065629,204.61980089504132
101,1271.2750286457547,3679.9606603601055,262.8328160077057
101,1372.318725124415,3230.623715270763,198.0838826227504
101,1288.2550628448141,3269.796732893122,202.42143151264597
101,1328.7719902140052,1852.7881916527008,168.51405591260544
101,1131.64023612066,2321.450983225311,252.1227032135707
101,1350.198043198989,1857.6799342361082,256.7318355250344
101,993.4470955812354,2699.5478050409924,311.2582308053595
101,1059.9462043859844,2477.4971245092725,257.6074859294305
101,1360.6042855577664,2096.8466374256527,230.65582567340093
101,1271.73397936289,1928.9255803020928,235.77900309282685
101,1247.5745246333413,2032.5804513019875,249.7567079558119
101,997.671392476267,1521.6750013210149,200.49096962637785
101,1311.1395665742248,1579.8049792127154,254.7763129932397
101,1012.4110470700276,2674.2613266411254,263.1261925257445
101,1107.8357058844674,1571.7489368284419,201.10957839539017
101,1089.9329319989972,1994.8532078860849,212.62790393689286
101,1057.2212754894838,1893.4912283058775,234.08790472577024
101,1058.0967198193928,2051.0114740482377,219.86129450118065
101,994.1944244459786,2198.9095883402474,216.7564463507396
101,921.9397737301709,3530.668379263808,252.2288328445516
101,908.4486878567594,2552.7535511773967,221.97540052816353
101,891.6999643148332,2135.4865079924107,235.22681626610225
101,711.2561124915652,2160.7567217954834,246.6897588699525
101,754.9673199128562,1597.5772095953266,241.1181698890529
101,1764.4239105631848,2141.2605564489554,273.43500090317264
101,1507.3021698238133,2200.138784676548,243.4387635564478
101,1845.2804379521228,2313.6424952751768,252.34239945844914
101,1676.9226961855845,2608.5563213449686,235.20653124534314
101,1797.350382001093,2668.555728104029,239.67117835377613
101,1700.0570417756744,1461.1429215086546,207.9382252522593
101,1434.9760865164565,2043.700587647088,284.59200176260765
101,1759.3012679697615,2543.1225283021718,217.74425393871107
101,1919.783963842585,2988.3785759455277,238.81789085995777
101,1854.2585051025083,3272.133155968959,221.41351283682795
101,1867.3958038822532,3092.3200061227967,240.48952772585133
101,1717.3220742289884,2429.37902802853,197.79382667286168
101,1682.7196872387633,2532.0749303278512,223.2295971088088
101,1576.5475833007188,3133.219206734221,226.2262486308226
101,1662.7929657504258,2818.8714109876237,231.80378942462144
101,1865.839068629564,2882.3078899006505,248.84333812031193
101,1351.2469753139615,2922.24118777836,254.31877260978095
101,1884.5572421262598,2556.5893436698907,291.34677544616284
101,1839.3879863872673,2869.5419619384925,267.73197652975864
101,1813.5076667877536,2468.6199434622836,217.39576215358514
101,1588.5934079125884,2723.3053319606815,225.29838619337661
101,1678.8438921980994,2895.2849119913744,234.3417349669401
101,1743.565508000173,2992.2239753057806,251.7559647797694
101,1418.4357630125398,2801.7621786785735,245.878187035094
101,1817.9095497879173,3531.9542718583702,281.07120544102975
101,1629.0281237861088,2687.71092129043,259.29272455750515
101,1437.075214126471,3336.5191904242733,229.888680388396
101,1714.6307587286797,3215.7468577085374,248.82336103977875
101,1083.6122693109705,3612.701928175012,274.8391250259191
101,1746.4545285815527,3369.049793631337,249.66736246289756
101,1415.2314432016085,3202.122572323698,233.3025649515707
101,1757.586088500844,3108.365605585084,207.0011292125616
101,1739.303990411952,2753.715335739007,266.9807405502022
101,1373.1490578689884,2444.3460434504213,281.415170910361
101,1704.10978307752,1595.4154053357856,240.9123913186393
101,1542.4888387441315,1419.2310804461545,256.94947130995604
101,996.1089461686905,1709.712852382615,257.67717747864094
101,1662.3338690257503,1989.4096993619587,246.65919608185825
101,1469.2288255980288,1538.0654383380856,213.90408105244174
101,1625.508395645282,1557.6812242074425,221.0723249091536
101,1566.6412839435086,2241.411554759803,199.55775674166952
101,1512.5137116495182,1962.3696842602963,208.9479411358043
101,998.0521218711309,1534.3793626322022,237.03826187707753
101,1221.050046374784,1919.2451747393475,267.2416041985538
101,1398.1162022534793,1734.509283252191,229.41250085174326
101,1187.4539001727542,2009.2466336045936,237.20054934954223
101,1366.9431463547373,1403.7320068514473,228.95712810488462
101,1633.684154701131,1253.073677266953,284.13324408739174
101,847.8763056961499,2741.8970360997346,288.21793323560723
101,1164.4313723257242,2549.8655284972115,251.65402361127664
101,1475.0921380251818,2483.4105192451507,260.3666686038424
101,1650.2484860026464,2675.2131178428276,255.90665917310568
101,1135.3562799582676,2573.1638751744445,258.6634567682969
101,1738.4855526327278,2500.416731425476,244.8227733785972
101,1426.9627018641193,2330.3077178020476,220.8874455671673
101,1620.4899133622487,2354.4687884791833,213.5793590742313
101,1403.7568881819532,2632.608552729772,210.18486229857368
101,1408.1203602318374,1715.0127928005245,211.20400171962788
101,1544.376521877729,1304.5444550413067,222.5795854576983
101,1447.6159811902792,885.9019133396215,243.21268244574972
101,1270.1890013888185,850.8571495386885,221.76417866384398
101,1560.426793723342,1202.2522833196413,224.99940720962448
101,1352.2167634505895,464.73896125733415,204.74854206880534
101,1010.3956186876393,1230.6870852385523,235.016444337462
101,1423.9262664055123,1418.240420733419,228.84620318851105
101,971.9915341958489,578.9289256725939,278.3361057725957
101,1417.2949254692187,732.6745000630652,212.967024591272
101,1187.0207277496122,748.3707064829088,211.76449464225837
101,1460.842310785522,840.3218910663633,225.27515038543757
101,1569.3761877013028,806.607014617145,214.84318599139985
101,1302.5414119727973,772.6637783852221,207.30000599523274
101,1410.4773118136277,854.8264520468757,205.67975425476212
101,1474.6195643563358,829.8750397040609,196.15554373488985
101,1322.5664641749186,651.0949557747703,203.20439488390284
101,1200.4463886313945,628.2887615310414,187.4820662600441
101,1432.6458839737609,696.8989056538275,199.8534817918539
101,1158.653956010386,748.2578641037929,238.92922520441127
101,1316.2557489538906,817.2450385078502,254.85249666102962
101,1316.5247794811992,803.6603334366822,248.07982238370735
101,1292.9117207053414,748.1893635414305,228.190260365078
101,1230.4918326854834,641.4943447345223,252.4317830131054
101,1014.4681059118678,1177.2080173056488,296.93657285699373
101,1306.298881229876,831.1581427833001,253.501218302814
101,1076.7351704097418,646.9343517708447,236.36140843050103
101,1220.192430438123,731.2093859374007,237.83923557586294
101,1035.6054155873423,886.3317392466557,219.35396002400054
101,1023.713805216891,387.51444618470225,197.41191279684702
101,645.5335692501457,336.1029128359618,217.19272690112976
101,872.8094067203766,344.0041553480703,212.96201094640784
101,947.465603735665,390.79438853684564,249.89597280801812
101,1061.4584129894888,481.796666151918,290.0628102631987
101,919.1409338094289,335.5118552970896,248.7220384055062
101,718.8084830569851,344.09973472346564,244.3611343476737
101,806.1127360049153,816.8304892583673,260.4073812908921
101,641.6990549803986,252.36236946352778,271.6184114574402
101,996.9494596251619,234.86685330624198,253.63426176237553
101,1019.9924752578364,341.368145714672,273.8143654815208
101,1105.117855158849,421.22301117267625,246.32668085573297
101,823.4389249466057,1004.3373342360725,243.39795084875564
101,703.4557846689943,1251.7200281392493,250.37919099856614
101,827.437017824442,1224.0028506357394,237.0723619823402
101,1042.2419493042078,935.1460608325591,212.7527452458314
101,1008.9040155710735,645.2016532176546,192.25248265204922
101,777.3656037043726,420.0118498827055,219.03409087493256
101,833.0907056480609,417.54414128938777,200.97476547722013
101,994.5320667153761,517.1928935855202,224.0014211494827
101,591.2538591975406,325.8918465016542,194.1689029072468
101,736.5548329899292,576.681262252294,179.253498320016
101,989.5904610976503,512.686208218369,237.46432038267633
101,791.0636585320934,730.9798366473889,193.56104376335477
101,1134.7268358265737,653.0403906410876,274.94759418274464
101,937.9736803573775,845.3576765287577,239.66760219697298
101,698.7699796360585,605.7266318193921,185.71577768390588
101,756.0267157664263,691.075335122741,218.61005924379313
101,1590.9257756536424,742.209242720434,240.11267563461573
101,1237.6529162520458,757.9959882855766,216.86924605992508
101,1645.9586208264177,675.6854038178266,236.12275105004986
101,1698.7758459252843,612.1666334964269,228.03846444513627
101,1565.6420491568904,460.22035248763405,227.66147231905458
101,1718.4872138261233,721.2298879504975,206.17786678792785
101,1292.9215536837366,927.6702855382874,254.6650704614024
101,1456.9664362084188,434.3109994834848,242.73314744335553
101,1338.7019395740474,521.0897183592277,241.03649354032993
101,1568.7925935611368,642.3614404713356,252.08795185732325
101,1673.811133028867,582.7040843668036,199.4674635667375
101,1756.604202194709,603.1464124690038,235.83281706586766
101,1568.2042632596683,557.6703885977339,206.9622947214269
101,1505.944433216057,385.360696853774,220.71066152188487
101,1079.9045580359336,1257.2294077190786,227.25343750882982
101,1711.2396606556874,585.0073604228672,198.61525086894366
101,1444.6871565073159,1128.187553059479,194.93185071010262
101,1273.2047397302651,395.94942421208873,200.040513129502
101,1392.5650652002407,483.6857825315384,215.75594361818665
101,1164.7682448130438,221.79765662915202,315.77816350182025
101,1174.4466946833688,934.6666487881172,255.21201611385212
101,1703.6137541699823,386.7015249293979,244.73782013614377
101,1694.8658603008819,486.2737713039561,223.62921703623923
101,1431.1874746426417,262.75916453808964,213.70946706437715
101,1525.2900482952455,378.5831937719893,231.49386670803133
101,1686.5115200284204,289.11657642495186,202.19136164681245
101,1442.89932174099,251.29962531366004,262.18735037827196
101,1421.630203520346,444.61897522747415,195.61065936362738
101,1434.6661988165263,365.63495098369515,243.35779270969246
101,1388.6663356270694,282.45353870329325,241.02222381134803
101,1069.8810598282528,833.5741258002716,299.0352854049713
101,1165.0014013783696,834.858699951198,233.91500742728502
101,1280.848358785471,501.5311347727437,217.89435605927807
101,1468.086743533548,543.274325685897,216.396773721026
101,1162.6982843787566,500.9226520526123,267.5239429209795
101,1474.361075125189,1527.305213737553,236.08807835791484
101,1633.636260604043,1532.5562567258175,253.45306485840402
101,1735.467078771831,1212.4015631154707,275.4576031265092
101,1594.8960058153423,1123.4033038282964,278.8471422292529
101,1581.8481813096582,1107.14394243864,274.89461826026695
101,1320.4697165545633,1242.2840639191163,248.63523199405333
101,1107.6644070442533,1283.1997685112374,236.46914420682586
101,1103.629550617018,1826.7814924998374,264.514209996747
101,1503.309385264194,1255.512682405148,279.9616202427012
101,1310.719334033554,1548.3009586419075,276.41843326448725
101,1430.4212547530276,1637.6637485989218,233.41560547072564
101,1449.8451792978374,1470.0137950740882,241.48807737597147
101,1588.0438099734906,1410.1303851253779,228.96621359268065
101,1458.9851963712902,1050.2915245993058,225.51508034435054
101,1307.0599659885315,1514.2877407794958,238.82798029112305
101,1482.4165130961765,1237.0600220127908,191.72081831922978
101,1564.9622620831622,1519.1658389624986,246.92584051973714
101,1429.900436416409,714.5661183434355,214.2937852428506
101,1254.1161402408059,959.5133028006854,249.83891907285866
101,1201.1889619990882,636.0576195597192,275.69340802088175
101,1535.4585526133712,661.6552375113691,262.43525162313676
101,1427.415109993877,716.8247134389316,211.81906921024566
101,1310.4833165644457,757.9977066091723,222.83248061302882
101,1330.9810844852047,1069.0561982168756,257.18728826567053
101,1339.0850568740677,811.0588802076273,234.9710606815656
101,1350.7298793589905,1594.5754942463896,278.0705355073475
101,922.0146914291937,1135.30277487189,269.86690476183344
101,1172.9208294872917,865.1027105298753,222.73774448562548
101,764.3918101474769,1182.8404595228662,236.84060035789523
101,1344.451797657621,754.0696780018355,262.66829263872376
101,1144.6503734195142,711.357245720182,237.6175409571173
101,1053.6018448220323,1351.3188266842099,262.36225098037744
101,743.2681608077465,1079.0487895845968,247.96472102927729
101,854.2934163302547,924.5645077631792,229.8882435051904
101,789.7893171921127,1205.7549635177802,267.7913597801538
101,753.6685612198353,1292.0154892999462,251.42268315296317
101,1010.7761169833713,1228.6510240139032,228.44446105313412
101,835.9430767394916,938.7136440338758,297.7054851799451
101,1099.2134580600632,853.8218267218525,240.84198814450176
101,1060.889739632588,780.3733659883295,268.97388709095526
101,1256.8814923165817,700.3445538421707,226.69994148094085
101,1178.060410934231,820.5483170600361,228.86982279117004
101,1353.6937668085513,566.7371695733108,208.75383003759381
101,1199.6944481075327,420.43383048063856,197.8133701282829
101,1080.5304052895224,552.9873177853898,213.4399611043838
101,1297.653379511273,619.9384544254875,238.87825101785566
101,1180.8343022099632,685.0248872350404,212.58031630677922
101,1231.2563922996135,697.0033453110208,257.1347206265989
101,713.5686950903793,951.7125874189009,235.28780005537502
101,1095.261467420615,661.1685170937184,217.07935807523327
101,736.249144246551,679.1358666295883,263.9789809860886
101,731.9761768443169,947.8428581057591,280.021600355554
101,733.2754654226378,787.6132209123065,275.0470169493418
101,927.2086422550332,682.9863779514902,281.50141726277036
101,877.4774705497399,779.7173448954933,243.61321657867754
101,675.0126929241677,644.965976944293,267.1973895871736
101,660.3047871502314,606.8261115211661,212.0729284075954
101,938.8316201618412,879.3063537880827,193.6496917845221
101,967.089735564571,941.2710580339975,195.95666835089148
101,820.5689224672013,700.4055610814006,226.330779001381
101,996.2094941514512,774.5159628928999,259.6395026549735
101,1453.5589000563014,992.9777049845146,180.95447673801306
101,1439.884290096064,645.6216840780397,220.12947243311984
101,1440.0784667728465,853.8729394518849,217.91769549502018
101,1394.621982206866,734.5374126032078,238.2340590449725
101,1595.1551712015896,606.2470337865158,225.02562401379387
101,1615.2881554722364,852.566168659415,230.34112661568278
101,1467.2484752648695,1019.1085172690156,232.09236314246849
101,1490.784886710255,877.6611914815347,228.15625526121718
101,1058.0972011149856,934.5572061508066,210.5203896513373
101,1006.760098604398,719.1555752431942,269.81001043002516
101,1051.9188962076294,727.8059964870791,233.83658739921023
101,1100.8340244284725,393.6531034073363,218.59370130305857
101,1371.3965373531812,900.0882254249744,228.9085660128101
101,892.9431972034607,658.9522677718472,240.7152834345143
101,1289.4828803746684,851.7315502564869,245.8499323837634
101,1081.4424349747815,875.9576593904459,233.30643995499682
101,1153.4372122249936,481.9411065347273,222.3096063491242
101,1079.6568073684846,375.149155779989,228.8490132019489
101,1031.6987951935503,407.3213649536266,283.9461271813765
101,1055.461025729329,852.3990160581806,258.4265828574679
101,1139.5206634794129,453.9750574922923,260.1878242342839
101,1030.3130492422295,440.2029533903668,252.64571204548835
101,981.9990262196669,330.5709514301718,253.09141011256614
101,1085.464626630748,462.3173883701818,279.07009029288963
101,1074.9547174165211,439.4628008471402,300.357090132449
101,761.3673427295145,731.5092525423426,313.0681439200847
101,1035.4045379655593,404.6057319824446,225.56775268435845
101,940.9720809710192,287.07170663507554,250.4396154337252
101,946.088666874136,524.1346647586737,256.9879599924326
101,705.0761431602415,716.5111135091805,278.83431051112484
101,708.218971743107,663.1810045972846,277.2658445621013
101,922.911924928739,350.13675959436557,266.5290733774326
101,730.8619173939668,227.62975505090003,238.01538548610304
101,641.8397686503649,765.4067451409841,206.4792824258433
101,873.8277092954032,335.9796298921801,242.05702677203143
101,620.536031979994,187.360176639104,255.40365855619936
101,651.7177023474386,167.64997466235525,266.1013110867574
101,610.2152914125372,213.0388950303858,253.98393469278452
101,739.0958516330255,97.77738199366468,235.35946517762343
101,787.325772643608,200.25109690414365,234.0243661908838
101,813.770421732656,296.0284271710427,245.00404621777935
101,722.7656697910235,347.2465550640312,220.71951749470443
101,735.3450167783209,459.9534093717972,193.9505205895213
101,826.1874792411403,340.6851891384025,194.06455034972103
101,801.9168442282956,573.2706584314013,222.2901194746086
101,721.5858846171933,245.12953967488772,189.27412452519476
101,726.4209882487361,96.01907911424405,210.92207511117405
101,544.8932447314603,27.665435673677393,213.47529339105122
101,555.3444488056524,18.169788384940944,241.5128980321749
101,493.92743167037474,0.0,227.84462989715658
101,519.3035709263773,0.0,217.96440374134218
101,467.5663342278507,0.0,225.98075824965443
101,419.4537210965568,0.0,284.1958710661062
101,346.3271685456665,0.0,234.26113236647367
101,381.41344054523825,0.0,221.56507746618578
101,295.43563069916786,0.0,243.193157954351
101,383.1905894383733,0.0,214.20701243455235
101,327.2514304989646,0.0,231.70523364622832
101,339.0188901383866,0.0,287.529308688324
101,361.11434470747986,0.0,228.01585237115884
101,354.06550064645023,0.0,230.5873079739516
101,365.29343917969584,0.0,214.2846975942455
101,340.02110050812576,0.0,278.014005997155
101,312.57295652154096,0.0,232.4169143464986
101,256.1665557634175,85.25570298072569,229.1912179486935
101,318.62192404465327,0.0,178.53432402079068
101,328.7031253905917,0.0,207.44925204507425
101,277.45781174550734,0.0,113.75654430463317
101,330.0776326475542,0.0,113.68275264369848
101,306.2057896213954,0.0,88.44184890068038
101,337.6232671250747,0.0,82.20373000041286
101,326.31468579506475,0.0,89.08780924442846
101,375.2448991887858,0.0,89.63118242800729
101,346.93185724676994,0.0,104.6549252783108
101,346.4722288009714,0.0,124.73086561321938
102,1022.063966103986,4938.259519363194,228.79766099190275
102,1910.293412188477,4407.872522007433,231.4076036415103
102,1067.9331016844828,4898.703566763189,245.46347133006012
102,1442.1122692617964,5089.497147890775,193.37001442530337
102,1123.9714630973413,4992.258153292108,208.64537648399008
102,1082.961784399611,4929.981597392092,221.32659687963067
102,1343.4683202233512,5144.324905127801,219.54881138915337
102,1348.3260694091784,5037.528617362669,216.20339368047988
102,1645.6729465541537,5114.364882693132,226.76362100086126
102,2017.904976034373,4638.867179124118,223.3691816227297
102,1309.2970784039214,5112.504328785227,209.47451912250645
102,1093.2972234369256,5094.385535177343,236.44150687266497
102,1734.5761207518744,5165.25064836601,203.4516704366911
102,1421.3151013452427,5111.255481564473,194.25101083479265
102,1252.5899115055638,5078.6773038233,224.01070411017756
102,1299.2551812971267,5122.942267083468,224.32962252886577
102,1373.7048545839473,5207.99761131475,227.51639110470714
102,1251.1922178544287,5117.943974941432,216.8662553142842
102,1153.7168700788302,5158.864099535346,207.75763011118036
102,1087.0578679459825,5091.655383110847,212.90346741893964
102,965.6157497387347,5030.209120453883,226.52650771509175
102,1026.9269397740957,5059.495751373988,238.04944634436836
102,1265.7762874638338,5030.285640602663,222.33385679191238
102,945.2510305160293,4916.362650490851,240.02526348906187
102,1266.9570989238641,5041.040750014165,235.39684903935606
102,1007.0458520733549,5046.583594110143,219.1977086135831
102,1376.7685160417489,5017.1616507362405,214.11289951386706
102,1235.799305454021,5028.184582008458,216.4129694740905
102,1121.5630109179322,5002.96640179992,207.62442284454195
102,855.7253239420705,5034.457606103297,235.1636440526576
102,1218.8728027363393,5062.101145971338,217.08773683545436
102,1015.2017863379541,5128.315014403615,232.26125129669046
102,962.8002595299375,4906.658034303578,234.19931775265107
102,999.3446995623966,5096.040031900335,217.52221663368024
102,918.0149547267555,5044.9306930945895,232.9901544719357
102,997.3649922977987,4963.344408409775,222.24098345907717
102,1176.119590769389,4914.680537973788,228.78618563651625
102,986.0529497215447,4993.735487079428,212.4764196950927
102,967.4851002945624,4859.672834714256,220.13293262892265
102,1186.0109317767615,5070.462203235218,228.28958879395114
102,881.1598810742634,4980.254123217106,234.30590004676182
102,1019.4717780408383,4833.47514814746,238.4499445287133
102,875.9580405640166,4846.825160164151,214.49529897079
102,1043.3600200961387,4904.66118450291,243.02691401996972
102,892.0918303191792,4916.697332752134,223.2656364054903
102,1030.5223538112843,4885.279494540515,233.5769402753052
102,978.8636937204409,3774.8063202690732,221.7805347079329
102,907.1970737651901,5007.459277726121,223.6648628313271
102,870.3748744530068,5025.391320636645,213.9234362152803
102,955.949148879322,4899.145963753609,207.81784456001563
102,801.1077315780038,4126.31523082898,213.30227578532188
102,897.0333094290248,4862.139727724447,239.82421531740923
102,738.9545275936061,4929.331707513142,245.92864149226133
102,753.4759795782717,4831.722284619474,218.9107214948045
102,710.4146014053172,4834.75771567403,229.42309629962475
102,803.0671456393032,4099.047278607204,236.9797651337116
102,706.8131881434057,5115.167211272926,218.57661758073888
102,692.8305020770362,5009.188285452757,240.67550637741786
102,785.7958262339959,4597.457097047729,237.75752737516402
102,723.1695385616805,4756.946005713618,216.71249186687365
102,795.4332591733679,4708.594365300716,241.46850000223102
102,641.5139204267108,3910.0192869581456,254.63431985643214
102,801.6042254792638,4497.10499431625,227.5089000425899
102,811.8560691768693,4540.079561617518,201.78249060940314
102,792.4399075120531,4268.2793808283395,240.03793276561086
102,649.79055706411,4392.2796671107735,233.27452728622765
102,658.7607912051652,4571.857260984964,248.99003222403488
102,377.28462704187143,4283.268557192614,226.41287871968674
102,731.5061123134963,3670.0026812272067,230.53029761086137
102,644.7855506315021,4538.683377320706,228.8029506447343
102,424.00440932457843,4210.1786855314185,223.01195816882236
102,489.3305661453247,4184.42321943954,222.97887291937744
102,241.1907045014975,4273.028782051098,212.15286065200124
102,619.2473141961747,4320.236488942827,252.51443446116062
102,266.4578351939748,4691.185876833455,224.91594409241569
102,315.51299121710724,4436.852852250756,239.17684769414544
102,633.9484411158783,4785.172641978732,231.08614957433068
102,242.13358547154976,4358.782338865608,237.23861954392433
102,263.37467311223895,4326.767762144549,214.9466735845846
102,1879.2931147843922,4560.65822996936,223.11213284307
102,1926.1020257184066,4496.045233828792,229.60459820263193
102,1058.5974253245656,4490.55303949798,230.65172748449746
102,2474.0328117607805,3981.821863431986,213.4814119337203
102,2160.9707303416703,4123.3453536472,228.22557223290036
102,1730.971475051053,4350.153321527299,237.10988735317935
102,1575.3569507817324,4379.6418824110515,214.0794708481229
102,2213.500781127957,4012.9461387138003,229.47324734453557
102,2363.159733519982,3877.078752268841,235.71129115806835
102,1960.206453298262,4191.488297126821,249.53304782792824
102,2383.5813879682187,4403.863691731064,234.73092155361562
102,2449.793405930734,3844.956432454375,246.66153776966544
102,1403.5393976256014,4234.621120904162,232.69746133240406
102,2501.9783369971415,3933.3862134403093,220.72304425905864
102,2624.2431002587396,3546.321012595575,239.971988554673
102,2080.0065373117563,4143.381697029657,253.9657991232568
102,2385.7168788802014,3683.334375700593,240.00157998189096
102,2198.045265125547,3726.6263707099756,248.5657518108325
102,2351.267648997555,3521.0092904916028,233.41155760684128
102,2047.1357875711435,3922.262900734883,221.50157654923154
102,1818.8306631943544,4007.3343721646684,233.40074495607203
102,1987.1470001623932,3869.929406884284,219.8513197433895
102,1869.17702573666,3992.85173068235,232.09278129429978
102,1764.298740249988,3820.1717539757906,218.2307798957436
102,1893.4187508274283,3787.1349623079864,233.98826400642199
102,1011.243099387022,3922.455724065079,221.73304269060648
102,2023.5455662206498,3945.4476207222347,234.0052502810344
102,2061.15509067646,3497.379607765819,214.14550906908377
102,1761.7380607820621,4045.4475243506636,244.91784868474545
102,1863.6249071372133,3915.992352219531,248.21894018531188
102,1918.3234809559956,3480.384451122651,230.68747764196078
102,2046.847653752665,3337.903209004419,225.28439573445385
102,1922.710210270721,3532.4687857244753,215.73996250717752
102,1835.2720531043572,2965.5502862746084,228.73911220606024
102,1204.1361487164374,3846.4318711036344,213.1870618332093
102,1208.6830514429819,3437.652368480105,241.27797274531966
102,1669.6420733258292,3516.3485096808627,221.2205187087749
102,955.8083576130479,3396.770391942118,225.29746024765748
102,1805.5753882361116,3583.743356644604,229.85475363424214
102,1981.3983425342633,2854.3407232214927,226.5235167410439
102,1890.402791764763,3655.583732523733,235.21162806083638
102,1818.6486392223499,3593.2800486650854,231.52811379186934
102,1609.970966471434,3521.295969763041,234.58896397190725
102,1682.0986811132393,3416.872913447152,229.5832053771413
102,1994.4557087237347,3486.378814152651,219.84295332336026
102,1761.1444104649638,3124.2313276699138,224.3087400936624
102,1932.917916486813,2845.876156122651,220.3014952311946
102,1103.9008442522565,3143.977032663779,214.42332093889527
102,1820.6720616814648,3373.0937017794913,225.05007654341884
102,1865.065218087647,3312.7767133303905,233.21041101956624
102,1370.3244381373147,3070.7501646746296,239.76783703509497
102,1508.1943540797142,3351.0107186609694,249.9783652691277
102,1191.5144873145746,3202.8338587685967,234.4139197288491
102,1190.0025668809055,3091.0094037797294,218.95381496020846
102,1788.910089261369,3124.500210526282,230.00237708462302
102,1686.908301267286,3227.1929895040867,261.73684489673803
102,1605.5666480343887,3196.362201407656,238.24054875557337
102,984.5212360058764,2995.207254864056,213.96503003608623
102,1304.3543229887389,3068.8351430823245,243.77401836479626
102,1483.1031923415103,2387.7577554637705,253.32757851138965
102,1537.8617798644427,3346.096014427889,263.8380967158663
102,1549.5797316832657,3301.359520529086,257.1780855289236
102,1568.8544888192944,2207.9959835169884,249.62715638627074
102,1003.3631958882842,2901.9489753192956,232.17066439370186
102,1246.8298204792861,2897.585001382224,245.13114530243698
102,1446.4764952836265,2890.945116747005,237.98038815656062
102,1171.798552159333,2983.901863430517,229.5967836692238
102,1225.2866827613966,2979.6686591733883,232.99837209867067
102,1102.590706618126,3013.411218434016,224.7672283310898
102,1162.8182064701202,2843.335267963616,222.37654009468102
102,1188.9325627854703,2906.7497823472972,223.76635551091928
102,1070.8734658924113,3068.391708622155,227.7580043855543
102,786.188344772121,3336.1917447235624,219.1096237876549
102,1095.3020700016777,2930.609094768788,237.8825995999505
102,1061.4678626861705,2908.155372739902,230.42923843667623
102,737.9550635526195,3140.3210954277815,217.16783378119018
102,935.7661382731077,2859.1157895459114,223.97229450480276
102,1043.937477929093,3033.7612531381574,211.39252703909872
102,1193.3711607572461,2334.320364092034,211.05217736950848
102,1065.7006087811235,2872.045575120158,248.17431379380722
102,974.1873571291027,3156.0983397818904,224.78572306855497
102,1028.4373146376959,3063.005026540285,212.23232373857192
102,1060.696649434502,2752.5032063508147,239.95828157417648
102,997.5174029384021,2680.252382173649,230.6856012593109
102,927.8670995671472,2962.8285947161207,218.5186992443238
102,922.1020213367202,2666.050914482496,209.47820661084447
102,799.1315242385948,3088.0570150937756,235.538691434833
102,678.8311862757836,2843.4499323572863,256.4523234967244
102,690.0054130839475,2830.4228186251657,230.13771057712344
102,741.2668122414626,2859.974093932928,211.01765503592136
102,650.553695336174,2795.248276714675,247.33664972992077
102,822.9902572967006,2764.6165784483255,223.63155397715323
102,630.7296438275081,3060.0345063575946,235.45768511399868
102,702.2844910620679,2834.756203491904,228.600750738203
102,656.7457845889751,2526.8472174978874,239.74551531495186
102,662.8533297779019,2637.2561611558463,233.31380362530652
102,531.3240833496021,2908.744047460757,238.71959107393806
102,756.4260563214882,2445.8325186714787,225.14398610298937
102,487.57673726805706,3179.7990415806344,249.03909893386518
102,721.2986684949353,2032.6323370225155,228.24176302348096
102,490.6095668422968,2147.5587973760776,234.17053165179337
102,375.43677424111695,2690.845298638349,212.8628456090236
102,629.965237202112,2139.9381472254922,209.25087650120886
102,596.8961323440845,1954.7914672717702,247.86045674712048
102,535.1519922354971,2713.9989214178286,239.89317181749166
102,609.3679263245607,1748.9640165010014,237.61888069043383
102,746.9981205330365,2603.3994414323297,237.59694406205566
102,713.3576221148172,2158.5687611549743,223.86348320385704
102,655.7929319076533,1884.5504222287336,239.23514755640653
102,583.119656656365,1965.1680212011743,214.93026853223276
102,663.9835833831522,1560.9660134118749,227.3958425408309
102,500.51553743890804,2101.783711496378,203.68703290945408
102,315.0251018782577,2135.4294614200135,226.98041192713728
102,435.9521528312745,1833.8949638495415,209.7940860626991
102,351.19246050270647,2243.3913186816962,201.210889426602
102,393.32437357058234,2312.2181869847154,217.6693398133314
102,467.90822548295966,2216.3508768815964,217.0421470739922
102,449.38080740108865,2072.753723229164,225.7419616009473
102,2128.594679059143,2360.597252177582,245.9858449546705
102,2164.8141970861434,1988.4175930032666,239.25150852696274
102,1896.0370163581667,2386.6140314825525,244.78435908975896
102,2192.445141881021,2177.9289780211143,238.2430032381403
102,2274.0894691765075,2175.0874172656318,218.28928597075438
102,2019.9765090269673,2581.695734430787,248.02641740002153
102,2039.0530828202075,2567.5050292154297,238.429435282568
102,2027.288376134595,2740.2413536172235,242.21515991213383
102,1160.9399312116047,3244.609856398532,228.40097727269492
102,2185.6710158374904,2533.4219305723354,248.76284714169364
102,1866.8418618880344,2631.0014083275005,228.5787785237833
102,1847.2188638706186,2080.3216531857147,244.2799093574878
102,1955.4187349576916,2403.031890390568,232.9841860582185
102,1909.1264758689028,2842.6450160027703,240.53169572781147
102,1303.7244886015885,3211.9478047433117,237.92238043515343
102,1152.4314397922226,3404.7396827874554,229.55615415145073
102,1747.9279408855284,2278.763861852479,234.95102930537345
102,1667.2918608375028,2422.2416256836414,227.36462255156547
102,1662.0133077431071,2345.5404610848796,219.911606333521
102,1635.3941752627973,2347.7698778604486,221.2903584728355
102,1844.6260389228921,2311.2345449027353,252.10601391807015
102,1620.1797561479923,2109.786977750735,226.23719543861458
102,1853.8114400553775,2572.861982447231,250.0090059592434
102,1555.6279850235135,2654.735875816682,227.2562073192669
102,1578.0438587986366,2109.02498774094,223.869432125847
102,1616.3689754646718,2161.7243083376006,240.85197513671383
102,1795.1643335330984,2022.1228652568711,221.6767509945046
102,1735.6808926945905,2012.998759453356,248.13645593563174
102,1818.921951408401,2272.7634340100876,211.9722945219804
102,1871.3033461155349,1501.7142976700397,226.56719887780346
102,1340.2316959312664,2845.418573898299,240.4637004371759
102,1741.8435844861358,2196.585097672329,222.27010385486923
102,1723.5606650601283,2997.857698378319,227.03933305292267
102,1230.5758546841873,1910.4660032592187,229.05080493753476
102,1474.7148665819152,1782.6912598907766,227.87982935386916
102,1610.3683999192333,1826.0625777728583,263.2090746675599
102,1544.3104733715875,2004.3144996416313,239.17803863791616
102,1379.0049906635882,2387.3410356731324,255.75486909805196
102,1526.7566069113561,1978.7846699939068,265.2490486988861
102,1404.9578909891386,1847.193505059834,256.3971942919686
102,1308.716682872559,2015.9290008611438,239.106644912269
102,1210.6588847997473,1608.2960558133814,232.98800200617572
102,1134.9823271355233,1454.6969337868186,250.44514203230128
102,1298.122037309871,1485.0043433962637,223.38700897553034
102,1393.0384555659816,1969.401061882225,239.82300474104645
102,1327.424749215451,1924.5731336727667,233.44282317230605
102,1405.393375833368,1795.250731730388,234.38789709762594
102,1237.441304298495,1771.17290780852,227.7938237308256
102,1218.93400669162,1780.9939011889119,232.93956874675249
102,1162.8058116125292,1997.7821405761956,232.10925771534883
102,1251.9825004241095,2220.259821382936,215.31095053073486
102,1017.9616594958408,2018.6756003933942,224.70384197064837
102,986.4998948225219,1964.2300033418333,221.25063988806957
102,1080.3626601974918,1820.1026116063563,216.5013675651796
102,1071.3868204198159,3265.3126856738277,204.139133577835
102,952.6652608636663,3633.3079277761594,229.0446387363111
102,1093.0350772730126,3816.743860999098,225.91559082172947
102,1068.2059768246859,3606.1651204511095,224.59230025405347
102,1150.4260724885035,3719.3329790305675,223.52850260291123
102,1044.1936367884675,3466.1252801729256,223.01526968862757
102,1133.5442951150733,3748.448095231953,235.915478462258
102,943.1741176476056,4165.706912820652,229.32202750328443
102,1070.4751704869302,3772.1089665305813,223.63117322735317
102,896.2359112701557,3779.448858703239,216.4390723739826
102,1038.3881602838217,3820.826121605622,210.01379334335027
102,915.7009012819816,3613.963046508769,227.13301568611823
102,951.6119061935086,3829.7211901047517,232.67254532123846
102,1069.9547132382352,3932.719380922464,240.14726039884536
102,958.467059588076,4090.199707138461,237.2671774728449
102,900.0337528697072,3790.21149056717,237.3562653787022
102,955.1362992382846,3638.615414612375,244.92794894013454
102,919.3668838787961,3736.6557478206682,240.125861111969
102,892.1566692280129,3763.149516610549,217.37860476283728
102,977.7444983616998,3895.0926767926535,225.17552893732025
102,997.3884943648806,3860.079221444815,219.56176798747416
102,855.5876458778483,3876.10324021355,231.26215450046394
102,783.332106257098,3696.418192193953,215.27466279508442
102,822.2978518338037,3905.871187005096,234.44603166626965
102,795.805689478885,3941.2216337491386,250.9893819313518
102,975.4541235091261,4050.0970220300183,250.5461773047546
102,643.1984442846102,4106.213968167427,258.98551134960155
102,777.9148369375449,4186.6782139465,221.1565226255307
102,837.4819415001717,3984.2715050793627,241.94319886686705
102,887.9637057017197,4072.389574232215,228.0155166232096
102,666.1246952590902,4017.578706775897,245.16779923690567
102,772.8371080114862,4080.8624354809394,236.28743173919437
102,739.8593837219241,4291.2080242557595,260.7244472872003
102,713.0530072556741,4042.7683458011456,253.32047952497228
102,661.5388868458259,3822.7265955711514,224.6368616638263
102,877.7221271489733,3687.0724061069736,247.86800721547084
102,840.1433770127954,3803.7985706126824,229.10233177331745
102,739.1727462624278,3906.239449246584,251.08701884570777
102,647.115483143546,4041.7988521193324,234.73317085390906
102,780.713317628538,3900.401413128096,229.51909478100433
102,606.9170525517477,3664.268852120384,216.06991517777467
102,760.3553635308803,3943.0567239150673,208.566294322453
102,378.3139210138163,3634.3416000292887,224.79521815125273
102,711.6406329683911,3971.408929410982,242.31958071898092
102,744.2511863672767,3805.388908298582,233.35525711877986
102,601.8472041421569,3827.0626496532573,222.08999051444252
102,718.0198224295506,3833.582222337742,240.75905995141935
102,680.9573543811797,3888.4017033276127,260.6991005674977
102,482.54554715088875,3825.210723022637,241.77519584517424
102,649.5487847530518,3884.490103539921,248.58075513317434
102,454.16539979986,3790.830049316383,232.91127515160807
102,323.1698486488891,3076.4839122647018,222.73532599560983
102,764.1928243890682,3982.3164486941573,219.09435316492332
102,458.18225213648816,3741.7394871337005,204.96976401616982
102,559.1852595633909,3700.0411212846043,220.3998229984359
102,445.04222604783274,3647.486494259399,238.3336287921659
102,681.074729075786,3788.280227606658,216.2284124487244
102,155.515456739433,3479.8117664280308,213.26832336095512
102,1702.6761123833826,3903.7502935148254,224.39949781600282
102,942.2245220502249,4045.7460293069275,231.0131680365554
102,1706.1535944478605,4157.416078747624,229.04504342684479
102,1318.3070058705812,4112.256873103474,218.03956976358197
102,1753.9698514219951,4030.624907866131,262.5585350160119
102,1636.8933435455313,4002.224498418243,255.9729246214226
102,1797.58650291481,4056.642863235174,227.12239138372385
102,1746.9929683760108,4033.7271620185234,213.96279364421483
102,916.683756742519,3945.437933420663,231.83585087739604
102,1702.9620084922171,4118.156806868953,239.27702588668402
102,1554.682729912426,3999.787122065771,228.40159732949908
102,2059.07523720539,3598.7606229197595,240.71091888521173
102,1984.452048944848,4078.700515985622,228.73867073355834
102,1799.7665515940719,3980.3281144700572,228.4308751323829
102,1600.0364457211713,4007.0987350827822,238.7293486133636
102,1552.9504885332212,3976.3970455848225,246.27724344246198
102,1946.9455209561359,4102.869168772303,241.53641216697312
102,1865.7724727344741,4087.0653773346407,234.79910380196353
102,1632.9969853744808,4093.0902069659246,238.9719464323962
102,1994.0031038926857,4134.052119001063,232.13947339109316
102,2100.7466478534893,4016.7959185111563,218.90980392868553
102,1691.4347315459509,3994.5311811117995,249.26442036102404
102,2135.251191523823,3961.5382706743153,232.88442382364067
102,1851.5252942298996,4091.5674699847273,225.12163460625922
102,1783.140331850936,4091.55401484392,236.10587671051198
102,1938.8302030464895,4067.090935776527,218.00594529834783
102,1771.7648082744156,4167.88074051219,226.23804177621358
102,2104.074701037761,3466.1858992523885,222.05901233332784
102,1898.091336160903,3359.5374540741627,218.65163147706946
102,1951.296773481455,4218.572392261043,219.60709420942894
102,1806.8917488247273,3847.4628326952193,227.11284182107804
102,978.5606949578186,3891.8828959418256,222.0523792253306
102,1353.1141362908954,2541.9026125484097,237.11513112218861
102,1720.5328657216119,3825.1289806198497,249.92676759043493
102,1676.1125128838646,4237.403498823827,232.7486635124349
102,1698.8073444503007,3668.1769404697975,235.69925059160622
102,1357.8353995620375,3906.1629444658397,219.91694114895213
102,1027.6583895082385,3678.57360603157,240.40100016955822
102,1508.5424369409895,3834.6799851627525,254.89457357454617
102,1153.778224558938,3091.0390706264775,242.76743508736539
102,1454.5018119366591,3762.370043118696,245.02599636603318
102,1323.925755376142,3646.81797308715,211.2401629234371
102,1142.942184422928,3464.477685882162,227.0203533797591
102,1257.1721166205577,3654.5921512661293,239.68014758748703
102,1470.680967268944,3811.2884217897486,235.63484879215466
102,1459.4759349977217,3746.030996885857,243.2472767458319
102,944.5586414734674,3648.2427063330383,227.17546920647553
102,1378.9300132943551,3754.321225012766,232.92882877338386
102,1312.9175270203734,3595.9060977763916,225.97342401367754
102,1078.005499928661,3665.875057458415,224.88163009275698
102,1026.9651302676523,3688.927900720731,222.66734067654423
102,1320.9922556333436,3638.748478022823,221.5201245442851
102,1017.9561343172962,3795.8265800796876,214.41388668567814
102,1219.4172527481066,3858.6267099083466,232.08509229598425
102,835.4487755798967,4013.5812727550933,241.04632913529716
102,924.7225323026117,3722.4113870376545,235.99953783450954
102,1349.7613753910425,3655.0582027395844,215.91811723513425
102,775.401532658347,3622.3570385636763,236.6564759455513
102,1181.5686033543589,3427.1558775903068,243.82957388238262
102,1149.4907891727955,3657.6409626533964,238.98700682215573
102,1165.2602699334814,3448.348269689108,232.70256091669924
102,1144.6696305241978,2851.9513191207193,231.55105741564248
102,831.1905084565213,3617.0681295021327,234.29002615096314
102,900.1202533607078,3612.3845701060695,232.25629362307856
102,1000.4251877536507,3402.124164134456,254.15062411408664
102,868.724392065904,3223.1181864244395,247.993212687014
102,714.71574403159,3071.1105821554606,221.41884848348823
102,801.8533274287337,3235.389281861459,241.80819881921005
102,708.9445132867031,2998.5654236647147,231.3818700309943
102,789.9958105110353,3118.7698157744176,239.8281000525
102,830.4505142205886,3138.213419232022,242.03017140558237
102,635.6626244250187,2857.6633593116694,233.49927647598818
102,846.6078092503077,2644.5632119963516,250.76695460425086
102,639.6111345905091,3246.9098019610597,234.92403047003265
102,636.9270927322824,2925.4734827897782,247.55499467973638
102,591.7945333168443,2201.401394598016,230.95009630343296
102,625.95392039214,2994.3873812384795,228.71523702930656
102,572.6744627681896,3375.8379576318653,232.81039165601234
102,629.5253185515755,3122.5688142374343,202.63922547761703
102,381.43340747866694,3180.8139097351063,199.7517823969878
102,511.1870003029113,3140.5084961668895,214.6972879299217
102,601.1377709373356,3373.588298032381,223.84140169621153
102,746.8442789920169,3580.4230712518442,250.69725361719637
102,522.222625569726,3222.3689126744866,238.55043085229752
102,299.7223860998664,3209.3902738752063,202.2597397426504
102,343.3065567458508,3290.8507088396636,237.25216143713604
102,416.4469593391715,3309.4095586776516,232.5948012926216
102,696.2774087903864,3641.9663074475397,234.52860912143692
102,598.8392237931231,3142.1525280041546,225.80310656579675
102,435.5992166676857,2817.2691346545316,221.34961178464832
102,277.0156867634465,2409.946670421765,203.83653069573782
102,385.06282088342107,2865.5959298553885,229.66766246810388
102,183.43106474489124,2874.840828246018,261.1114539071825
102,295.34841367762454,3254.9592819809045,220.4611214447407
102,313.16061443790284,2634.6988133427017,221.7796953823363
102,457.45495319908844,2879.3076988641365,227.2451133537855
102,1828.0992986114072,3304.240797650491,218.91058807943378
102,1450.1172097984888,2092.21834236399,220.96373230383884
102,1874.2372638724194,3239.9444601086607,215.16961816505582
102,1144.1270676089239,3622.305871267104,218.76018721983073
102,1807.7333582109575,3221.1325697750594,232.72932092097952
102,1064.292713868644,3505.7111204880953,218.13781528047744
102,1798.8446510419801,3051.778632103678,211.53091328586524
102,2020.7928849689945,2599.0567676371666,238.09786833945648
102,1767.3731588323744,2519.0209338630425,217.60457228468093
102,1708.8144228722665,3276.2845382121327,234.45616731580358
102,1746.904196664888,2985.9009973797697,253.2174139527073
102,1284.1051632853482,3274.368739829285,253.31805940236862
102,1565.102746349749,3383.9846215528305,243.6197209853851
102,1579.6038849817658,3187.023225527779,232.41936746473246
102,1512.237293065285,3569.7187299119664,234.74788462658657
102,1958.7732251812843,2846.770063836213,241.19963880446906
102,1802.5961773351607,3621.407506833398,238.88670634532164
102,1615.0955442906106,3623.5092389948436,258.17278309243045
102,1733.697419506408,3001.327535032819,246.59267873483154
102,1721.9370559043596,2895.25207664647,234.42790898147703
102,1578.0059704976532,3533.551360322828,239.17628325873213
102,1500.3333822785671,3794.8531872943845,252.20587618424113
102,1546.5822523041259,1934.9433559643476,262.01185886859196
102,965.1722414118241,3276.765916893831,238.67475277758834
102,1658.6833815431953,3265.643472143728,236.71426127746966
102,1506.3527519861127,2451.857786851596,238.10909274839068
102,1068.4809217101326,2006.5175863348136,233.07211968686514
102,867.0905486047205,3323.6334201350824,251.14478830122002
102,999.779795376045,3548.297471286855,211.0389699517996
102,1358.6932086639438,3196.2381884214183,203.73589089052896
102,903.8648743118928,3293.014355072381,217.2511236503639
102,1423.6722965416504,2266.3578568813828,213.66957886370867
102,1404.230419056705,3040.0324384858973,210.14285419018083
102,1138.7372429228762,2164.7941762095634,215.69347366042948
102,1193.8682590451433,1885.4311139904812,218.81255774413833
102,1181.5373411900753,3142.1385842540953,226.4651991752793
102,1365.8482412927935,2929.478256945024,244.3350877242195
102,1135.680848711578,2022.634640867751,225.87330394732604
102,1235.6447308593058,1900.1768541876395,214.2891271071302
102,1331.4904699742717,2921.4505040323097,227.12916243144187
102,1266.4251977046463,2857.9497311092664,246.34039667558622
102,1160.0888853013203,2050.6086337021566,224.90978000924557
102,1066.8671517934827,2106.7834015045705,215.66950250634298
102,1020.1686013739949,2787.31288314285,232.67030744652655
102,1135.8418073736254,2585.234775290448,225.28129746025624
102,1106.3007695072858,2673.239122547015,235.99583074743097
102,1009.6032557623429,2594.216776548734,249.6146745211593
102,1155.9412104107473,1906.0021244306777,231.58695728684998
102,764.2294677278177,2819.757755368805,247.30970237934676
102,1050.3449597463605,2830.557513566424,242.12074932418133
102,1045.8326964995522,2724.932432878704,227.23011416693006
102,937.6127226467692,1926.9423702458298,216.5582522772016
102,959.2161972630805,2110.27236043244,222.78897924877563
102,807.4361179671461,1987.3672154796295,212.88695891885342
102,661.5306509374036,2887.409465934836,237.5139049697797
102,849.6206174012967,1945.0716291953913,209.6429384299163
102,971.1244914864529,2673.8393424833007,227.27965746806674
102,599.0642922792334,2961.33313680992,224.25124677773996
102,849.4571059728584,2722.4895993288965,235.04630694831903
102,571.1070353093157,2928.8580092618845,241.49149914459443
102,655.5185356442269,2772.7386845191118,225.1144795899746
102,935.2944616653546,1661.8688057112677,239.31614037394385
102,796.1659021388731,1812.1778019936132,226.88237297372294
102,752.6332667669998,3307.517101200749,224.2361945461541
102,815.6801719730973,1871.9827815621165,241.33452306474132
102,837.9668806355584,2643.585147509457,220.93706648628174
102,621.2493147933237,2780.938527689704,232.44268917206196
102,694.4123311276937,2588.7101690392305,218.66128566616888
102,956.6879239499116,2283.9445422994245,247.1776866025497
102,715.6415713720114,1935.1219354302548,232.48815485352017
102,723.0139122720502,1988.4751445236707,239.3715036551079
102,754.8542722905175,1575.3524334493595,227.73259603311217
102,591.0121137875491,1353.0609483228372,222.47860505668925
102,592.0261912097816,1356.5683286315234,222.7488180366071
102,220.08293523180467,1938.093396632201,194.8949504612407
102,784.0079797255547,1904.4190283117582,211.5829945932987
102,269.4326755634205,2058.1705916647647,237.29624806731877
102,657.6365651510001,2073.9275085405243,237.2001627360231
102,448.5380009211159,1854.0151389851917,234.67089629588767
102,479.05554073102167,1551.8832156895974,245.732754430784
102,455.58852174129436,1619.2447496046275,236.412335005066
102,418.53638975687966,1606.3931463639829,231.4438996535246
102,575.0446852796334,1766.8993306902203,232.33180179226704
102,400.06201964275647,1917.1496004673786,225.718804789448
102,461.0008442090435,1892.7611092884717,217.8704485930988
102,425.36043715282494,1900.8398690981658,240.10686016417557
102,1600.7566626528755,1412.475227309787,246.5491652134654
102,1857.4361477009236,2143.9175387174737,245.62867529540554
102,1575.5028919907195,1656.1937863074186,210.3985312604913
102,866.5887993864393,2869.722211929414,241.73282148096658
102,1587.5326762354628,1923.4186694232812,247.04843294335447
102,1498.9343512191383,2046.004464181167,262.3991955339434
102,1331.645362183517,1791.482333683036,236.22691353543163
102,1001.2668823953853,1809.1661875095274,233.07307831747167
102,786.9952016637361,3100.9040642908744,233.27517935329556
102,1370.9554167526128,1817.4740860501583,228.92556361589484
102,1312.904772693869,1886.614789314899,231.651269739732
102,1428.4706347641302,1622.3653006557975,224.57524478260044
102,1506.9827832801907,2364.7151873598127,237.76810048127962
102,1245.368681485619,1899.2540059859007,223.69501544691255
102,1253.471952011898,1906.0286907541058,233.55982821015104
102,796.7204308603624,3338.4102341258954,234.46100116634787
102,1109.2815860270055,1894.390922324088,231.59753229471036
102,1186.7485147514574,1571.5871309880267,214.91601714863813
102,1176.0412091009355,1560.8100700360278,224.43436713541942
102,1127.164364008954,1566.640138727881,253.1089420707494
102,926.462845300464,2229.3798099086157,224.9365978441344
102,1196.9442401186118,1367.6914918029506,218.78933311024085
102,1060.9749016118635,1316.66094635951,198.90594034273047
102,1115.1309500879045,1634.1962431545999,234.46670247677466
102,1230.1410600908112,1404.0482585033033,217.0312426200242
102,1101.9039367230678,1333.5187338700998,230.96552380220746
102,1003.9361522472676,1386.141828713101,236.8024193547254
102,1148.1423812665255,1332.3607144110897,253.06191109649578
102,1064.8899785846322,1421.9635889846268,231.68575036300504
102,989.9576528350516,1441.4737536536495,243.04462448293256
102,715.3557226198132,2281.3823673855036,231.04763439714137
102,981.2787612853616,1504.4110380444304,237.03031609108885
102,1054.0038899714189,1372.366507994644,239.78136818749633
102,1024.3742373337338,1344.6338489362374,252.92348354833783
102,768.2816766923773,1202.8325715760707,225.8979182679382
102,743.205664511244,1240.5641536968105,238.3086784795569
102,804.9613830100062,1126.0792942647386,237.43942641994053
102,1040.4419593714324,1239.5116573115988,218.2370508423704
102,1161.759852410389,1303.5244070663557,229.27197656588888
102,1151.3485689507065,1514.971434634867,223.27288795159777
102,1004.4539500767436,1412.9945210777491,228.4761202762672
102,1141.0635435726128,1291.2084991806496,226.78330832340342
102,1158.0015548752335,1302.6942139574708,235.5381451445456
102,664.0799935778831,1592.7254764413588,224.30793473895912
102,700.0097188080662,1306.1003062485224,229.5339261703459
102,657.004850282727,1171.7284067144687,236.4998478985842
102,731.2258358260225,1250.2737441092836,234.51749252410642
102,846.1656497631176,1859.5057227081525,237.10325114305138
102,881.0183724779994,1984.1405915273272,223.64679290389594
102,752.610126547801,2531.324253396063,226.58948688471318
102,710.4829355842169,2349.218679177366,215.0611423634293
102,1176.297396099663,1365.2307305300146,231.82434119743826
102,739.6621986861711,2195.4140599769844,214.36702494132814
102,694.5673123520069,2258.8715787422184,238.05882191343946
102,765.5434314139555,2189.1023485271253,215.2362728177968
102,875.2156746763693,2189.521801566237,227.69746028342027
102,851.0653144154602,2237.6893832301203,217.07756868404394
102,556.0914701894002,2244.5531505025638,220.98244922988673
102,826.23094566524,2343.383979261776,236.71449118439128
102,650.523287234937,2271.727239694173,225.3985154844814
102,668.824688236918,2058.009641827923,223.2070802192351
102,822.9990473971976,1992.0068490980252,226.56448640206938
102,667.996577338958,2015.126780446917,217.5022755693652
102,508.83849488716623,2047.0138694713964,220.6271301984091
102,517.9416533985158,1611.8975978157318,216.0664722842661
102,877.07470577633,1658.1060265701167,215.08849328898597
102,526.5254651730434,1637.0798421282084,219.29636676339018
102,643.2608179490247,1633.6663765843878,233.36514146583764
102,587.9752432358903,1550.60370239339,239.02866950147134
102,615.5731964004373,1695.7969297329878,248.3389913500574
102,740.005136446866,1649.4227744910418,231.61601348615332
102,641.2866767703848,1624.6726622200972,223.74468145851714
102,271.65105422750264,1705.821828397588,232.92336805970425
102,590.0692626055823,1658.0589484589514,246.19109124557215
102,253.35236855538798,1683.6903557826654,229.16358539641672
102,642.5278788065451,1556.26105717453,232.44572109600128
102,1227.3572260032036,1426.6287674092764,239.11437984635077
102,1468.4446119569786,1425.454903695896,239.69720879084846
102,1450.7476252415279,1434.452101691188,257.7985773081299
102,1650.1695161324521,1457.5965798899533,252.82792903565766
102,1613.294831109105,1333.3315824909591,239.15765997332826
102,1024.1652219157552,1271.9938909900911,234.281810360219
102,927.6894082449145,1354.550574985828,239.42225770025792
102,1246.3693504725156,1407.3931147428834,235.53020734518904
102,961.0224443268997,1268.305031011717,226.30120007513247
102,1064.0379595666673,1299.3650459766095,238.27799306437058
102,1150.6747350146436,1361.7373629401463,243.9004417002716
102,860.8439497493652,1305.445471691089,225.6245828781392
102,1058.9265687605082,1357.28132253498,222.9325667993708
102,915.634776484129,1216.4197078683164,226.93991952079895
102,734.4426274650046,1242.939779667418,216.2245811087076
102,874.7995880836044,1233.0158289100445,236.60897037864314
102,954.2314319393109,1192.170947417107,225.86216673843896
102,588.4009683744611,1089.7236976385402,215.44526308724014
102,713.3217029591015,1131.137556898807,223.97229450480276
102,985.5596590857016,1179.5530644125083,208.0615335581916
102,816.7757905600193,1059.2701661294227,220.69108510353843
102,825.3987760023446,1023.0924629830264,232.4598868940515
102,698.5643259327614,1052.5172746602302,227.2279489385958
102,435.61079432248823,1066.6745361210665,213.16452909896677
102,452.4266494674339,1007.8939777375289,239.95828157417648
102,383.26433225234416,1076.1019893260686,231.51093815113407
102,296.65222536193244,961.813156447827,212.40708741815777
102,266.1182737145921,816.2611977726966,212.0021953206676
102,313.63998412711965,823.6096524332198,235.2195926041031
102,286.4842300503444,907.3713206356605,242.76587483609765
102,230.95873245101845,792.5852483753032,228.6273445564619
102,192.6100419449671,868.6471215722075,217.73589070298144
102,141.5385574034988,707.1789350320947,234.16115992203018
102,376.04237495141354,745.1926402465232,214.207845042368
102,283.07848852705285,790.9698629754802,237.10235674014618
102,361.15669868984423,763.9929250506087,212.22538684928148
102,375.796308726152,676.8415517736311,203.5265062778751
102,313.93132902443983,756.9838625236627,244.88003309841403
102,293.12372664262,650.1796515962295,245.5721345838704
102,294.6198108215459,741.2232386839879,227.4715626087897
102,195.33474848931715,569.0222078793682,228.47118561525926
102,460.18269004064405,339.4485907607386,214.74519183467626
102,268.19827788632085,475.53479307890154,195.06079049508784
102,263.8109506773949,498.08058360545454,162.13613166430122
102,340.2605202759738,516.4691011205251,164.41062266499063
102,434.86395826597516,259.0771244506652,190.04438972076682
102,228.97090140700246,381.7558813972295,192.89551786336406
102,202.681128416064,399.26824911756364,175.80089781474246
102,333.7492154338697,356.04965740031787,198.54619719256087
102,151.01619760878722,390.406906726245,180.09868240398518
103,1913.4771810873192,4074.8268246970033,216.6845222788527
103,1517.3979397640665,4188.352973440052,225.64965168785866
103,1816.0757698449827,4175.953697917513,251.5297363361574
103,2129.2249804622884,4260.343240566868,277.8085113670993
103,1904.560663460674,4321.919214404111,253.7695531002661
103,1953.6618701486216,4257.920229070036,258.31589039054666
103,1782.3724697561033,4364.35196001463,284.3863557722474
103,1905.9887203685587,4362.339678810541,200.3841137901663
103,1992.7183963455611,4341.761223371399,195.65090422235707
103,1952.922189387957,4266.173658757891,196.07154413872294
103,2038.3380450814514,4176.369016402099,211.15541832151544
103,1776.5444095440712,4223.04010160937,233.26387088075361
103,1827.4995227859688,3956.3194972691176,226.68100365009715
103,1853.380393696045,4002.1753920400783,213.14735669608896
103,2130.2609916296037,4107.162530931417,237.28670973496295
103,1992.3939650103887,4116.166320812967,229.29131643679304
103,1444.5356098815002,3975.8954834928886,208.47892773326848
103,1629.5102274662884,4183.0304520123045,241.2130840652641
103,1275.147293562536,4444.40319219878,226.4432410210745
103,1877.049080214768,4229.143937470276,269.8882968730983
103,1809.3586530227033,4309.0739340156615,237.9874593572832
103,1496.9197054729418,4270.337974091705,228.42401893296758
103,1388.2907652314714,4341.279110264091,234.28223302956533
103,1422.5734572422878,4274.719412139923,238.73557917030095
103,1579.8016298094483,4309.0739340156615,270.6416425897372
103,1410.2585575810451,4319.9440119668525,256.7003603791271
103,1316.0608622747648,4065.128143536917,226.01213048883122
103,1495.6100259710138,4327.960392534704,260.015266848769
103,1556.3488238294838,4089.187055662232,198.6990112000636
103,1522.008806905416,4081.2687334803363,264.40082257588335
103,1391.5907582778448,4111.919214787264,256.77536928814015
103,1170.0310160632623,4050.7519732027536,276.8536004013255
103,1367.9240286727697,4086.254518096099,243.1007897661719
103,950.6325575968864,3737.6167585174367,208.7802101094081
103,1036.7787128604057,4023.647296916601,273.00199714475195
103,861.2915353197692,3962.350029766842,291.8220695141274
103,860.9613846156066,4041.5695661111445,277.5075455876545
103,789.445306783607,3969.871053616646,179.98500343159722
103,855.9619655887933,4011.8564463834214,266.81687619134664
103,1016.2175056260311,3720.9299822335165,167.09606676725755
103,1147.6106028924826,3622.6735744027496,266.7860058637133
103,894.1826417538031,3678.528514095677,260.42810287728196
103,1056.3223405056654,3795.6503973908716,217.34889052107215
103,1226.8386684953823,3814.4687189853944,215.34624042522833
103,725.6627426467879,3601.924741555022,213.76352731517764
103,1046.162783773196,3365.4231210955136,230.4335810922452
103,1110.666305358341,3214.1642312315016,253.59445928378133
103,794.3442814924318,3230.147927122915,260.3206191588613
103,626.0663267348017,3909.838053195575,238.56728535046747
103,614.2959489335642,3437.254677444424,219.4879423548247
103,667.4529747785928,3535.43848308561,221.0328488871697
103,741.0066784473614,4113.803296643041,219.664428409419
103,507.42620384862664,3388.4395016445224,236.58677081648082
103,756.9699753355832,3760.9358734838747,224.2320748327348
103,654.2712606684163,3739.3164548166883,206.44232808086159
103,568.7687822305552,4129.944872285603,188.53168470695337
103,726.2979709186706,3567.171068025287,209.9536999718555
103,469.85158958605155,4275.6708550560525,251.24697789897422
103,666.7888320654313,4429.140010076188,227.90813204676837
103,586.9744623133317,3235.185447751877,227.1235235852923
103,606.2429772269281,3349.7071128100742,222.18418624358728
103,470.44714320055687,3202.8611616277935,256.1940604308289
103,432.2630337468843,3129.602994583078,252.02869438618652
103,452.65920509882096,3285.804165940502,236.67405886233044
103,458.2486589932565,3909.6313697300243,246.96314952551077
103,444.56155193106235,3388.8586471547314,265.79698583929337
103,391.47088953301204,3913.6275538811246,254.38773534399317
103,372.94118196411046,4036.37691744205,241.7293329457028
103,391.510261730765,3504.2796280819666,228.9103936909638
103,623.5351530951514,3515.593448154213,221.5994832084593
103,272.7071888357956,3518.575697533534,232.65085485382988
103,305.63703963662863,2389.6312812199435,236.5238222207549
103,218.0158735681836,3634.84759988248,226.59204915839499
103,207.18505304638464,3591.8908667822902,205.95035437500476
103,166.07421071286163,3435.166104487718,194.54740375795868
103,140.75809714149162,3688.7167969469706,225.18221305694678
103,33.51405190101363,3554.7409846770756,244.89078400340773
103,115.24871956871911,3394.8156303593837,234.99466122515375
103,50.066222763490686,3315.5387533024596,226.04216704507692
103,212.31003083247825,3146.078270005931,226.74684341788307
103,167.08737518931034,3102.156368286583,226.751237314438
103,40.16414015444636,3392.5596427586493,210.56805626753467
103,55.14703669897628,3368.075038274962,183.349784548948
103,136.69464953845292,3367.0417366067286,193.0364405151312
103,22.60267320037255,3626.2167047953603,177.3708112660715
103,55.57820091042353,3211.243222886025,201.94249428915927
103,47.151625576401756,3192.1628542572867,241.73594534745527
103,381.75080731004266,3482.2673756460813,231.4211277268411
103,111.10860993366904,2888.3584535231694,237.35970582292887
103,146.1791673428078,3499.724346385262,235.78166995766279
103,79.79596612088355,3056.5711229461917,222.13439695687768
103,0.0,2896.107579975626,224.12846016382545
103,233.44749218160698,2851.1737053375573,212.70669065717678
103,10.035436080314383,2604.2301674635855,230.70403671666887
103,45.72528328840198,1960.1932925265,225.97469911695194
103,90.4485180781937,2420.6237156112347,220.52104749666066
103,195.4893335614639,2728.7172413489266,164.16961975566525
103,206.18387803033656,2576.6279620180444,216.0160929972313
103,0.0,2613.293202618639,239.99245349696136
103,0.0,1748.22605874877,259.7324256854372
103,0.0,1589.2001820672945,235.8004203899449
103,104.73071235086408,2490.4545865372384,227.37600233736939
103,124.16263457648736,1496.4172915652807,224.949829350182
103,297.3374342774449,2520.6412438272964,198.15750281561546
103,41.7277501130836,1753.7674365102557,242.86667903343405
103,153.31959569254727,1583.1166831713867,190.81530131092708
103,0.0,2591.268603840118,204.26821110886212
103,10.95402666219465,1526.32263073195,217.63562778219264
103,46.56735793615016,2152.184676987367,180.93494172461658
103,0.0,1536.5129847214462,176.63982599312806
103,1468.6630485850872,2619.446616861308,174.53492795333565
103,2463.625764431575,2238.3053230806677,203.0174498782446
103,2290.0327395966915,2964.5665725428016,234.57463849420807
103,2653.673036994332,2442.481793091576,218.0727445463851
103,2547.205383253872,2026.4991442039582,253.85016444832857
103,2457.1204197746433,2101.111251462488,200.35115544228253
103,2353.5203874292497,3067.648654653908,215.81938724219052
103,2511.0959008049954,2986.90438536058,286.2454447042368
103,2372.8602136283253,2942.8664640359525,210.8946897290069
103,2501.6898053962573,2077.8776727953395,232.55948148691553
103,2630.9382537927063,2992.9314140200336,197.85214820123818
103,2854.4024902853043,2861.2664746983855,220.61876017199634
103,2804.421455041399,2747.83778366287,248.53196263724558
103,2471.843189641493,2823.2483359518574,204.6882022029442
103,2690.404722625222,1903.4713198547183,202.98082031939916
103,2289.744469451212,2821.387401014995,191.51587814309894
103,2684.787057650774,2680.9813204769453,201.32150218473592
103,2502.261127459558,1647.5255207064292,211.1944498237124
103,2403.8210168441556,2602.9423920263425,205.21587810487372
103,2304.702546569875,2750.5254740176783,236.44965601918196
103,2531.131305090658,2594.041265707596,275.19313977186596
103,2592.111181672219,2760.2108040216704,251.06735928680897
103,2472.4884934205184,2488.0043843022563,247.41002516339105
103,2097.8226417799556,2590.666268211358,241.82554675520927
103,2415.6880684556922,2363.2232014946503,233.4872518162861
103,1624.496279952754,2346.432954210433,231.89333754962186
103,2241.2960871697237,1604.9834597291865,230.78855078094213
103,2225.0548726929565,1463.3146990575278,235.14318658158848
103,2616.1161911983077,2089.7145780544056,204.50384125187927
103,2260.700521252074,2090.6759346569042,248.76492526459734
103,2174.605153586554,1995.2640251452358,244.05008651229375
103,2119.2603684845467,2098.633799448023,223.2665675329719
103,1652.3501688451938,2100.0912993016873,201.80772614966
103,1331.7196929155468,1825.4045004670784,202.59621610327613
103,1458.144632219764,1760.8861957552976,206.2345682646817
103,1760.8883631202914,1786.0567642822411,266.35782439644095
103,1690.1432422808705,1556.8572400596568,252.35662842287533
103,1490.7878825949035,1730.887177139095,195.7869749866126
103,1849.9952137890907,816.2398587161789,240.96037412804716
103,1699.4335805398239,1527.9213093165513,209.58580813910626
103,1825.9577367873565,1173.6619755637303,241.4514437120644
103,1733.05746510426,797.2773163007668,227.30520970511114
103,1835.6045983540064,739.9923162499566,185.45556519753416
103,1798.8821787509696,1315.632664638148,195.49297031141438
103,1720.3858146864154,1452.238326178372,200.12790472365666
103,1812.1860709551004,1223.1803025887166,200.29742644025853
103,1395.9640507574834,1560.0758336403755,198.00305799491545
103,1233.3972700157208,1557.0676165265045,205.79161026664147
103,1886.0800441017611,1268.5818402492077,173.4796276824923
103,1951.2839301473343,1508.3715247388768,217.92717655897243
103,1288.0797442840606,1514.3549779155173,214.87291263336542
103,1715.0194720123486,1494.207156048778,245.4973611759631
103,1711.8617360602423,2010.0955678203427,236.30949391588783
103,1589.3254797117338,1617.571507622893,225.47479493814066
103,1585.0533809205497,1654.4751971834621,228.8750202275023
103,1570.3477687024588,1740.2202382348542,216.2968357795091
103,1472.054154459955,1513.1878558414733,239.0935097396755
103,1396.5063300254244,1952.6333770530682,214.2799672692387
103,1292.8119723621155,1939.731456874878,207.9353389642778
103,797.7856341646715,1816.0540295863898,250.0918894736299
103,1523.366795065639,1742.783541057101,220.30073325500663
103,1074.7506441646763,1817.3066767994383,225.36430674681728
103,1093.6754670297275,1712.5230357776504,211.3378076794593
103,1024.0879143360546,1504.538441543113,226.18387014611451
103,976.4093861344219,1611.7736183636457,226.8802693729347
103,1176.7892632845535,1741.5573561743395,237.6182662144361
103,806.7552383540987,1705.243472999336,246.90510740864013
103,918.6152684405344,1279.0415008845594,213.87992995222524
103,691.7709886864577,1696.5463712080377,212.90709270188015
103,740.4165452022193,1150.5714890061709,226.92317399298034
103,806.4346318273793,1288.1659257593665,267.9617511369157
103,698.9116809969655,718.4807879151591,218.88643075854733
103,802.8900781627614,1237.664250999163,212.02045427082757
103,628.9324754708113,1203.5824663981434,201.0174771754553
103,953.3022414291094,641.8727568184585,204.260123247263
103,669.7554731446211,996.6706883916728,226.85613981158966
103,726.0388354882806,843.725725427358,173.2054890618343
103,983.1802922046087,1130.753306768926,217.36350141070196
103,1006.1502519910679,859.0994276585694,235.01997575222887
103,725.6702282049397,882.6957991520909,219.85245771076498
103,863.0790404325961,972.362712293659,258.22260217712596
103,677.3671720047254,754.8460524624064,266.9542000913657
103,666.8889527719692,1097.008130539321,205.32406039913573
103,908.0820080174659,668.3290131368798,208.24352318065044
103,875.2446874332237,460.3423525207269,227.77225191490024
103,647.8473184202813,1079.3990941909365,198.32651925988418
103,463.04638818888316,658.1722803482807,198.4601657342129
103,1027.5489689232113,979.4915162736157,206.7412426662925
103,663.2266466693682,813.3172641886293,190.45296405306536
103,1130.4499627706998,1727.4470264397282,238.74984174563647
103,793.0848392634672,1443.4592147431854,208.90530022071098
103,992.9161228183679,1414.5126172913601,211.01691527133582
103,906.9276578759656,1688.9865751397,237.25361248836916
103,609.8366713397089,1468.753178667448,197.09735919404633
103,848.4329187671384,1282.5732749998788,224.76301872846827
103,805.899962599762,1431.7400208242875,225.34342024958406
103,832.7067657633244,1162.5271386895029,227.7020855676096
103,939.1440033540583,1238.6918574486604,243.56243888966688
103,943.6572838740991,1175.0794017238582,236.54078948196812
103,602.2791962748503,1160.4809654950832,237.08692766542984
103,846.4334044876315,1190.2662815043664,213.0078944404148
103,838.9138593811227,1420.0567973482493,198.50024116057367
103,770.7734351649132,1351.6466395785933,204.06396656140677
103,934.3869301955541,1276.2848781744497,226.2105813494326
103,601.2120545073761,2153.545390133838,219.69648401194607
103,754.4605644798964,1503.3587351838214,218.48262839606272
103,737.3379161171628,1416.3284967443979,204.55837096879887
103,709.8518928287317,1352.1581209508695,172.0773162436985
103,665.7211918392067,1624.678497274716,198.82730421748735
103,450.61242835069413,1207.885564814465,199.04012351032705
103,719.3496550224155,1478.4335305732056,216.69203883178275
103,421.82509438339855,1432.7987692506163,217.27464066927442
103,338.4730961670824,1200.3308565047141,229.55384632901567
103,385.0058593600007,1086.7873451831751,257.6151748386826
103,716.4756645110951,1393.0924549763163,205.47630389366728
103,386.7117207727698,1097.903245655098,216.3412712968382
103,460.2355635672003,1400.9075523199858,222.61118949645666
103,400.1585862323068,1047.035796483845,249.4326200696502
103,577.7482580625608,1430.9254178247338,232.79342779400056
103,384.58377563463625,1104.6168325702502,214.55990583502663
103,443.7353629849018,929.5179829883551,206.94532281375294
103,216.82345005066693,1151.6082775570603,228.04186823165648
103,375.89223486559524,798.7993925527559,226.39412013367271
103,279.95509201314565,1071.4486536609752,245.2898305166198
103,230.5385639939103,790.7104687372515,226.4527664403303
103,187.2325948815072,644.3103011647676,238.27926732003507
103,262.1083276390418,1062.6167379957365,222.68272423311285
103,204.43710628784666,1359.2782037980915,181.09647192405478
103,172.32820995808802,1156.1065223520864,241.01414963968247
103,60.67859019288696,1068.3841228845872,221.74180060813651
103,291.42375779163547,636.336763552118,218.98592223982527
103,440.8005928532724,1525.992217346486,219.43136429396506
103,81.24217250093486,702.5943078363747,262.27860980931916
103,150.9851721105235,1295.6187107727665,267.64554568917004
103,278.2380279678415,1035.6067722212488,245.76005335038795
103,222.3654400655923,985.4614946572241,235.222911509498
103,125.17644455113262,881.318343169179,205.40696453271303
103,193.54663740604624,1073.3136574692762,227.49390665235242
103,195.9995493983266,1143.7657082889823,247.8965855419785
103,266.4853788008546,1055.0856858074985,190.8685459636571
103,16.59455850054698,978.8579946404976,189.2221001910668
103,47.15197607741729,1058.3892739613916,201.47083569263933
103,12.588013774299583,1872.8648473158405,211.09544034076592
103,36.336617232049974,1859.9677178357356,193.55112702584339
103,0.0,1647.2250042801425,213.93989723073472
103,0.0,2154.7502570545676,221.62457684190636
103,0.0,1934.3394927805252,233.95666940398954
103,1378.6637461511089,3210.6271586747866,219.26303520175648
103,2142.413123232642,3393.7315119466184,239.61915891251576
103,2085.1770991734948,3414.597541623475,240.41399792961883
103,1729.2436195351574,3552.0364080089416,225.924137913218
103,1872.6111217669434,956.6143902188704,289.68337317269027
103,2250.4432704297237,3518.057654063908,256.8942962916493
103,1935.8466719490382,3517.1032233228484,224.005625006437
103,1642.2605943474114,3506.572922395767,244.6208652133055
103,2510.944402863228,3331.1354402661646,228.35931047564887
103,2414.9700102569186,3482.4526912521133,229.30933260377768
103,2014.0417790938293,3557.6125201781756,212.2492196811107
103,1664.847695738922,3838.835110722594,191.8765129874121
103,2338.4839086624665,3778.003514978532,192.6616407173743
103,2372.822806606916,3548.716683968171,216.5691256348047
103,2049.796551093542,3485.6506822226834,192.59232367938975
103,1986.4784198175164,3527.6402729975275,214.56998988210384
103,1723.0924147208411,3704.1576802765444,225.5055681041139
103,1603.2365191743045,3732.4158980274083,252.39591710090954
103,1700.7385959855862,3826.111353352086,184.54323813008853
103,2070.2859770692144,3373.7364685090106,243.58595623615886
103,2067.16957637822,3721.3996091941867,234.66268092382924
103,1710.873922916061,3213.2270910657126,249.2975478668964
103,1566.814140786948,3578.234800334391,262.38103800744193
103,1791.4131499282587,3723.8850144912926,240.98219137943923
103,1955.3088014292382,3689.5607558330817,215.17228410090271
103,1857.7848929925833,2433.9882242303765,202.0367517527417
103,1815.2181089772223,3571.0909500874754,225.11120128012502
103,1808.2830027010034,3839.2856246815213,241.47084464717713
103,1846.3094830843586,3814.739445939758,235.46630179412412
103,1687.9386933293777,3446.8433918341343,221.0633380363166
103,1726.9422590537188,3622.2136844057527,200.20888895039874
103,1602.680632017212,3638.9205483085784,193.60191701227566
103,1899.0846214771238,3649.388433153665,220.5110800946512
103,1616.1904763488012,3608.541030527225,257.26595061964065
103,1666.503073973947,3813.7570579037224,237.1968686042549
103,1593.7718893065057,3254.859329234013,236.56852785117135
103,1666.8045857265765,3628.794748850282,290.2844117154656
103,1198.4931951307087,3621.173656226358,220.37719435977354
103,1513.3124636813475,3583.1458790334277,233.28255452338104
103,1548.798060993955,3420.289738247056,209.6434487341452
103,1272.8845797880529,3686.052783805198,254.34872646861353
103,1248.6418363347782,3050.513377875606,213.11233864667466
103,1237.3823227754435,3127.7477844584946,222.30539411439392
103,1266.1123483270796,2893.860004652196,253.99401463553343
103,1579.504478835516,2908.207663749959,247.80653495599447
103,1420.551402892421,2620.1058021668796,242.1775334453413
103,1247.464721220806,3042.3147341629665,241.82262758583963
103,1288.7516552725535,2941.065920458527,259.8228913149352
103,1367.8347242250102,2683.9251943894824,266.1096183731115
103,1167.0610846462857,2994.3042620217684,251.40886264380643
103,1150.6778352836054,3396.96083116245,221.86036517519213
103,1101.3664731890037,3027.310590986109,200.75134318685448
103,1209.1239974783064,3242.1969257998535,246.6516256276307
103,1086.6914017144659,3382.139550904969,227.3294031834685
103,683.5079248617661,3175.188725599265,225.43371610793113
103,764.5250771364216,3615.6175249735147,263.91985427862267
103,1048.4980791133958,2881.0267518668606,222.04699640323648
103,672.8968313311694,2903.207939647224,223.33480658728823
103,649.2498084699715,3662.727258326971,222.41713698398215
103,659.9618471372725,3317.3714176932303,237.37905122726536
103,938.658730685603,2692.584231005812,218.07700303469235
103,510.6248034825527,2999.313004962846,255.74966041437935
103,796.9044139312724,2663.6061600804055,257.15482832800615
103,437.6090842350817,3030.2838878587036,235.73510157475172
103,725.2314037943697,3463.700282366659,182.13157429442523
103,577.9448364291918,2739.5530862075016,198.41690264366716
103,414.11540155266164,2489.402566047009,232.55498374609604
103,356.6245424641237,2402.69572544418,230.01132764044078
103,338.9315359721944,2669.940948916507,231.63598762734412
103,587.942825071914,2569.6818337164923,240.70572881109084
103,622.422627275909,2814.260875933179,220.59890608848602
103,577.8639840826097,2706.008548599871,218.96993725859235
103,616.1784089955086,2621.2427570407876,239.29431704625077
103,781.8163157516211,2506.957477306312,223.16863148166496
103,592.1093844910628,2523.1335421124445,248.48417428411094
103,773.8117100966459,2528.7390015830224,236.97897265809516
103,821.480691959422,2722.3785161048627,223.32133494260816
103,551.6164552704098,2618.697884422553,243.0420197546912
103,687.3670093514705,2559.6194288863453,253.82290523401807
103,581.1912249019409,2424.019970448982,214.2506118919366
103,441.07583396790017,2127.8090356272714,200.39880026566723
103,685.8379430703369,2035.3330392933108,179.625923072776
103,415.6979715787919,2053.78225564791,220.83486045334283
103,489.7365705780031,2566.383743007557,219.46878856709966
103,507.76662701536964,2394.3334525458245,199.08074583809397
103,410.4431908420213,2704.042761859849,211.11297266659543
103,203.9941915575029,3418.1811169575576,211.03945624183038
103,105.54553734653612,2867.257644528982,220.52024030261785
103,148.6566572225719,2530.2133642063054,270.28970092361794
103,487.05206680537924,2678.2742343248183,255.58148274805197
103,346.5382442351025,2139.093744111737,237.7430530552522
103,230.2193650090239,1851.8917517699688,249.9890046584927
103,198.1903586760598,1824.7218992608418,246.36947211657022
103,174.09539235743765,1629.1435479991114,218.58742210868698
103,243.04915634765027,1701.9529297792337,240.29424472140184
103,194.6780357370089,1720.3954075170823,258.66346031523324
103,90.57401759245337,1689.847098213253,277.2159695783366
103,229.3796123577453,1559.638972527784,246.58948841199052
103,172.5127626537802,2171.772651860064,264.4606002671409
103,178.15489990191807,1746.5990736584122,207.96403004343935
103,190.72428762789556,1588.648790505058,195.65671177248694
103,870.3012735098272,3117.369625629881,194.44953067317877
103,49.60037530749182,2628.105399218252,225.9648551691948
103,161.8907396100955,1630.6804541477459,229.31825597880302
103,21.535860012022766,1511.8855838741847,230.24859869898373
103,15.992196824844967,1435.3967654736648,222.74645597050326
103,0.0,1430.1442854398802,171.9822010561593
103,0.0,2417.1474566496513,211.38471934706521
103,195.2920958463271,2582.560419684286,234.97765106807654
103,20.163817140666737,1619.2257962818212,229.87796564298
103,40.78591837540259,2231.8505550018435,206.82117611319623
103,0.0,2414.866808923547,178.4700061432337
103,0.0,1741.7417438229809,216.7084998146503
103,13.070192216958588,1334.8709286266908,202.9639114106839
103,110.14140834958042,2191.713545696109,177.29500107612208
103,42.71741064528325,1455.6813855228506,199.47113063619977
103,169.65225676171215,1577.4569765733927,184.04799818462155
103,173.24771560491232,1740.347016526443,205.4902475429457
103,0.0,1566.2802511441196,245.6847071634011
103,0.0,1577.0477835276747,192.90918207827903
103,0.0,1644.5320013540404,214.53909107810685
103,0.0,1587.1166527446917,233.14051510471288
103,1817.859414276569,1474.7050514058633,225.34137469156408
103,1875.7585648556067,1756.807744632466,244.81777711960146
103,1877.4829597255869,2373.026231239649,215.80542328809113
103,1738.9864546357908,1730.2069772537639,240.53906372000947
103,1794.8730396310914,1795.723305175672,236.38734168698338
103,1053.6045643950047,2570.015578740012,209.53052628705464
103,1489.382519746259,2226.9779598261343,208.7105145525355
103,1685.5342127845533,1356.5714147518333,239.73848952725965
103,1664.7440965181675,1254.8379718297692,255.5218154826268
103,1555.5982169865772,1458.0257834716072,256.3323090150834
103,1351.8333305818749,1679.1171898980465,201.21484705386823
103,1503.548078828782,1137.0960905613483,196.81342172571502
103,1990.8726228398339,1118.5698516893267,213.1090888909188
103,1906.803959464942,820.0462503685127,242.33291547050706
103,1095.4038620083186,1899.8880267570348,221.69360660000896
103,1467.555095797615,1864.4875170152845,179.20403193393307
103,1157.6923481077163,940.5818707307059,189.4417329826379
103,1645.4306074608435,2561.924634766224,207.9781391439174
103,944.6595099996335,1254.8314907039035,210.7826793690276
103,1605.7537467373563,1983.3581684327623,189.8438613355701
103,1278.9187040256738,2521.6042800695986,215.51857771251107
103,1035.6491828519213,2750.8007947816463,205.07152922082585
103,1213.4759529062171,1525.2296172073775,234.92349982683257
103,1208.6180090692194,2401.169154904533,211.50398674107205
103,868.8866049148018,1533.2244351951808,232.22872417768943
103,679.0179492489323,1858.036823939131,191.9429868977966
103,1070.684025186756,1261.1140827979802,240.99358641448558
103,1088.9732131391909,1608.1231149900646,255.10876252382755
103,938.2638998074675,2132.6835300593225,236.1019741750749
103,1081.3782416722295,2121.6707180453604,222.34342723310877
103,1029.0386599260971,2025.28334203967,194.92389802267766
103,1130.4368798810372,1487.0593594415473,207.23811218601318
103,751.8993351388108,941.7065348491157,204.70315960367546
103,1099.432097201662,1864.7711122108649,218.76185135461597
103,608.0007129298637,1948.4142966350987,196.73841146300853
103,1103.210232416455,1534.2233673641304,233.57480549741186
103,768.245233270962,1740.5499568851524,248.97816273066238
103,1098.0093753145027,1831.9649837243342,191.87088400246935
103,874.6016689812496,1086.6384740940398,227.1266543589709
103,394.1274535287549,1901.5451690784162,271.2886557897432
103,845.3524016745754,1366.7945992962013,211.37510505384617
103,524.8636524842243,1627.9852571251035,206.68678431031245
103,1001.391501123978,670.777174300253,217.6589023665235
103,660.7196273429865,1716.9139418047416,214.23338843321213
103,740.0075434636932,593.446695758092,228.43905228967893
103,767.3559535262137,1534.920792616403,211.05518539493906
103,543.3473985189191,840.517794764026,180.96230852289736
103,643.6770920994079,727.6936162550545,185.91191131491203
103,1140.122194398846,1182.3138407146575,237.08521742456313
103,557.3885932110421,802.013081494422,190.42410931515607
103,606.5095363867966,703.0380996145349,219.76862516969678
103,379.129470489003,1822.678324485068,179.6651365331773
103,477.40630002044645,1695.3918926942524,200.7929314429184
103,763.0920278202901,940.9042983676549,221.73978996378403
103,474.5081412850644,939.4406461068703,210.6753361983418
103,1065.3465910493305,2280.22781784173,227.7943514699198
103,786.9733726115138,2645.0471020242253,263.62762825217897
103,1007.3693792868918,1919.0668048199964,254.97708029064208
103,704.3600149657623,2650.123361221428,226.2068177250941
103,893.03871045221,2578.0710389392875,234.64640686559736
103,651.9517580846594,2479.1472679465455,275.5304433720987
103,989.9715157622426,2871.4756475905792,176.31092434343557
103,812.6961604363593,2514.4773428493995,178.98222682796055
103,774.3447078951259,2197.903768298652,222.81945075537274
103,728.0237452109573,2196.570455557146,222.40209926207572
103,526.780718452942,2534.5467776258306,256.9799672365016
103,566.7542222001296,2378.523373069632,246.74744355100947
103,850.3057175079697,2127.0895372493806,248.2185630640994
103,665.8386501980601,1633.3215014614793,287.8842689912135
103,593.1052690433607,1953.726704635637,271.763735301706
103,198.59889405945617,2008.890403922474,256.277335224416
103,619.8413261678124,1734.9886067560496,291.7514621728171
103,456.15766851876265,2803.652187395327,243.90960769880772
103,463.20221534076734,1927.3889172847034,233.80408139283023
103,660.3652484966335,2264.4028660434033,236.55721763635532
103,492.911669499788,2221.683849867528,252.22272790160392
103,332.653053304599,2325.1409572724856,238.29629560736961
103,751.8754464862419,2536.625136565682,226.28644503841193
103,334.50247840023076,2353.1019277031855,231.70729058929484
103,246.7951890137676,2376.543952710902,219.29113631918577
103,362.9931786368992,1967.4986912716595,192.47259096193457
103,442.34377774269797,2144.409731429581,261.270997562924
103,332.7240501593143,1817.9596832966668,237.216281970636
103,187.62903696374,1785.8656396846782,273.2334322331852
103,163.41492282225127,1821.642237127287,259.24420678511854
103,253.81079785555366,1777.7646415639629,279.43948930454565
103,152.53379685612575,1662.3926913465448,232.4398974484943
103,244.3359936508542,1756.1560594633847,210.6878335808943
103,36.6043728452307,1376.8448710869316,289.965552669448
103,76.17231972469196,1387.3171864882843,286.63405575960587
103,0.0,1679.1196979113292,323.35165260455756
103,45.00597435258359,1391.7889289380805,240.05087165354402
103,0.0,1530.5344923606299,268.4726515782054
103,263.3845520290522,1546.028078216032,155.25003573364742
103,162.1533649308591,1058.419338672326,214.79259241192196
103,40.44297407770145,1062.1894820508423,256.7064834264057
103,526.8253533200829,1245.058680533305,191.73835911326276
103,118.91331395316624,1288.7478234917662,202.10848847285487
103,262.15948191139864,1144.9174926309279,190.9018474875201
103,281.6558084391929,1201.3049947404747,265.81316754632155
103,103.56107319554118,974.0756995905282,235.53746866820828
103,176.4676553289252,1108.1187101098312,248.2499964891094
103,39.27691845817046,1346.5642249656398,253.9396251085424
103,0.0,1143.1407441812976,249.84479494882444
103,0.0,1129.1423774250288,230.22055834365605
103,0.0,1494.8258464657679,240.56555851848148
103,0.0,1242.0847372730905,249.8801308715679
103,0.0,1388.9257227582916,216.30526956234198
103,18.382044098066757,1208.3998747642559,191.18740140598695
103,1368.596094851085,1713.671976405678,200.183008422504
103,1706.632082623856,1636.408755937202,233.83784391192958
103,1772.6003921672248,1908.3786493938337,250.1555008487139
103,1350.7465585316424,1881.6606227911939,234.52981533149827
103,1689.9975711149186,1585.783361942791,252.0273525067743
103,1898.26867165085,1303.1246606502855,262.1456245581435
103,1656.8125016299484,1212.473707233452,251.17161802608987
103,1740.947969615098,1299.0275294103885,244.23074611091565
103,1322.9483973401766,1540.309196842149,240.47795336105364
103,1469.928118906583,1818.9527922283892,275.204017196318
103,1491.4012112985959,1433.2884356056866,254.49338095078625
103,1178.4445279552199,1621.3348052207525,240.5113090685887
103,1630.091538681285,1822.8713361658101,239.04411265899196
103,1507.5731637467768,1607.7251491648335,221.50454178466768
103,1170.71447703743,1451.2543039936972,213.86658648199264
103,1449.8423740999967,1722.917967355856,231.1566019334712
103,1185.4888312338123,829.6437549793769,253.59337354179578
103,1233.6842992317795,1472.8486391941565,244.73166587689596
103,1164.3591227728782,1660.11552856166,202.78086437431776
103,780.7515895850678,1661.8538862502587,191.6710163868527
103,1108.9278716249303,1587.3543401927823,202.7983616034778
103,1069.8068605946885,1541.2202200096108,242.70770192612557
103,825.5261763889001,1553.0988023913378,248.51800426905064
103,962.4542974902441,1268.8074199278758,231.6548920359506
103,974.4064947389514,1049.904056368281,233.93274954578592
103,946.5265989029502,1217.176880128131,231.9830185023251
103,570.3584329187272,1171.3803919044894,207.94367559499463
103,963.097790486467,1250.481311571556,198.12817065278566
103,812.9798211833664,1220.03892828174,200.2828745551897
103,910.6156760159835,1199.7241163177691,205.49334071561057
103,762.0612653359595,997.2889006249442,212.82545773391158
103,755.0535162977882,1292.7371257515947,216.10434967340225
103,1015.315741012242,1302.7178931407566,226.661578876841
103,908.1353972741503,995.6121530885522,242.10504013728146
103,852.0883254060126,1478.4419393796857,221.74468824986147
103,721.1810161286006,1067.5018105097465,222.0923922357949
103,711.3563270174917,1030.0009207976464,203.45443500093617
103,826.8318013884624,903.4132772211154,179.36457253734292
103,809.5445945358446,968.4561131707707,230.51194151254546
103,718.7664395438577,1128.398996364197,240.93549347136118
103,454.6663836780999,683.4736999944079,228.81298587623232
103,829.1843718810886,903.5417044507964,186.80692042302658
103,716.3155350325567,1000.3133155346012,237.2152624585107
103,385.34838485361513,935.7220661208199,252.73920128626648
103,531.8371305782301,1222.146111368113,279.1876083521163
103,517.4228899929367,1023.4007085308384,262.16193977650187
103,650.5667099531851,656.3976857781655,217.06332648297044
103,948.658693081777,675.2169873610097,248.7543021323506
103,623.5859833126611,785.0552068611056,202.7119839977519
103,936.8543928453831,783.0993125819924,237.256271259564
103,863.2549898604158,887.9146805216016,189.9948527023569
103,403.1375173442019,824.246861697071,203.5362159342832
103,355.28565896313205,795.2103135881599,217.89268661162626
103,451.98224694976636,742.6911971175806,220.6869853009342
103,434.21902246242905,732.8500699416278,244.6637178047035
103,389.4087558624192,776.758246360975,177.9063943372825
103,457.9352343254801,647.5221855906278,225.85742181332748
103,142.76861519431603,702.0959621048836,262.7365074511762
103,230.36967728665027,692.9028767025453,216.43411231978754
103,209.15031537427555,740.8662875272158,191.13842553945622
103,102.35161774403136,719.4081378055329,194.4941430492734
103,7.175298894015867,836.6661010744245,277.53106916245076
103,28.46774468318037,916.6370269026958,266.0226856633045
103,210.78155571673958,821.0371837481883,237.01017192152582
103,386.4807386181252,846.5859900445108,222.22082387810323
103,310.63183258944525,817.913850150741,260.37139055745786
103,344.71128028680107,652.4859058779028,225.34933681538988
103,169.99696305868773,720.9526027140602,233.35066788136126
103,114.56597044946975,928.6851523455488,225.69334314341128
103,135.125909551754,582.8420183299455,231.44692789451906
103,194.61881237146062,890.7958961632215,212.63519885619198
103,70.35197021139365,909.3504240682815,215.1613635426552
103,10.026682675789147,917.5381168259195,201.50405829117963
103,0.0,709.118051970801,195.02473797790012
103,0.0,646.047416368784,233.65260343594323
103,12.08462905986093,642.476110056488,276.1210637201941
103,26.475873656113748,654.3304722877291,186.8007249793799
103,126.22949568341525,451.01273662334097,212.23598300793444
103,209.3522589722003,498.74403573864186,220.10291263632027
103,0.06628495729384554,631.2731164423093,227.24643187921382
103,0.0,682.1239595435399,187.73888065637223
103,142.2174299034917,470.047404333333,220.53325095519236
103,122.05158206245537,463.06513506901126,223.92314920722228
103,205.20095150504247,353.5822669929705,229.10589892813735
103,0.0,423.5712115097399,209.65707012077976
103,0.0,335.5877681854696,221.5066251598295
103,0.0,474.1744845916709,197.8234767566972
103,75.74418473038358,503.52859969528015,213.01190070943548
103,0.0,636.2733737784237,222.60773608757083
103,0.0,562.5005345412477,225.29035121383785
103,0.0,430.74417049313774,236.56444198748252
103,116.33401714976205,299.7115856248597,203.73834543921564
103,848.9583845942083,336.37740001515897,215.3127300251626
103,1204.5192384660725,177.21273348541501,236.7992181685395
103,1118.8057808896872,351.974353094972,246.33558054734667
103,976.6227100852019,0.0,255.8177791743088
103,1144.4607482883296,244.72399952432886,233.4281684756448
103,1245.2330668077557,52.528709161153756,221.73545299681663
103,826.3546291022734,126.23343291376034,232.3203571528733
103,867.4616749997541,212.29635310265508,220.23625513571406
103,935.1302382733937,69.15049122687606,219.59952470399324
103,614.4333725401001,39.31430262767458,228.0385306730282
103,445.5303899025831,164.40280209708249,223.4443302843412
103,851.0507781797622,0.0,236.11770917034383
103,663.7703993038004,302.7726863295122,252.00212246204845
103,399.89822127755383,264.2677046829409,263.1090870657621
103,566.1065788506064,241.77346583494295,258.20049627900437
103,453.02162361730893,487.5234717564432,252.8586484736152
103,596.2992419091355,376.8619409112283,225.11996923095072
103,414.60824570197315,126.68845799554788,216.3119225327171
103,387.2587449608228,308.70091097265845,245.9776185163045
103,337.05363245439037,46.1055535883537,249.37792218572596
103,308.077396816558,449.4685802587667,217.90801572576325
103,386.60326757468,511.537229390074,200.07949626502702
103,217.30042678956661,458.0005711445008,217.24891824773457
103,404.13878686890496,364.5380270919559,215.24991797144335
103,242.3408135226496,146.2954566317046,209.56126848052443
103,212.33427775175582,291.3549973510941,191.81505436751698
103,251.7687047088523,107.36763795940544,234.3448921855161
103,206.48702135154699,272.64340456886123,161.21986974974354
103,175.28691076723422,165.47514811479857,194.5576315142732
103,234.98056142971868,305.09559736126255,142.1333387460261
103,174.82163558983333,71.15637278536383,105.89756362346424
103,0.0,0.0,119.30628411953595
103,109.68337800859936,0.0,92.16941242976591
103,119.0607945985324,0.0,136.0165968537983
103,0.0,84.19510769571923,95.1058888343826
103,6.9477673233563735,68.1674145990213,92.07975484748678
103,59.619153062116055,154.18027121248883,97.50100990646112
104,1718.6184879230702,5354.034066166773,224.16361497619275
104,1823.7930910878197,5483.754170036033,221.09150202671125
104,1871.9313918397263,5373.9297090138725,224.32639048130935
104,1747.8507889780738,5366.419721256541,207.71245201177013
104,1684.7524995423707,4974.879606424986,229.59318566277776
104,1636.4032616529585,4906.744302610387,242.17870741885153
104,1399.8352197432037,5009.2116900149285,231.47376627607073
104,1462.9506030613127,4940.805869386138,259.47132936852404
104,1328.2910710496842,4846.128922461795,234.15175921091648
104,1544.4319639333112,4996.909314048795,245.90177651873532
104,1413.3454476992326,5019.071980065831,260.0974466823135
104,1577.0676252452906,5048.954503708253,265.98822243149425
104,1854.310861700509,4780.061959232377,245.44757269780243
104,1667.221280792482,5377.1783564879825,246.36054090904653
104,1575.5355959230226,5229.440506009049,237.9069200313037
104,1593.4402586871654,5425.404423059159,233.08697564553935
104,1641.5105694371864,5420.585245392929,237.8433404363707
104,1646.068369841425,5191.867970704657,214.1040331527906
104,1464.8391256555626,5271.772227334533,228.9332813172223
104,1565.2761166201544,5305.76575710761,255.8614490190955
104,1648.0002518917881,5260.56497835956,259.70068200595585
104,1260.9938581902961,4901.781564974421,253.39461914460404
104,1052.006670197194,4948.540339110096,249.89662274731896
104,1177.242850646264,4918.603868658022,255.94687114895103
104,1161.0461298257876,4600.127469675983,238.5149373795882
104,1325.6562188389648,4919.0216506815095,252.1486199429692
104,1017.7005680883339,4796.208841571049,236.79115507363375
104,1416.5446273357686,4385.436738117134,222.45159776196274
104,1225.4276597991463,4587.244925078071,223.0724355852718
104,1191.4706685094864,4361.055529587131,229.38483879252206
104,1300.3543548796458,4449.695692309275,210.34002603428084
104,984.6751680746185,4327.037206238762,223.18121647659783
104,948.202918447732,4599.96721355803,231.39432000126547
104,1075.289398563816,4529.91253983708,213.91975461827386
104,912.788322090318,4442.838518737069,226.9725626211289
104,813.3740997494946,4449.0195836493485,246.31976070842197
104,808.3293847686281,4807.07658222035,223.86007264245987
104,926.2506697597029,4779.119570582058,222.47422664692513
104,1618.8015543693855,4061.6411189667774,242.9945284664539
104,856.1454360802858,4189.6375021246295,218.31948829744564
104,799.5329930578101,4170.688634135632,253.3726356194273
104,1283.9389698169828,4295.271977961919,237.6185332521192
104,884.773879271724,4254.159244730833,229.65511080242854
104,884.4339845810908,4252.174215395804,228.35047835678083
104,718.8048056083466,4142.537397647613,223.66144553261122
104,927.8571708210835,4244.30803895043,250.56695742364602
104,593.5064359974559,4207.077684978782,249.3425902435047
104,750.7385609855518,4140.011077226823,217.80946963377542
104,771.3824877469469,4175.458277173289,263.5227581037449
104,720.7438801723035,4226.200145896514,217.6161021168775
104,906.6724347916464,4883.979739179016,239.88454498314704
104,861.2701123646146,4688.821196015482,245.15905696639035
104,1258.3202766467527,3847.2358374277624,255.03974860629253
104,691.397774375704,4135.436917448894,224.00379170960915
104,622.197325532792,4280.099089953488,245.5268108631757
104,636.1306118749402,3654.4997348225966,239.93647468672336
104,694.9673614545002,3269.454487811029,244.2101681774885
104,715.945034867772,3210.9393963412285,247.30261381744438
104,1137.4694696876275,3366.9844918489553,247.25220861789657
104,1059.465578288812,3301.7324959075117,240.3240956938204
104,381.8377245470865,3395.753641568668,235.08202264978436
104,581.9957804379305,3377.551876875349,231.7739481789781
104,315.58472287440713,3138.8070095037733,240.90007538451258
104,254.19226239046205,3148.1135104995988,223.74660713358358
104,1112.4421620331882,3140.8490295800775,243.38816863390005
104,270.61524889896475,3315.756624970495,222.10680841378357
104,220.1704511777236,3322.0516587098923,230.76720004131582
104,470.3604550057204,3527.7302451755754,233.45551599181002
104,84.24105608612464,3448.0264534264174,213.8897461894738
104,291.0707082462276,3483.59872496484,212.95607790682712
104,105.9966113179365,3183.3452847845574,220.27724282655984
104,141.08202455202806,3292.6273274353966,192.74224424780212
104,1136.027566051144,3741.613486717942,238.83006283100886
104,411.7195562124788,3584.7693310219943,205.80319075274363
104,359.5733195987697,3347.8137708725067,219.85970812666804
104,70.00954008055598,2870.1647845676803,235.0412216940828
104,0.0,3079.132602308953,231.50261890147416
104,311.8644180333014,3089.512812075719,234.7767162830639
104,0.0,3122.387646488409,220.78965284644786
104,205.18042903550102,3049.919598739536,201.95239585238463
104,142.92522191926648,2914.3727320167654,213.93872223769236
104,486.8674178863628,2847.716477405035,226.86163450945665
104,223.89708605455044,2989.4905766150355,228.39845954589194
104,2452.9073304830695,3191.7791437622022,238.62528336968867
104,2561.623489481695,3151.811798429005,237.7402556756676
104,2666.4859024590983,3496.120882664541,278.6105593119065
104,2126.0937315537076,3910.7382543459084,247.19247886723443
104,2691.1566114979346,3814.618137216126,252.76917221428388
104,2340.0689100935087,3755.50870860074,251.84602207297516
104,2094.200496349998,3930.440546320868,248.20310861864144
104,2425.930367585858,3576.757691845052,221.31652856339306
104,1938.5066455210092,3579.833937776241,249.33822017464465
104,2359.3880278758265,3737.9503142021053,254.09303382094313
104,2274.3616064961366,3563.49890142693,248.90857837452396
104,2226.22803708333,3561.365822782373,244.1061758849303
104,1499.4715825644228,3080.252817927372,260.5246015136057
104,1830.2901036046312,3416.631089550407,257.18666361919645
104,1988.0146085468843,3052.2214660774744,252.19842409323715
104,2092.342471661627,3198.7662631650473,240.2483015161212
104,1892.67362743311,3334.812013097144,240.7398104820924
104,2226.9842643863453,3235.0205354652776,258.2570385974334
104,1864.4502273589371,2755.744048888947,271.5430715080463
104,2158.1249601499608,2788.1761581699293,217.60568104350958
104,1844.5010291238893,3038.54104535385,242.49469794880557
104,2601.886577165808,3487.6179497126295,266.6657738103165
104,2016.0174124445978,3193.823839025893,231.74351743042146
104,1889.7667465026145,3151.775610339282,240.76339832838076
104,2110.583116230859,2794.6389720143275,258.94133337856476
104,2204.199558060372,2977.6961593249475,248.89634943569345
104,1980.7133736062417,3150.4399849476326,251.9359514616498
104,1931.783380089077,3351.328084274878,268.6104153937273
104,1796.744587668878,2911.922445537152,263.4339526627216
104,1583.989523641045,2994.9027257563657,243.1256295061534
104,1774.068137474949,3059.9991248608003,214.18168577936078
104,1705.4210866833878,2567.789089872969,214.78883513351835
104,1876.9384158173195,2432.2129586219894,238.39630232553853
104,1787.9527336422245,2469.1169036109086,247.25292964695356
104,1645.5212273460659,2085.818926058046,238.56228168301604
104,1581.2154770556763,2370.503368367675,269.4058434625788
104,1745.5788187904332,2199.1019283033324,267.4331975877825
104,1829.9405886910797,2072.988934810915,263.50812951836633
104,1769.5975966238466,2094.7695783927115,246.35075524734324
104,1696.900135287034,2171.8080670865074,207.59644350630785
104,1439.7240136307928,2077.3759270178757,241.6879394922494
104,1734.1138425944068,1753.6177321578707,248.04949800133508
104,1344.2445952540804,2085.054467486956,268.0797747198643
104,1334.5431406439145,1916.802772081278,238.90921031799317
104,1104.7785303248568,1861.3153560638443,260.86415322484845
104,1178.4733076577702,2003.210415950251,240.9685743682393
104,1328.2877783104293,1948.7925689416588,279.17854429609156
104,1299.469870574458,1665.3032201473793,234.749510740298
104,1331.9812696589563,1929.8933855508676,224.67130688686976
104,1193.5793263197072,2054.8312050234563,251.25956334210227
104,1112.3050276246154,2251.176660589868,232.58358259467812
104,967.9766788389269,2249.2552755944807,216.02922234919956
104,1074.3046534912837,2370.1775768492994,236.28142238398542
104,924.7094488519668,2214.955439819687,252.65478240918063
104,1066.941963608764,2116.0085688130766,247.37845618508734
104,1035.6339919232653,2275.225674557724,251.7698880687067
104,807.4817708191489,2179.0525535341335,227.97791147232587
104,936.5801462284077,2055.036411224933,243.87170264243306
104,1289.2124360805317,1805.0889367713617,234.25074028054732
104,1108.6132587270408,1115.752425118902,235.0571522409854
104,1005.329723703694,1140.0942854501714,227.8341164386318
104,1271.1743371364971,1214.1910093146716,221.78778125234342
104,1094.490119661378,1042.0155160382692,213.77776945065065
104,860.4379870438505,1293.3676557215854,260.47283774330356
104,807.7542527381448,1386.7489242827355,234.27053492947587
104,673.0788057927093,1330.939730329671,217.6852676358532
104,793.5682815779345,1289.0346051933739,246.8846488606401
104,883.4060716677844,1508.1173137971432,226.37922056115318
104,621.4265388484757,1612.1657994990096,256.3655580201398
104,669.7801158160217,1473.3775188380823,228.46964313261006
104,676.5018673166395,1595.795139396772,250.3813753470158
104,1003.9432046495712,1331.1221709909505,262.8427176098644
104,790.6629777221032,1404.5405261026517,249.6964212131517
104,736.2767797827469,1456.0369896655207,239.47703036918588
104,848.2334722899647,1386.580115213801,252.5904520170234
104,726.4552508096011,1527.7442447729577,242.3300386157675
104,780.136018865668,1335.1249350514322,211.17502630075344
104,967.6026078702749,1411.9873955940784,228.1527501944262
104,692.1981747199925,1224.5118667660913,243.47298773434554
104,806.9655501048952,1147.6016343530005,227.27074014382768
104,689.2454887968231,1394.914831437481,244.97996361317374
104,219.93739270585863,1528.1053123784836,253.84549882190336
104,281.34577636376673,1173.998054724127,255.48152835886876
104,611.8271166974478,1206.9612100213517,260.93120398367205
104,408.6293468239388,1150.8204371732973,242.57169093084352
104,339.3069750472032,1401.6368625043624,224.68101098110586
104,275.195572968129,1039.7461932574543,211.81753164143313
104,176.40401383862732,1026.5686761289244,208.7675008078925
104,265.3250992986808,1251.4222414201595,233.92119248696574
104,438.1308138663301,1287.8996798689732,205.424118387758
104,510.93329160704957,858.732387076467,223.26071695278657
104,605.4766798762339,878.1798097033626,234.1119194589746
104,317.43113811914134,1142.1310949606282,222.22210400473475
104,416.9749023967822,884.8031373604146,231.15035948049794
104,395.682348468073,930.4533443370098,246.15185743684467
104,397.23280870422684,1427.820893646683,213.47734254672147
104,271.8934627209701,1528.046435665156,249.56116569385492
104,748.7674513869674,923.6489708863243,257.14510080982154
104,164.42156675470957,849.9365125555872,224.36399070690427
104,92.45034986208256,843.9559020337675,262.5794809184505
104,1136.4034497605637,576.0834295481758,222.34230123999114
104,179.35597237766754,826.8184520490157,229.77848827064977
104,230.81101416956741,804.2793636446216,229.255197921409
104,127.63265054008653,822.8194175388772,212.17163866445955
104,82.62635055074085,795.5340756718268,249.9833257117318
104,81.49171460569923,930.8515326907019,246.50945712468953
104,92.8350948839504,1209.1396798759947,200.1221364170872
104,211.8533361760885,1197.8829011176904,260.0235379287849
104,105.74017330462831,1070.5988155162127,206.13937227419294
104,32.280981436222504,814.6665188626527,220.23065084463613
104,0.0,798.1437576799354,230.28924694625513
104,1144.9620706583717,1041.7192673753757,246.18547573939267
104,0.0,1112.5602399225609,215.72545812902982
104,119.88259682214445,1083.6080017081017,231.73708999240628
104,0.0,1238.0242586160161,231.53107164051787
104,134.78839106667718,1117.8558226651671,228.30169190411905
104,223.746368767821,1059.8383949516738,271.0455388803483
104,1098.2180683444099,1526.3530363799964,246.13214027585232
104,969.0836863157652,1500.0923255402954,242.0529285244361
104,1907.2898169454486,1234.5793325279387,236.60413060378298
104,1547.8348395637713,1317.495732709624,240.55825244910213
104,1863.4680440793134,1175.0005536338035,230.84309453172224
104,1903.0654930340063,1434.5344830962104,222.181066283283
104,1145.1863113030092,1507.630199611472,243.26476707682284
104,1644.3119263262815,1505.265091924995,215.84279193333148
104,1486.791362108482,1633.9794538357773,220.45068141530717
104,1690.0306486700053,2002.5976382805356,227.26596498971546
104,1765.1796413088402,1575.5734620705693,219.36482094524482
104,1752.3030012270376,1505.8527247036532,224.5680713848944
104,2202.6444022423643,1609.7673071799309,229.23334952230326
104,1642.4679043727745,1958.6387426632377,215.13747687089082
104,1312.534401233256,2201.590486920332,230.49368328250145
104,1285.9167801011472,2324.067085361629,230.20527986005638
104,1615.3393611501667,1922.0737150071373,225.98314795783133
104,1590.6529999090287,1411.2999351502185,244.29642394059178
104,1923.4220715043114,1687.4001998421254,229.4471809528541
104,1296.37806446831,2020.4015604051688,220.94873503593467
104,1816.4781478900425,1575.2939599352276,220.51902338754022
104,1254.5027986543612,1634.2162177599498,221.74501847951987
104,1234.993817553013,1770.9637536707028,214.6546795567044
104,1667.4070484818023,1102.272636853229,220.04458444044943
104,1590.4143274208743,1611.032664519848,256.0024172051818
104,1606.6734223775272,1630.2135629985223,221.02951199197108
104,1646.2498142493337,983.0049640083549,242.83218480964845
104,1867.2066044349692,879.9314776018708,255.56321983918738
104,1668.4968839704013,1241.9613170569005,238.23399126957779
104,1478.6470953688938,905.7038754854592,238.5216187627017
104,1592.6197113507058,798.1581805227103,259.4653099830674
104,1394.1465883117992,1484.8862251986006,231.12920864492955
104,1300.737760335159,1403.7611779040194,231.3682791518934
104,1029.409140841189,1439.6578751887505,240.4258979563023
104,1253.7817474706578,2553.286155853902,256.8210273874722
104,1240.923845699919,2155.057248225471,262.51451528511495
104,1060.135233989645,2093.859527865008,243.13361581751033
104,1320.2886561408295,2333.3501117542037,264.78666609988784
104,768.1928186748452,2909.3150873891514,255.42027928215558
104,768.5346931253556,2505.19552550371,260.3830703435623
104,789.7167298229525,3079.5879385850944,240.30513512618606
104,760.1757416046751,2943.132472263668,229.21320005251087
104,686.2162253316532,2848.829975625536,252.86613586655207
104,868.2930013364952,2751.083178847884,267.49033911873016
104,1132.2115789993939,2641.387890134586,208.91822046680377
104,1022.8663449093755,2533.7737551427576,234.49797170896633
104,1141.9081807563787,2178.2080009673123,255.88182851483342
104,858.2955778010877,2351.5030795978837,228.44182634994527
104,1118.36209654304,2485.5512257409614,249.86516723868786
104,923.8257730517602,2481.522123682284,251.57419423592003
104,845.3900469150257,2642.3178701676616,228.11782616133164
104,772.8564769203293,2195.178920935792,251.01499914975685
104,664.9020105686288,2751.9889781893107,255.25987773011136
104,890.3801010851529,2155.613573959944,269.7419592387139
104,829.5976283885135,2902.153166882979,233.93858988205002
104,581.1756107722915,2786.2007490006495,224.0419433234275
104,639.28702724477,2580.166539297661,204.24228846260704
104,671.9641886021677,2323.3283043488173,213.08587402263166
104,755.4999733739943,2424.070187251572,205.12509401451715
104,574.6032695511327,2212.9287486240587,225.75395564848387
104,405.8139074984633,2234.223901322519,247.7898224218982
104,540.8819623237998,1973.3627651885754,228.27297812572718
104,876.283899681165,2198.298650196685,236.75988401169204
104,562.5237265927011,2332.095869173397,256.0502246659804
104,405.9800137331938,2241.952299896054,200.1972094653244
104,315.03206066625,2431.9178283495944,242.88555693830537
104,385.57583483677183,2229.2628740229866,248.79195172839903
104,183.97001191774862,2306.4457513578477,225.74066296289388
104,971.3064226324644,2422.7368135618926,249.77352709900745
104,855.3590121715691,2962.2826682634027,270.4151535540682
104,742.7019217139347,3084.9923489976823,242.46628767548313
104,1032.5683402855302,3190.0856790156986,276.649528299939
104,803.8268229391182,3067.4339143637812,245.36883626701004
104,1027.2374427588131,4063.6325040127654,242.0925413724552
104,839.6607270260494,3952.1222795253875,252.86772788711025
104,980.571211402383,4309.100758579412,265.4675431567149
104,848.2554096687876,4491.326099943129,227.14463672979562
104,903.5653250083236,4275.107040417264,249.5536730760911
104,721.6398202587214,4104.9507699508185,250.13644201474315
104,857.4394121655963,4161.914704054868,251.37696377499188
104,812.9630566278039,3947.460510023587,246.87228632386498
104,781.3371898332513,3937.723608177584,244.96900604229344
104,765.7736560532571,3764.4045275080575,223.4239737571974
104,1025.380985053154,4398.617754590856,248.1182793762069
104,863.0344900575436,4118.487163037855,242.28862673914713
104,975.0809267280991,4308.009358571142,227.39799145507206
104,929.8075640077383,4168.455366773883,225.15373588298903
104,797.662907719939,4112.227583311182,218.4409841469683
104,809.2515537265402,3082.6420674068336,238.65484804899805
104,558.5406031304917,3199.326244590883,230.3600173193348
104,501.2736135783814,3226.0071645524376,209.69392980597732
104,579.4543186558539,3275.5968329063257,251.14890101845336
104,623.8282085619829,3111.734653963561,242.8613466013949
104,409.9272343972516,2846.515808278666,248.98781559835496
104,450.63145973575126,2854.622477184644,241.18305694798872
104,361.88673362930535,3128.9801198415626,261.3008879589162
104,680.6020965145697,3254.6176881722545,254.1640856000778
104,670.3867628877357,3234.436949551925,250.44076482000295
104,463.61224887272397,3634.244251512559,242.30317069778917
104,511.8864943930214,3344.2742150192485,245.1932448344982
104,326.9161739828561,3850.402994792605,244.5385607315208
104,430.0001492978512,3701.9468849139407,213.15839354295665
104,706.7252033164239,3484.230463057524,226.65530324453815
104,389.5511279170986,3516.36211290279,250.83958778509853
104,616.8845947227423,3510.868369766905,253.63665581929777
104,560.308821034325,3142.779814949387,245.40166918737512
104,216.09841479930995,3073.417845841174,257.5814051550195
104,134.64827127937846,2984.4913558089165,244.53422342315585
104,555.7351919996624,2787.054283938492,237.50322616537008
104,529.7591532177674,2791.8958753873076,259.7867593260628
104,327.73704460150304,3315.655946319514,251.18361532442046
104,283.62618099973895,2577.7185040959694,222.8638889460498
104,216.8154298471206,2689.0765162169896,222.00347999036026
104,160.89747322192792,2624.2094545883506,258.3377070186357
104,449.2250971154739,2678.1318478130283,223.56690139149558
104,389.4757412414592,2432.5212994857748,232.52383308700516
104,349.26679125541193,2459.3566120166893,216.4674015518901
104,181.97169587825599,2224.8697737729053,229.68894212354283
104,2508.143560115661,2289.0494230645745,225.64644668460656
104,1400.447533266763,2431.0784525039426,233.79510970668
104,1233.185227374274,3286.684076858852,222.90793104741752
104,1638.6848204516816,2947.3277941397346,251.4543029387398
104,2257.8977387367836,2280.240102828654,259.49386235461304
104,1842.2001155219452,3556.632008336345,243.8581991783312
104,1741.98040239092,3660.6732406053848,241.59711849349995
104,1332.85076840907,3346.2098681043353,237.78496847748343
104,1699.1410808219132,3477.937083387238,239.57329751170406
104,1654.407976725997,3300.9506672102766,232.39659430082494
104,1701.1378177873776,3246.387157292979,219.64014026105687
104,1614.1635593146182,3200.964388907079,247.55807563671286
104,1776.5859194235134,3336.5687493394316,215.69448920342725
104,1742.5848193467598,3371.0370367812493,214.2236240521572
104,1377.0956364764593,3190.5047740256773,235.19287699154253
104,1507.7954753094098,3498.1509908276175,226.26919530819114
104,1793.612644779446,3783.9011838519505,223.49005989037235
104,1951.4247994044256,3813.717854595479,246.31899530525365
104,1177.293175981972,3166.05375003172,264.5453776766168
104,1364.814860016277,3791.716575495401,237.63838376560025
104,1505.420547012727,3737.4896929711417,244.55520502373233
104,1471.4541204072639,3677.669983790482,238.93106114679702
104,1325.043245996382,3300.836990564918,252.3127025172894
104,1221.8960634989025,3339.1323811311454,256.25282285945286
104,1117.553693179836,3351.009979849955,255.90438217394333
104,1088.267871448659,3251.7500740365294,237.15402714096498
104,1102.1095906689281,3927.3035113414903,226.06015408924205
104,1332.004331668712,3539.9110638002117,222.32935465535743
104,1277.7403477689152,3355.542300456304,242.2754189496222
104,1184.4709152829644,3331.337226406837,244.6091093908024
104,1133.6817140115909,3039.023291338281,228.41879997220602
104,1132.3952135435004,3567.138739850621,220.7810593813147
104,1112.073362603707,3545.2831227532665,214.3661386230098
104,1216.5120479335424,3856.6819044112103,234.32927880728303
104,1195.503933508515,3286.362816110343,222.24721529686232
104,1005.4185722873002,3150.910033623457,213.26740731925182
104,1023.444593403775,3210.547121416867,230.2820229385205
104,1057.1998043812728,3533.3682006720783,215.19545727738674
104,1174.3175006310214,3900.2979902218863,232.26140875875004
104,897.2962520980133,3616.9564443101985,225.37844449272117
104,1070.7258789160833,3304.325190965929,234.01546261260867
104,1003.5441602129964,2626.3756102234047,227.86374547783365
104,985.5624557384698,2906.3144455096126,234.8254738605228
104,976.245752308589,2981.549599161129,208.98245609638715
104,867.2760340995725,2798.9235978559905,224.86303277059548
104,846.4832112155167,2713.9609219075396,205.3239085169283
104,822.7106901812978,2579.53710777653,219.6581110527384
104,1035.6059337275467,2415.1887190425755,221.76055029623714
104,1068.05324921142,2279.89229341959,228.03882684206994
104,1089.5932375844907,2131.7684854919953,228.5663078993356
104,864.4042827641716,1854.520686631768,249.89187327049476
104,947.0564328110287,2182.8640426007446,229.84644343455838
104,1122.8255619506851,2376.599292618584,229.97694555326595
104,1073.0364919855517,2274.3573665671506,231.77280080187708
104,1044.4600093857896,2357.704276830266,253.75468725133388
104,973.7525295716106,2411.954989327951,238.71130625798762
104,1093.6205480647025,2673.943629057455,235.87386073252722
104,1034.1892312034706,2472.0685473492417,219.28990918102747
104,871.24762571762,2580.4113324241325,258.427354412568
104,619.8734376245361,3060.258493671179,244.76335642155848
104,807.252388573981,3037.614334479564,250.16331025626576
104,1237.205199747744,2527.26821896114,266.25134149472865
104,455.9472791058023,3060.45163153557,241.90456433610083
104,571.9687256420442,2426.932578958488,252.58688179193828
104,458.81267466186307,2497.218604256825,265.85522323481655
104,572.8318865761671,2296.391885666007,279.02276386045094
104,435.9686949272118,2073.804870272504,240.96284594974966
104,590.258647701268,1562.0005053346758,232.51472069565855
104,523.3320176983783,1357.4487312904812,197.2536260895712
104,684.5324687163011,1370.5308130526091,237.58071291968807
104,293.8260669683681,1327.9367728029538,249.74465930575153
104,440.20624052159917,1443.4392551083724,221.29126525544237
104,757.2565898985603,1508.6945793009072,246.8339691896796
104,353.15811635490877,1737.2495505316228,258.69984550646484
104,183.50675463513718,1735.164244640409,236.864999730486
104,200.9730696347667,1800.2317466299442,243.96519074996635
104,157.34602364109,1959.4595378497056,255.05312977540515
104,533.3019563898686,1639.6941513269503,262.10916758481983
104,400.0232697989484,2075.5322761755638,244.58998393582843
104,197.5801018035282,2034.1270744148492,214.12644589944645
104,150.71726248135874,2105.3636504707815,201.87465210818104
104,29.76790887232025,2046.806261460928,215.0039889484531
104,325.29567854336995,1692.1673750142277,199.7134066055423
104,44.72102428980267,1616.2097893018572,223.87124072690094
104,6.350671003158112,1385.3633656190887,246.17806080741244
104,187.70783868233687,1408.1488043441864,228.14459087652753
104,725.4484537103399,1151.611095414919,246.11669156454437
104,397.9260229279856,1500.35815077599,230.84619257699725
104,3.5970766548979043,1715.3024206587984,199.03827137789173
104,0.0,1804.1485719373723,220.73900371791578
104,276.8203235334437,1439.2893130044745,241.6994991372674
104,0.0,1338.1799847465604,227.52418984804527
104,167.96551246162798,1336.0441008691973,219.23423042080017
104,0.0,1511.5416147086153,271.7953379804637
104,40.66334169787248,1745.0511730496273,222.33254184382403
104,99.50639399201313,1137.017884039834,262.142919402477
104,50.224331636106825,1114.872637579113,233.72241538199367
104,295.8335899893963,1397.8373916370028,249.5509525746189
104,43.55768919779686,1453.3898812816774,244.2358620326285
104,0.0,1362.7038208956,244.72958507551598
104,0.0,1622.4668293917066,202.90698479419606
104,1187.77195015335,1612.9603142475248,232.64378947769032
104,1472.029479951101,1514.7974177298433,246.60461063635407
104,1333.3079862528227,2053.4116875052514,230.5134488568648
104,1919.1996675457247,2209.7723362263223,272.6863544342667
104,1305.4858153009488,2106.184354400374,244.6398583873379
104,1379.9205468111884,1891.6403911064267,255.55522619437969
104,1558.6786348175744,2288.8477701730585,226.77449597714113
104,1569.6742001566397,1265.0852054751463,233.69328956133202
104,1834.349383773036,2621.145176720438,218.6860516281636
104,1686.8899328492419,2605.295057955586,237.37615422532807
104,1676.0142844011755,2152.8805848115867,210.03405742240076
104,1279.7677650233995,1642.7119773152822,240.38724207360556
104,1138.6836181304254,1814.4640013248513,233.16949518009145
104,1166.8120489606051,1605.5981749867292,230.95203069599071
104,1500.518461364544,1796.7572336048056,252.63098988489847
104,1063.0926263572894,1515.9250148723859,236.7896397818524
104,1320.404450315438,1303.9860602747867,245.58529121348082
104,995.040393164419,1230.4684713368665,240.11629681019198
104,1034.454031275221,1380.1426808266906,265.6944486209029
104,1307.336162666345,1629.012086344172,244.61875748542562
104,1370.7241816082792,1566.3327635470082,245.32014874300282
104,1001.4666156528618,1790.7830738176017,244.76882340907324
104,1328.5657277857842,1754.8583036636423,254.56610300328512
104,1314.272542571048,2526.7031447041686,216.51206078595712
104,1164.3239695160908,2506.2648169252425,211.8812201280791
104,1305.2520631002046,2478.271255446585,228.43047736224221
104,1327.21961295163,2448.5612437573513,243.3415139894859
104,1173.974080127412,2158.4373863520677,249.28235584989787
104,809.7067076651862,1802.7246612636463,244.3044912550681
104,755.3737224377451,1625.0334916357865,263.80723312126804
104,712.1132022135014,1611.1728610595105,262.3564192966181
104,798.6082740871954,1728.7180867776447,240.84227542762133
104,871.0926701065872,1714.6109218336492,241.14597081402187
104,688.9777808944127,1669.0110987606458,230.79467653851518
104,710.7178282038121,926.1009024746196,217.3350925792071
104,862.0983554541302,1161.1705812597884,220.48369987941888
104,585.3939191787014,1008.0414735625699,249.25885691527836
104,811.0192276502515,1353.5002848188674,216.58825115954787
104,611.0231834258097,948.8140862269416,224.99072181495475
104,733.167263528724,1009.0489156672808,244.80318204537335
104,491.7916038567296,1181.7921611306415,218.04641166900868
104,598.6904409456921,699.4995898363137,227.82487930330947
104,509.6438061409589,844.4172106725754,245.19485683621073
104,477.8746782844788,936.480800485191,214.02038379511347
104,498.6601748786468,931.378383212949,243.1888500894722
104,1026.490931601682,639.2459557014553,257.45014875021207
104,357.6504099661496,1468.768125960618,218.58824128397825
104,351.8605165303803,1487.9276292428012,232.62887644803166
104,1308.5550530234584,1362.473001156388,231.28338250333772
104,404.93314748157275,1560.4245430865826,237.1505579918476
104,551.6498493041306,1659.9805162976618,227.78666764163617
104,381.9368933623522,1444.1441906280788,228.7751547220977
104,456.2917944381603,1622.8062326226523,249.5602916439071
104,275.3848227697446,1495.4622746592768,222.2063270748702
104,376.74966277511703,1171.9036356695306,203.17992742024805
104,496.0594914502432,1242.9800338062641,255.1040781274872
104,274.88228172553806,1225.5309401538707,214.09380394484432
104,293.00644725733264,958.8645544839043,234.60704952248048
104,172.0385400376857,1388.0330966694405,233.047585821188
104,1050.5223397185116,1086.7991553521788,253.91782380731652
104,105.03037212195838,1129.2459898544143,214.38504227629252
104,227.31108331044388,1068.9909279557978,232.06594715543244
104,69.828831557563,1088.552146553991,226.83603753232936
104,240.85285532548139,1064.5459295268024,232.89739796488422
104,312.02357023076286,966.0954019078953,251.3743781045712
104,1066.755416554288,1286.430798426959,244.8636979963119
104,995.275668970873,1242.639870245121,239.93119847002814
104,0.0,1226.7720952087202,226.94409551016864
104,199.17006911981443,1063.321259036687,217.54619997509613
104,85.63379879341025,972.9206450192079,220.27204382803714
104,12.33197862771928,1153.9998113826323,199.81991491007787
104,1002.1580814818611,1236.355770820166,229.89059484699712
104,0.0,1179.7977908864195,199.94295637952555
104,52.7808693005139,1169.321043262988,203.89836390668856
104,93.92726088257618,1268.9850562668603,230.37140591784325
104,50.365616540605714,1382.5656528034028,213.5399897967737
104,0.0,1192.2541226339317,198.59363155445985
104,0.0,1180.6896652610844,208.621782136512
104,0.0,1311.7164985985255,197.04120124636094
104,962.010011096443,1345.1017286632336,232.89093609330538
104,0.0,1227.39519451372,232.90429424824643
104,40.210589975038914,1002.5159875758026,212.70739160235567
104,0.0,794.2739702028576,236.51167877478647
104,0.0,962.9597492329698,221.25952208697421
104,43.19971309559375,904.5355750055677,240.704771233071
104,0.0,925.2675911228481,217.36587507261916
104,0.0,1102.7473319062728,206.60679033781312
104,0.0,1154.580897354203,223.3741604422806
104,129.69290396425052,940.4840350024762,234.5387829385697
104,0.0,993.4673275417773,227.5321300508331
104,0.0,998.5385271742254,212.23793888095966
104,0.0,955.5818072503536,253.54057446351445
104,0.0,1142.186428880288,258.12547914249706
104,51.505929034799095,1040.6795205000135,242.98001941297437
104,1250.2580491917886,1208.0581416064847,259.8387726091255
104,1278.336593751032,1149.13643407768,274.0342185319141
104,1106.513849251546,1243.8277860214234,238.75810378186137
104,1236.0872651189009,1258.7042180353137,222.94421490756403
104,855.5849262832695,993.3954813567478,246.47973316899086
104,1190.805946098677,1176.5158039140488,259.4481726988098
104,1081.878943419277,1621.1123728108641,257.7552589298283
104,1008.5627237691994,1501.9561678461428,257.4968418787254
104,1258.878858793346,1054.1974002523025,264.91436581534197
104,756.8231639173954,1686.792642925814,259.89607958391025
104,837.9278471704482,1360.6051133602596,255.40215812419913
104,828.9917642511547,1566.6687078796622,252.65413000266668
104,746.4473674508765,1358.4753284562253,268.5098599491416
104,717.8636626151979,1332.906345758529,256.8393525764169
104,668.1910307517752,1062.004784779739,246.3192784240472
104,841.4131542712033,1181.6549109156135,229.71524682588498
104,771.4942058008648,1168.5573978350221,239.3683340038651
104,1017.8888805560456,778.4466004030736,248.62870676784738
104,755.3555841055085,961.8264144427591,234.79432394896904
104,995.38178758072,814.677858580021,242.77157019540036
104,722.4418471886441,971.8151325243936,256.55423835857755
104,931.1636800676241,1121.264773364424,230.24835512822833
104,558.8957579049065,1008.918626287562,234.11314078841704
104,394.8295003228511,1096.9892546691244,264.23154098933924
104,362.16855078664753,1025.7431783939787,261.8418915403254
104,583.599238684012,1030.1364585329602,227.92839945885933
104,346.3332673757121,1064.2211880930945,218.67313285895384
104,327.2266623971716,1093.2383650859815,192.09939524243893
104,419.7708574277149,912.0372173647141,217.5911569291928
104,701.9598358872365,971.9092785555359,237.86096480734366
104,394.0515124680186,973.3016512752355,233.34089446556928
104,319.51275750282116,893.3148793518229,263.46704593977336
104,463.36790520589,870.5820205454346,253.8567843664458
104,766.7945081331366,915.2208669844816,258.87528585340635
104,487.8829304768441,979.5151071120928,257.29137115298283
104,298.27383328799704,1137.268005889594,212.09754320594956
104,137.1443768479442,1281.7607629609379,245.49479520106397
104,453.9884920006249,1052.3484635070567,261.8361028397388
104,120.31608775686757,1051.7014502150423,247.6790248661255
104,325.5787712334237,1039.1004262305692,241.72872044377837
104,239.60934970094294,1013.6959433538849,279.3196821742837
104,219.43921439668392,739.7746640325882,240.18886682046556
104,70.57990092059921,709.4847807047851,265.96005643033607
104,290.8852606182071,913.2785481574159,248.50684889309784
104,301.473000789725,871.4500778711366,245.3796450390105
104,126.21849196389385,1108.0562942577612,253.41861835321626
104,550.3283427748812,875.8563451593424,280.6714461305603
104,325.43297953984904,1191.832947246748,233.17597313518533
104,590.4470198904136,1024.5777033471063,247.91042435162743
104,497.33481639432887,1144.9573164388185,239.6048262722438
104,575.5719537346586,1509.5949997126286,230.78369423678149
104,387.7758711073161,1391.9723614369473,251.46554984131407
104,289.6926551568107,1389.2197948288235,246.90961863302496
104,430.9872118953523,1320.2780163569046,258.7580095474467
104,675.1283237852601,1468.23412698847,245.22470886136549
104,631.0670120975159,1078.2725867687282,243.91749528557378
104,292.3080378292814,1034.5459014907228,224.6955720570481
104,642.95291216503,1069.436417714805,224.192495928623
104,301.209379447526,778.4974502290644,216.45820307977536
104,389.8531119156577,757.4955992513363,236.80029513829416
104,386.0047686096476,627.2602785031553,237.6269648579333
104,276.1531614549418,706.3875817012471,224.97673107248394
104,330.5026813944686,642.9953919822016,254.51705380531567
104,431.5851726413774,728.6830774433043,236.76855368876275
104,258.066382724053,758.6885282082193,241.49823302446114
104,259.5827588078274,626.7211546957889,236.17892874003948
104,216.93438661368057,605.9201467380623,245.10494330542818
104,328.44534556015424,692.3311434619155,244.8940705899901
104,353.036508921654,690.5503036241672,252.99164543112786
104,286.9248144637253,571.5709164082115,234.6652742815821
104,366.7003836262513,585.2209016625983,240.28229334698452
104,275.8918102970938,836.4414754371693,236.47428952156113
104,243.83533499381494,805.8203629210044,228.80118567211636
104,346.67933239435195,692.6723691968688,235.10648940846582
104,55.288440341464224,505.06246029529495,249.27372748052997
104,167.44396365848203,694.6721778111993,261.27599723772926
104,258.358113922807,493.12308336334706,274.2067714453334
104,0.0,421.2016602677277,260.123519555596
104,0.0,208.92571952611252,252.7619640817454
104,166.27696843387176,234.0156220491508,245.78499754243242
104,65.08571245760353,91.54929272496042,243.02005949948577
104,16.46669109003787,158.1304434225574,245.34743209529742
104,113.91628617183844,128.31821394523945,216.84673947254547
104,0.0,111.9203785703321,207.5939571329644
104,495.64101649355246,50.03532493341015,244.80876497825514
104,721.676344576819,205.28868456295982,225.13322243420654
104,491.85285693815945,0.0,253.31030138278268
104,447.2762838093241,150.37135702625164,249.8538629090298
104,620.4513437110614,0.0,222.7859325502018
104,790.4545197552228,0.0,223.06839516621048
104,504.47897677780895,0.0,251.62711444289337
104,557.4163098918326,94.81431211188612,208.38389582678852
104,637.2592579253882,296.7742778108734,230.12406360561474
104,660.7944143465303,0.0,247.415336519269
104,663.9000295508141,147.31462344370652,163.17464589937126
104,637.2696878996767,283.5294305660366,154.83605913852898
104,794.3456120171346,357.2796599161022,141.6591439370428
104,659.7698404039369,373.0445168797287,148.20656880901848
104,636.4835280633821,242.59294067273072,140.88975715509426
104,465.2981842584587,218.1150400873197,150.46970840183064
104,533.9565779685042,206.68164625045517,138.444107823994
104,457.3074721204715,330.92657127070174,111.94492356217376
104,421.72475603813393,223.6259554820465,98.43171572948174
104,448.71188040518643,171.44477576697238,115.3922361581717
