engine,Cycles_to_HPT_SV,Cycles_to_HPC_SV,Cycles_to_WW
101,1342.1368144565747,4786.448274416897,330.0636389271688
101,1437.9645207912197,4293.729421236567,255.88183550862306
101,1454.8649125481888,4345.8415319645455,188.3645373052986
101,1462.0467183019236,4260.729798079389,209.5192257292183
101,1423.2045865612934,4226.928061889688,168.39458558928402
101,1423.2865614837892,4398.518381450223,256.679643188113
101,1178.7825248310637,4393.353330048315,291.02139901464005
101,1462.0467183019236,4431.915625292788,154.44484258359597
101,1440.652198305021,3959.0651748170153,154.47500908646919
101,1431.8325049062003,3989.6646855898694,372.72585683884
101,1438.3053564301663,3865.5164379803623,230.03307527684035
101,1274.8632347475407,3850.192848758106,337.3193976300371
101,1120.340151746686,4212.8237185763055,313.4554540794381
101,1440.652198305021,4736.778485288865,312.68354251830584
101,1440.652198305021,4254.978123763797,208.31181747383607
101,1408.7786198798494,3980.9565396684825,261.1709261279796
101,1462.0467183019236,4115.750164688926,222.5633682341392
101,1440.652198305021,4134.05949755635,229.59122802008807
101,1401.8100665643908,3905.920619937881,292.8349784763988
101,1440.652198305021,4048.226718469767,318.7899168676093
101,1408.7786198798494,4190.081951384171,358.52331094461687
101,1323.022211176362,4579.668856949211,330.09695710999944
101,1103.1797218786378,4752.361053691889,321.8206232725308
101,1015.2633133632418,4703.73174547343,281.1230358910162
101,1403.256179155563,4174.85195906334,310.78832683885184
101,1423.2045865612934,3927.3136781004564,258.1013824058272
101,1238.611774594009,4702.173335742812,193.82189357635804
101,1410.4379849092977,4140.54744112347,243.84185081005336
101,1422.3925798405212,3842.86410975022,313.7705024596163
101,1440.652198305021,3720.4124412177584,265.6553954611991
101,1423.4565791872799,3419.057227877518,322.8296314108732
101,1401.8100665643908,3419.221626053314,329.0674768110959
101,1314.906308155764,3304.0653963226573,242.3444010055889
101,1221.4867609821563,3398.5497897499295,274.3006008546837
101,1440.652198305021,3529.072186312718,278.0052324636083
101,1462.0467183019236,3364.5156801397325,248.09627170134308
101,1408.342701787763,3707.8277351562388,314.06295330478446
101,1432.4427037189535,3689.6558348603144,183.7147695259136
101,1383.2111810922568,3574.795385648002,206.78564948430153
101,1375.9467638846334,3862.068029784536,167.56388734697038
101,1375.255095528708,3543.085932962998,199.37035232649998
101,1312.877500127736,3664.896329907008,203.99080275495305
101,1415.9702697077532,3416.630100006448,216.47952060393754
101,1428.3094168868922,3622.2168628614104,185.17634974445662
101,1413.6875983349078,3246.8424088144957,159.73387365769946
101,1286.4571088725133,3162.659219408943,194.1594926451305
101,1291.1548122274226,3218.8134947464964,202.32794960395313
101,1397.51692363345,3110.7600218000835,209.94467998036964
101,1407.5770336787334,2937.5948296030783,205.2214674597859
101,1408.091143034443,4292.731997473591,304.34164356006056
101,1428.3094168868922,3819.1560419787415,252.5974084923418
101,1361.268804577203,3182.2233180277285,258.4912059309245
101,1291.9731930133355,4284.146810375219,261.71742000178085
101,1264.2648612997925,3936.039628133913,264.4944920199545
101,1188.2393226394922,3765.76244376197,300.02299666821216
101,1110.0655489573885,3975.8525676202785,328.86348871911457
101,1397.8891403996872,3499.813134241692,288.73928378778805
101,1327.619629937176,3405.4021676158895,243.66103216614152
101,1099.2067322098067,3911.1452412515287,303.5874136447204
101,1196.9216952446109,3437.4070856815847,234.81316863436456
101,1360.8146370348143,3546.075398451437,247.84686726952987
101,1147.3588670391487,3721.54268710892,337.2725479488769
101,1055.6630570523207,3976.3079062995434,335.81215106385656
101,1173.269513637866,3306.2353407286487,221.3090250395005
101,1244.9849943072652,3079.1149424120895,330.64953378049137
101,1345.3422395074342,2937.063556915512,303.8161670642872
101,1345.6767121210448,2607.7404212396327,280.33074795531536
101,1278.0257291177759,2704.8784895099348,252.1424102914546
101,1129.1141661184479,2642.215256098981,213.91210962767076
101,1270.5733296967187,2662.7544838291296,198.53261795674797
101,1088.9068338734046,2570.147981533132,171.95121812394547
101,1160.279877518681,2366.872324811957,210.99074816243223
101,1290.7143883687386,2432.423741471388,229.90665905560746
101,1320.3264620771354,2359.6677745342695,195.4135813381141
101,1297.5175242838206,2596.3944240226283,159.07598889177825
101,1070.0211456628492,2759.0273044231817,161.52055460326665
101,1087.1153872682378,2235.0814073379765,231.20124525342067
101,936.5985251520591,2908.284914933948,363.4610809999488
101,1046.4237478229693,3351.6308107728173,365.29034535623305
101,1042.2139882489578,2946.8608802699373,336.5386578298399
101,1144.5394709016293,2500.747186306388,269.09459375146645
101,1077.344891073266,2773.8486367863584,322.0476552789979
101,1095.3347562555477,2583.731321892208,314.0274315213293
101,1089.0531407632857,2670.9022681274146,189.1438022076208
101,1164.5672213395833,2736.015935998525,147.37303594075922
101,1212.6237810990758,2783.340390643457,168.658973948194
101,1017.3031664033862,2397.9930808165805,218.48555535499054
101,1172.9674682546322,2256.478076154537,266.79340829514274
101,1462.0467183019236,2531.9474001495696,155.07796210812603
101,1462.0467183019236,2560.095391679289,260.857286506746
101,1440.652198305021,2455.8710825460284,249.84572029016033
101,1274.1382041110296,2198.6458647499517,291.0867837374288
101,1462.0467183019236,2328.7938538657877,330.96861969957297
101,1462.0467183019236,2347.2522952430254,269.72127359784076
101,1462.0467183019236,2574.0041440503987,295.25938661386704
101,1462.0467183019236,2288.411949314804,237.6201370492346
101,1291.2135589075153,2165.3940016127895,193.7426697018875
101,1225.9712314498304,1667.3352175234259,333.39050020087853
101,1447.3687589944932,2400.7626878689753,248.69323690617915
101,1396.4527453593,1840.0407005934903,167.31683715099797
101,1462.0467183019236,2514.4003330235423,265.5216959893643
101,1422.3038572776106,2337.9670921096067,187.24771661229107
101,1440.652198305021,2496.0925907133524,274.57379442949906
101,1425.9100684955813,2495.747233482497,166.79644809590258
101,1462.0467183019236,2308.246847712445,179.7116271582397
101,1462.0467183019236,2131.365611562888,191.58509031251384
101,1423.2045865612934,1978.1722948856059,337.54455627870186
101,1440.652198305021,2264.105192252248,392.0503955055857
101,1462.0467183019236,2376.562625256674,364.5821354165809
101,1462.0467183019236,2316.760609671788,369.43099088379876
101,1462.0467183019236,2113.0018550974555,271.90630091289904
101,1399.3372930394119,1989.0001149332102,355.10035760520714
101,1431.0514284957528,2187.4668567920457,331.2882491837214
101,1329.738105948863,1970.1717054516766,278.9868497751366
101,1462.0467183019236,2116.3221482859867,270.8823533290657
101,1434.6045999210764,1956.4061071021797,245.18403429740954
101,1433.34346930191,1786.8453085021647,220.4205791807031
101,1440.652198305021,1854.5807285901392,230.4159443922511
101,1253.500029577556,1884.431520682641,357.0521523242713
101,1397.072426087053,1656.7348225762412,301.2128461417606
101,1440.652198305021,1818.8034493026885,327.99848878131945
101,1187.3097659039536,1796.2080937507703,327.7590832559644
101,1432.6266291850534,1633.7465846377718,297.95599551964966
101,1302.511020221179,1049.652265651573,341.2667555497983
101,1434.2545431433425,1598.380413843956,234.46156074724206
101,1342.1368144565747,1616.5292134399338,307.7294815050136
101,1462.0467183019236,1493.7813875934758,231.59318478707598
101,1438.3053564301663,1464.9421009768066,180.28681147765104
101,1462.0467183019236,1302.041980490647,205.38647665425145
101,1462.0467183019236,1693.6223864049866,190.52950923862386
101,1462.0467183019236,1618.1020179980987,148.5544164626578
101,1459.6998764270688,1452.6104535054733,189.55772017627265
101,1431.0514284957528,1521.048800143927,183.61167726393057
101,1462.0467183019236,1346.2748778061318,179.7077592791502
101,1462.0467183019236,1143.9322122948065,161.20273914805483
101,1343.2978722825203,1076.240575895407,179.6846528543955
101,1399.695933098845,1272.2387358652409,197.11173906823507
101,1401.8100665643908,1166.8146687306007,248.71244686753266
101,1462.0467183019236,826.8353280802631,201.6426454545241
101,1413.6875983349078,885.850968788781,218.06414260306525
101,1155.473456140854,939.3344050310767,290.55333665941833
101,1419.2021085096862,1086.8362277123038,216.4430532107993
101,1426.8750045805473,1081.1866063076927,215.39564060621126
101,1423.2045865612934,809.5027917932092,294.29201192827907
101,1440.652198305021,1300.5559666445197,243.27017713339376
101,1452.8463156145397,1190.2685257238531,304.78571094299974
101,1088.5524962002053,1075.054887044771,309.38675535822216
101,1425.5514284361482,925.4528135140541,265.7629264086916
101,1462.0467183019236,729.3209841850575,261.03239455735894
101,1462.0467183019236,592.4960256111868,237.86836175903687
101,1163.9270954038534,651.3380335616054,339.68507014023027
101,1351.6640346665301,614.9022157175767,245.43698951542058
101,1093.6956980848508,1174.6042773889958,303.3938230512193
101,1400.0467658158238,915.2797984716871,247.07102873754866
101,1326.5122500910097,1178.9944491706433,256.2191164338195
101,1410.095211875554,691.9101358839877,157.93826477677288
101,1391.8702677765627,573.2991824838804,186.2924276320402
101,1394.9672852058666,1070.77415846626,172.61704337875648
101,1289.0408809814362,788.0757923697516,254.09650752782954
101,1342.961409853295,430.3467564531488,205.65878502485856
101,1359.9574554935245,369.7209229194043,95.57677801557524
101,1402.4439897125644,298.9214584416942,124.68859289834872
101,1381.321977040829,421.35939763680494,199.8906014724093
101,1342.22489509565,272.0937250096656,265.35856227126277
101,1189.126463258309,1059.582068131895,320.06602268745274
101,1243.8060930214126,311.2003133055923,179.0020466061892
101,1310.696558718664,365.98578515969643,190.58291485117564
101,1184.047409823906,23.67721570966137,153.50532758449913
101,1269.9270545124407,269.3118376994038,165.71186086763367
101,1165.2537800543162,185.68724841242351,163.8595025725565
101,1187.8705119332515,111.76308442226718,157.59798975487337
101,1059.9882207955714,595.1433242049831,308.3494657804952
101,957.0641826243788,636.8987295254898,305.8528168721288
101,1144.5407917901928,105.8055085394584,219.42198342655684
101,1041.5199264058997,136.98261723261135,230.06100952414437
101,1061.2082597009598,168.74037855719325,216.20838259339166
101,1309.504414446933,315.7632205700361,192.63271695720283
101,1228.8026093203216,129.76834585843244,216.7872673247184
101,1249.953171417521,219.67286654421991,212.04933916690078
101,1092.5909232957918,1218.742578564666,188.43800452311046
101,1159.4453633245819,121.96103699228911,189.4218975669777
101,1065.9185683554429,15.61356135025153,196.94114101796708
101,1177.3406047569247,0.0,241.70470012571792
101,1312.1840967144121,57.90444341416958,206.19170852844422
101,1195.9423686101725,0.0,203.47427497456954
101,926.4008641364275,422.81639062889985,262.58817971737056
101,1153.2117126559915,0.0,274.7380284340036
101,1120.7603310994257,19.488624836587178,261.1564476910009
101,1176.5939391607046,303.0297400881756,161.9954248440343
101,1111.8271528074924,259.4738724644179,210.7589213276579
101,1184.0761986651025,421.7217490758403,162.12839702711
101,953.9152432399407,173.68392889047811,161.91981874499606
101,1069.7821303832147,267.105446848542,148.9357280642198
101,1033.7486796091553,364.85885997588,141.469748705084
101,1007.3722536611882,326.4232813286958,192.3698499403015
101,908.2345156506448,99.30554711888067,227.98054510270413
101,976.7748699860118,0.0,189.59733698836362
101,973.1419509369745,0.0,240.38920852240977
101,1013.6419525462999,83.22467787549135,207.77988395996948
101,1112.0963870494152,0.0,196.7569154622288
101,1125.3674790124655,13.084190031735716,142.82486652061215
101,1155.423030732951,441.40134042374336,148.62565078128864
101,860.545237191597,0.0,234.12442246629797
101,833.1477536370095,0.0,226.13939795859062
101,794.5501304693365,621.2697563388516,318.763956341445
101,657.142683853093,545.795141725372,275.4634864104432
101,550.1384716068433,138.11351811592033,187.76436790053555
101,822.5704505211012,474.10965647923933,197.79612841260723
101,751.192190609528,443.00779487957334,252.5054461798802
101,770.200926657882,311.81596418370066,238.53163836701242
101,585.7894142809693,99.46609418664514,204.17957869565413
101,662.736995145624,202.54172371998936,223.26926671687443
101,702.0368608738581,219.44807169317892,191.71677951786995
101,732.5004770018097,0.0,303.98200566999697
101,572.7749614306219,0.0,237.85730798803894
101,826.9215852998783,0.0,252.67923962739366
101,574.471432320085,0.0,230.7515360638384
101,688.1383182319319,42.6882253507647,249.37204711250104
101,1390.6870972505822,586.3111336581161,241.7572845877271
101,1246.2873508791768,237.71279056642857,305.420230006031
101,1449.4467173244075,591.3385799006106,178.3591611184844
101,1437.0514293898225,652.2888334431287,200.59485182721545
101,1434.7045875149677,391.02960369194227,153.56205709424904
101,1426.0187157674834,232.66036064543084,178.53201837863645
101,1428.3655576423382,304.18195180626276,157.34544433177524
101,1337.3171990567407,705.7239699613109,222.18331607447868
101,1428.704586620898,571.9384561135383,103.47409950898297
101,1426.0187157674834,461.8742046142961,224.51082685384966
101,1395.0234259613126,289.0571137086338,233.79171955427898
101,1462.0467183019236,712.5214358290797,217.8038098929772
101,1377.2101128896188,475.8972137966979,260.9193011264819
101,1462.0467183019236,809.6037244633613,345.10604834927494
101,1329.5280389627444,339.01629101475737,202.73558726584577
101,1428.3655576423382,638.8994508342859,191.15604279249067
101,1462.0467183019236,1244.1054599776799,271.19327991022453
101,1462.0467183019236,1057.56858232267,215.85129131978533
101,1462.0467183019236,1599.015124024831,304.2667750902952
101,1440.652198305021,1181.2304988747792,242.24970797355547
101,1462.0467183019236,1115.7882241932048,267.1546665446958
101,1438.3053564301663,804.6830494086217,223.32326544415696
101,1407.3100666239955,919.0359680070129,223.75056155545923
101,1176.5798504014717,876.8086085121823,340.8176279447832
101,1462.0467183019236,1462.6208779695048,378.01886002981774
101,1462.0467183019236,1185.9482648950361,287.9441300644531
101,1440.652198305021,1128.74007420729,323.18273404292773
101,1462.0467183019236,1144.1355250236238,236.54797335857626
101,1440.652198305021,1363.086820370956,243.8651199975568
101,1409.6569084988503,1295.0738236426419,333.0066693278316
101,1440.652198305021,1361.601326694119,225.50497881902226
101,1440.652198305021,1528.6525312119638,268.57453572771783
101,1440.652198305021,1281.7154873433587,320.7870596941301
101,1462.0467183019236,1566.062197986916,225.98406655213387
101,1440.652198305021,1420.1828200887799,183.9121052656978
101,1440.652198305021,1933.5431537151162,139.80724535458342
101,1399.3372930394119,1573.0526825546235,167.83931259332275
101,1440.652198305021,1737.1763906657802,228.95736167188937
101,1440.652198305021,1752.6815147093994,223.69473664768805
101,1315.8074547127037,691.238882407194,256.75844538735794
101,1462.0467183019236,1925.610218860988,352.57466365809677
101,1462.0467183019236,1885.4958499204854,328.7699887958001
101,1440.652198305021,1772.2621524421447,311.6592291710981
101,1462.0467183019236,2197.5012794654144,357.643230577624
101,1130.538888168222,2422.801599857179,308.53281689317964
101,1428.2569103704361,2246.488437029997,316.5682710816078
101,1440.652198305021,2090.456233153866,253.77595143578077
101,1415.5569217990287,2335.266558955469,181.401798005574
101,1119.4753990734926,3093.8437659847023,194.28000945674785
101,1386.2483134703598,2981.9694869560453,230.25982069671005
101,1447.120663026384,2443.856259512114,215.4548314016376
101,1324.2501941604726,2985.344109172628,257.33400437108094
101,1422.3925798405212,3184.0284778497853,241.8705135015701
101,1440.652198305021,2828.624324719932,334.2861800682943
101,1462.0467183019236,2518.043525445931,289.8038742706192
101,1408.7786198798494,2394.090068277617,314.93623226706256
101,1440.652198305021,2808.825355316044,311.45334089077306
101,1104.8886299718306,2707.784859830954,394.205704382426
101,1413.210079924174,2995.0408847359467,285.3273321343016
101,1327.394684647135,3791.010848848479,226.3731278020163
101,1423.6273971227358,3613.1944644995606,221.36037855074687
101,1404.1569084392456,3584.9522266229164,230.67844893023198
101,1219.873548933065,4621.160520271062,243.5028621887858
101,1413.3453569602814,4017.8468460538984,155.64042163738816
101,1428.4461268291543,3883.7160084624015,151.26859016828348
101,1428.4461268291543,3918.7643408296894,204.2848317593237
101,1426.6321802178034,3779.6352392430795,163.5334322691628
101,1459.515950960969,3708.915344850631,215.20697091272245
101,1293.5284212433878,4052.7052372088506,276.75918051416494
101,1462.0467183019236,3665.8054235564846,171.61476274582827
101,1423.2865614837892,2974.8090579452937,228.20129843907876
101,1315.9226790598382,2547.7006442530815,176.84954316260695
101,1421.548950384541,2817.8195038886315,235.42117506992287
101,1459.515950960969,2425.5536848185156,202.7588085314881
101,1136.3642171792583,3554.8671939141254,253.67353391617252
101,1395.3067917008573,2657.30172682851,217.29348142382094
101,1428.3094168868922,2707.7035637859167,335.37227166650354
101,1409.912211568035,2474.3420353826264,215.4839915333044
101,1406.8288549355352,2068.7825550843536,237.03756503455804
101,1373.5999220097785,2114.137776234115,270.4183676063218
101,1401.2923104003228,2037.5537236145524,268.8720728361439
101,1397.7524304574251,2451.878855973808,294.78008519907655
101,1268.3378150668702,2333.1934011395106,222.51488022220667
101,1344.5999213541274,1804.7327515331344,260.9714097057742
101,1287.7104100106556,2203.9814768484216,274.98963442362503
101,1216.2942810717211,2269.2487679833416,365.7507518873811
101,1314.3379927832864,2383.2099574852664,254.32593684284774
101,862.2546865063242,3553.842020351916,158.0477945984196
101,1361.2571405916497,2518.8746731388783,127.43977768506262
101,1101.543273021379,1953.844902065629,166.58038358049015
101,1247.8932872572914,3679.9606603601055,261.68488312272785
101,1228.1729317246218,3230.623715270763,157.02960645032442
101,1247.9597623880213,3269.796732893122,180.4918269060489
101,1272.5408126803934,1852.7881916527008,142.21144991376826
101,1193.9915163606775,2321.450983225311,348.20203568004746
101,1331.2756436289856,1857.6799342361082,224.09036997941507
101,1102.6235672402104,2699.5478050409924,369.633998101321
101,1251.23145279795,2477.4971245092725,377.71731711935627
101,1252.8128595149142,2096.8466374256527,237.453938538167
101,1258.3719009184044,1928.9255803020928,159.94998891268665
101,1250.536825848205,2032.5804513019875,153.63348375813268
101,993.6207830618679,1521.6750013210149,171.23472463269246
101,1265.164775394477,1579.8049792127154,149.35954081343198
101,1094.690535766417,2674.2613266411254,324.72786702758765
101,1057.0392608270552,1571.7489368284419,162.22506179354133
101,1204.6345662859565,1994.8532078860849,179.18651781121417
101,1062.5414033037805,1893.4912283058775,273.6067360378785
101,987.2795415676604,2051.0114740482377,246.7099923871375
101,1165.2505159262457,2198.9095883402474,186.55204630751535
101,836.9308738482017,3530.668379263808,315.3415994504909
101,1100.616110433059,2552.7535511773967,227.56699368458703
101,912.3070856839719,2135.4865079924107,241.11272509101286
101,765.5112104192795,2160.7567217954834,217.53601224897352
101,859.3862061160486,1597.5772095953266,235.25714498135943
101,1324.1911388608296,2141.2605564489554,188.5072969706996
101,1305.7328059159117,2200.138784676548,194.45461280493686
101,1443.7870998374237,2313.6424952751768,232.80207434253845
101,1440.652198305021,2608.5563213449686,213.01468782256518
101,1440.652198305021,2668.555728104029,221.29893067906949
101,1370.823870828965,1461.1429215086546,253.43413821230422
101,1355.1894857514424,2043.700587647088,289.4825304511648
101,1459.6998764270688,2543.1225283021718,155.8210040315895
101,1462.0467183019236,2988.3785759455277,226.7002569898794
101,1452.8463156145397,3272.133155968959,196.72352115404902
101,1462.0467183019236,3092.3200061227967,252.55546650033136
101,1462.0467183019236,2429.37902802853,148.63999735775064
101,1459.6998764270688,2532.0749303278512,163.26833865223654
101,1371.8588495541117,3133.219206734221,234.80954830774874
101,1447.3687589944932,2818.8714109876237,247.242729627477
101,1462.0467183019236,2882.3078899006505,299.21329839760176
101,1337.3171990567407,2922.24118777836,293.5111559651817
101,1462.0467183019236,2556.5893436698907,309.2795338101479
101,1440.652198305021,2869.5419619384925,269.4890283821598
101,1449.6514303673387,2468.6199434622836,197.27989143185454
101,1410.8734691287177,2723.3053319606815,306.5875969245868
101,1440.652198305021,2895.2849119913744,242.66528594920453
101,1459.6998764270688,2992.2239753057806,262.3193069005082
101,1335.3635596883362,2801.7621786785735,293.61883283225984
101,1440.652198305021,3531.9542718583702,291.9734309070906
101,1459.6998764270688,2687.71092129043,256.5002873343431
101,1408.7786198798494,3336.5191904242733,220.84030988317545
101,1431.0514284957528,3215.7468577085374,308.27102303520707
101,1159.7239521760978,3612.701928175012,311.47515392222783
101,1438.3053564301663,3369.049793631337,267.7458392596698
101,1307.3493336808378,3202.122572323698,249.10532614813252
101,1438.3053564301663,3108.365605585084,199.70815633820257
101,1462.0467183019236,2753.715335739007,275.6720764492707
101,1324.6486188285626,2444.3460434504213,303.6619987668772
101,1377.542308920438,1595.4154053357856,249.76695941715366
101,1404.9449680967934,1419.2310804461545,259.91383866150244
101,1051.7307154191617,1709.712852382615,306.70125265351817
101,1462.0467183019236,1989.4096993619587,202.51396694632024
101,1402.5459540280833,1538.0654383380856,166.3395938997706
101,1416.8247944788093,1557.6812242074425,141.2003509275474
101,1425.9625750120374,2241.411554759803,170.99605156844444
101,1404.1569084392456,1962.3696842602963,154.88612684025196
101,1114.4827005110399,1534.3793626322022,256.3846967599815
101,1305.2240498394015,1919.2451747393475,345.234733452903
101,1252.5409425014673,1734.509283252191,205.54356166282622
101,1242.262608010311,2009.2466336045936,270.8739212962584
101,1275.0143074717585,1403.7320068514473,120.20500879218152
101,1402.2455824997355,1253.073677266953,269.00782070590236
101,956.279230766888,2741.8970360997346,334.06018827178025
101,1236.2494505563518,2549.8655284972115,182.67736622310514
101,1349.3305237867705,2483.4105192451507,180.197426032026
101,1340.3258373282622,2675.2131178428276,284.0433726794888
101,1250.5200610440118,2573.1638751744445,286.3242111653396
101,1428.3655576423382,2500.416731425476,237.37152942002837
101,1331.8487855194148,2330.3077178020476,211.56394112000504
101,1331.8487855194148,2354.4687884791833,182.36675205374166
101,1393.5739182477269,2632.608552729772,157.76821943730096
101,1425.9625750120374,1715.0127928005245,208.39030070437786
101,1389.523425901708,1304.5444550413067,168.10510431441304
101,1215.8183509678297,885.9019133396215,248.57417329542483
101,1249.8414820992027,850.8571495386885,184.56637927163888
101,1251.7675013584505,1202.2522833196413,268.55443641190584
101,1229.0077212753881,464.73896125733415,220.58673173398154
101,1003.4780823380273,1230.6870852385523,269.57802788878473
101,1020.3485679804661,1418.240420733419,249.28387545604926
101,1022.2539611967385,578.9289256725939,298.95653187658263
101,1342.1590296146676,732.6745000630652,184.20305210231066
101,1191.099809734255,748.3707064829088,175.44022243209963
101,1329.0350435617377,840.3218910663633,235.55189311181095
101,1274.7269073081152,806.607014617145,164.15916926694763
101,1234.8337030812954,772.6637783852221,124.64170809441082
101,1218.3642017191503,854.8264520468757,99.78517293922904
101,1244.8921114982604,829.8750397040609,39.26763785885777
101,1075.1854193392248,651.0949557747703,30.919137708177573
101,1164.4783247033777,628.2887615310414,71.77724702381921
101,1079.3843115128132,696.8989056538275,140.69216658074095
101,1076.4900462968055,748.2578641037929,181.590327506282
101,1254.0055951018242,817.2450385078502,196.57001340365872
101,1267.304171311032,803.6603334366822,319.93540425338864
101,1126.5771553341726,748.1893635414305,253.49284062704282
101,1278.4929762876109,641.4943447345223,280.8365559942566
101,1127.112569480361,1177.2080173056488,316.81804214705744
101,1197.4971046266976,831.1581427833001,267.958913810099
101,1059.3891916724406,646.9343517708447,208.36576635037017
101,1083.7898838973717,731.2093859374007,199.96983002790364
101,1117.453270245682,886.3317392466557,199.89859656003932
101,795.2216679151294,387.51444618470225,137.63545259417208
101,837.3501278852431,336.1029128359618,152.9036539636977
101,896.6659386111529,344.0041553480703,150.69619064567462
101,914.571801929735,390.79438853684564,281.0234337359343
101,968.562065017744,481.796666151918,257.00727809629996
101,1015.0585088323829,335.5118552970896,216.63438061569587
101,684.0806079107588,344.09973472346564,226.56135627513817
101,949.2683572077655,816.8304892583673,313.78113993711617
101,732.4756213397477,252.36236946352778,259.81945478534254
101,977.2971442697395,234.86685330624198,273.1799888371606
101,932.6212782391441,341.368145714672,308.64544575109386
101,1091.1701706057045,421.22301117267625,259.0331775817464
101,1023.2501959944351,1004.3373342360725,226.231610313185
101,848.9772962133883,1251.7200281392493,227.32210821237715
101,941.6882111803023,1224.0028506357394,201.44859967339823
101,873.6591963934374,935.1460608325591,160.24705129797144
101,891.8866358924596,645.2016532176546,140.94766334453885
101,832.3339963384138,420.0118498827055,108.97424046216564
101,834.2371179873995,417.54414128938777,91.31661313598796
101,874.6940758030254,517.1928935855202,112.98413919570113
101,679.9977804332218,325.8918465016542,88.23863021105258
101,487.7053369416592,576.681262252294,78.22528488630421
101,813.4116716581096,512.686208218369,262.9312476412124
101,694.0363670019898,730.9798366473889,155.9609647996487
101,1071.2610387651475,653.0403906410876,258.73157933545025
101,827.0255853433013,845.3576765287577,204.685953703363
101,708.4805571508565,605.7266318193921,142.83767686342748
101,720.8242665598331,691.075335122741,216.70657801631216
101,1397.7296390474603,742.209242720434,225.1315500735255
101,1230.2244825977532,757.9959882855766,146.63697725579578
101,1327.0438519975733,675.6854038178266,207.5606045278078
101,1289.2113393766472,612.1666334964269,156.08324590632157
101,1362.8702671209116,460.22035248763405,206.80481758446973
101,1366.8081485244675,721.2298879504975,216.60079761661353
101,1072.872459327607,927.6702855382874,286.0310560264676
101,1350.7632690835735,434.3109994834848,218.1843385917934
101,1233.0808475479669,521.0897183592277,197.05117017433992
101,1320.7078586051753,642.3614404713356,229.85411743223926
101,1398.7995872341548,582.7040843668036,235.46120809315033
101,1426.0187157674834,603.1464124690038,189.20020837987062
101,1359.9574554935245,557.6703885977339,160.40487149598772
101,1337.3487855790195,385.360696853774,171.8983889386866
101,1183.4250078654288,1257.2294077190786,176.49154135904735
101,1355.9487874506053,585.0073604228672,121.337049462459
101,1424.3794985970821,1128.187553059479,107.70807180612185
101,1345.279496186094,395.94942421208873,162.76812745456255
101,1302.7067576288212,483.6857825315384,142.83236396317113
101,1157.1681203543237,221.79765662915202,258.7340384891312
101,1065.2392236651303,934.6666487881172,270.1779108482406
101,1331.8487855194148,386.7015249293979,215.2372512320004
101,1365.4574555531292,486.2737713039561,164.17188428060183
101,1259.4325007119712,262.75916453808964,152.3539955156004
101,1306.6736332072144,378.5831937719893,130.42271691143077
101,1306.6736332072144,289.11657642495186,124.99027669633243
101,1271.938134568049,251.29962531366004,199.74064932662543
101,1172.1268432535317,444.61897522747415,121.17913693927416
101,1286.0053856565132,365.63495098369515,148.89547870204666
101,1160.909795824894,282.45353870329325,199.34373205227433
101,999.2750014667773,833.5741258002716,295.7192872257411
101,1133.4863024722297,834.858699951198,315.9583401559909
101,1292.7584196215669,501.5311347727437,222.13605265975235
101,1335.6736338628655,543.274325685897,218.19885122266493
101,1191.9589890940688,500.9226520526123,187.9988016209826
101,1410.4379849092977,1527.305213737553,237.14573298463438
101,1440.652198305021,1532.5562567258175,317.72904008210213
101,1387.5521957181795,1212.4015631154707,305.4305420414546
101,1370.3565766004383,1123.4033038282964,300.6023506857772
101,1407.3100666239955,1107.14394243864,311.1436890408248
101,1342.1368144565747,1242.2840639191163,264.0946838771243
101,1159.114306405222,1283.1997685112374,302.6834813360365
101,1030.0328483666206,1826.7814924998374,286.13819560841296
101,1430.00990611295,1255.512682405148,295.2458496466385
101,1350.8888100171714,1548.3009586419075,326.1341462175141
101,1353.508249997005,1637.6637485989218,276.22035208989354
101,1383.2111810922568,1470.0137950740882,225.20715285572481
101,1375.9467638846334,1410.1303851253779,195.03790982015664
101,1380.7550955883125,1050.2915245993058,242.92374956408685
101,1312.877500127736,1514.2877407794958,208.8970649114695
101,1391.8880721970493,1237.0600220127908,179.26773313076302
101,1428.3094168868922,1519.1658389624986,155.04578313630498
101,1411.156830993953,714.5661183434355,255.09016905109746
101,1134.3455444916353,959.5133028006854,290.51750695123707
101,1244.6274974157247,636.0576195597192,352.4762613517951
101,1404.2980875945805,661.6552375113691,311.00296383751265
101,1413.6875983349078,716.8247134389316,231.16718613332802
101,1376.320238996623,757.9977066091723,262.7507688645698
101,1277.9788477570548,1069.0561982168756,213.25246015924176
101,1351.7208982710517,811.0588802076273,239.68536589342773
101,1298.728775204995,1594.5754942463896,273.82055762955474
101,1094.8054083474415,1135.30277487189,312.21628147845684
101,1240.7071218082567,865.1027105298753,260.59093643565046
101,1019.350056402196,1182.8404595228662,309.9628328542274
101,1334.7224017588148,754.0696780018355,239.31496728692377
101,1098.081584669336,711.357245720182,235.92920891936313
101,916.9205547404953,1351.3188266842099,283.03356734740316
101,1162.67624478063,1079.0487895845968,313.5107451211399
101,1144.8388898919384,924.5645077631792,248.40135250021478
101,1127.0999468910532,1205.7549635177802,340.843219221276
101,993.7841455589104,1292.0154892999462,333.1941958616162
101,1177.7878011457008,1228.6510240139032,191.50303241832012
101,1113.5034169515886,938.7136440338758,325.1490511245387
101,1179.3190653112697,853.8218267218525,294.2815965130046
101,1291.6615215143609,780.3733659883295,271.4588120834273
101,1229.7284677257558,700.3445538421707,238.63146192197718
101,1134.6141661780525,820.5483170600361,208.9967475605098
101,1270.5733296967187,566.7371695733108,167.75618195495838
101,1096.88657608173,420.43383048063856,168.15208718651223
101,1122.9263356795568,552.9873177853898,223.95553066402942
101,1288.1836210277838,619.9384544254875,208.00052406210438
101,1218.0288354713591,685.0248872350404,180.23742132080054
101,1215.2698348738045,697.0033453110208,159.8692007879203
101,855.6426862260415,951.7125874189009,323.45224704619596
101,1060.5509249488289,661.1685170937184,225.5523630260755
101,877.7968436543705,679.1358666295883,348.6892867459647
101,992.6947416735112,947.8428581057591,351.88722569082523
101,866.1989027694625,787.6132209123065,365.4592086009241
101,1161.696398610527,682.9863779514902,272.71948916185653
101,1060.4142954273595,779.7173448954933,220.25965397844016
101,960.1375184413881,644.965976944293,351.95370716150893
101,907.2945894410442,606.8261115211661,164.31413489449494
101,973.4409664338428,879.3063537880827,121.65863673217258
101,1013.6117487680007,941.2710580339975,170.0449945532469
101,942.7306587687473,700.4055610814006,174.87499076928628
101,1025.7013550509198,774.5159628928999,219.87788710640336
101,1338.1586339909547,992.9777049845146,124.23346103580327
101,1390.0047095374525,645.6216840780397,242.3339202771457
101,1368.61018954055,853.8729394518849,229.56475451095685
101,1113.2421659692604,734.5374126032078,265.97469878105596
101,1342.6160091293198,606.2470337865158,255.81787120702
101,1340.269167254465,852.566168659415,232.7942710970513
101,1333.8214901099334,1019.1085172690156,205.2383475845566
101,1339.9943503949125,877.6611914815347,262.32187785416374
101,1142.5057035397554,934.5572061508066,218.89804524506093
101,968.4028418735605,719.1555752431942,322.3583486955095
101,1217.4688340881237,727.8059964870791,223.34973691974466
101,1021.6318170045964,393.6531034073363,129.44038051839647
101,1174.0531140193455,900.0882254249744,171.49190549433376
101,1101.7543983527946,658.9522677718472,182.47966940957548
101,1184.8306841235135,851.7315502564869,239.94986129825736
101,1037.9698480215663,875.9576593904459,187.14870055562665
101,1086.9508534933725,481.9411065347273,197.5912889146113
101,1062.0568429985617,375.149155779989,204.66061810528976
101,1050.7884607859298,407.3213649536266,293.64571135418237
101,1042.354098317627,852.3990160581806,306.46227521913386
101,1030.711538199325,453.9750574922923,271.21014546293964
101,1044.9028988322868,440.2029533903668,273.42172587009776
101,1076.2305306643852,330.5709514301718,222.7840491091975
101,992.8611901013486,462.3173883701818,249.57024699353224
101,990.6321533346462,439.4628008471402,328.58595287980324
101,907.1708534041624,731.5092525423426,257.5272919589707
101,1001.1724153488295,404.6057319824446,246.56619906988692
101,845.4253443249169,287.07170663507554,270.47616985586643
101,939.2676439268643,524.1346647586737,285.0469404903456
101,885.2308496268762,716.5111135091805,278.418984872091
101,899.480874730058,663.1810045972846,337.023187698982
101,893.5172295165706,350.13675959436557,286.7669921939326
101,921.6656237381773,227.62975505090003,249.80965697813917
101,882.6765897253143,765.4067451409841,186.61901011642345
101,931.7515659411673,335.9796298921801,255.3439383615468
101,817.128920773623,187.360176639104,255.81987708480966
101,717.1715797022239,167.64997466235525,230.938143119147
101,665.9313408475535,213.0388950303858,328.92791605369115
101,779.301168233701,97.77738199366468,257.9462689215812
101,779.0569960310169,200.25109690414365,214.5638802948697
101,846.1213714399163,296.0284271710427,260.9613517129719
101,725.280351020381,347.2465550640312,167.66809088567987
101,842.9207056850222,459.9534093717972,136.72488840306897
101,783.7708588808704,340.6851891384025,121.65632141774923
101,760.1381738027127,573.2706584314013,116.68391042481569
101,728.0271197790909,245.12953967488772,108.93427697707712
101,804.5226425564994,96.01907911424405,85.36627228187398
101,636.9530352172195,27.665435673677393,124.84773029982411
101,630.4886945544299,18.169788384940944,132.61934610482837
101,557.0762311337714,0.0,186.66916467795716
101,557.0762311337714,0.0,182.03809532909838
101,547.2721884199966,0.0,166.95247495235373
101,566.0619817503796,0.0,324.03966149082623
101,512.3179825372547,0.0,185.86719364150235
101,489.4050817171935,0.0,237.50558384129965
101,405.9450000352273,0.0,193.31264458328047
101,449.8332798297341,0.0,153.35679530731522
101,364.1839979976203,0.0,242.79574020448177
101,366.5126904766894,0.0,232.58516618400688
101,343.8491629209931,0.0,195.63466167276846
101,375.02111470599095,0.0,225.4535855754429
101,395.004661902712,0.0,184.47778463021444
101,407.8138941025609,0.0,242.0008044682384
101,306.608563489884,0.0,158.25709289187114
101,324.5254520599159,85.25570298072569,271.5076529733132
101,346.6062929616887,0.0,130.76572826709622
101,446.4821476565936,0.0,145.80774200502134
101,409.853643710837,0.0,56.813628961241946
101,337.5241612795785,0.0,47.543807174497644
101,418.6519192284085,0.0,45.232388266507186
101,383.7753821135384,0.0,67.84740294677643
101,391.3888843001831,0.0,0.04241769972988152
101,358.8891166075973,0.0,0.0
101,354.14684081860923,0.0,0.8092471975649289
101,424.50469598090694,0.0,19.334465096991465
102,949.8627153255212,4938.259519363194,236.79451000321308
102,1729.3150545013875,4407.872522007433,215.68701115245568
102,1077.5444244315772,4898.703566763189,219.27916185965933
102,1353.2619927916785,5089.497147890775,187.18508241908484
102,1211.8768223679426,4992.258153292108,213.12023632504554
102,851.7953835052716,4929.981597392092,232.02576455339977
102,1500.1346204505896,5144.324905127801,223.65017913155805
102,1259.1451999441715,5037.528617362669,214.22893152309075
102,1532.9181628328265,5114.364882693132,226.26369619585336
102,1703.8411534712782,4638.867179124118,210.85817703001408
102,1025.7493035122038,5112.504328785227,223.73661120653117
102,1089.2822919177133,5094.385535177343,232.83053887209678
102,1409.2771863094326,5165.25064836601,235.21797634558067
102,1091.8655122915134,5111.255481564473,211.47249398109471
102,920.535274897573,5078.6773038233,218.9534932568409
102,1063.0921408729282,5122.942267083468,216.27658717872134
102,1305.9123805950815,5207.99761131475,214.15842306743576
102,1022.4081514622186,5117.943974941432,217.10171775483855
102,1082.9356465473534,5158.864099535346,220.2349018594894
102,822.6704777238311,5091.655383110847,242.71942048609083
102,860.2686327260116,5030.209120453883,225.83191569838107
102,891.2143901645221,5059.495751373988,250.70422027531401
102,1074.6712308946774,5030.285640602663,250.70422027531401
102,1000.480695855775,4916.362650490851,244.31608049087833
102,976.4178382251672,5041.040750014165,240.9627736815729
102,850.8821217038502,5046.583594110143,228.8418327299313
102,1071.3914390966618,5017.1616507362405,210.64115188290248
102,982.2323179377607,5028.184582008458,212.967397881963
102,944.8174628549513,5002.96640179992,221.43336025928068
102,801.226920201066,5034.457606103297,246.6583763336945
102,1086.2774745130205,5062.101145971338,231.05837648866657
102,804.0970980907765,5128.315014403615,246.7458824569627
102,750.4405695742417,4906.658034303578,237.661604104486
102,773.3063756889873,5096.040031900335,195.4378162755848
102,941.2181715638616,5044.9306930945895,195.4378162755848
102,752.6030243395269,4963.344408409775,230.67319343988765
102,972.7749084307942,4914.680537973788,232.98482940316262
102,741.6346465897129,4993.735487079428,214.1731935239302
102,726.7387135592484,4859.672834714256,212.64340484714438
102,1052.1476412920804,5070.462203235218,242.01440489500686
102,808.4503106554954,4980.254123217106,231.63496411907164
102,873.063572217582,4833.47514814746,241.80450718860527
102,713.2801629910058,4846.825160164151,231.5902799977626
102,693.2840778884819,4904.66118450291,230.305271433703
102,660.4964276476005,4916.697332752134,232.93263435780233
102,736.8723356456634,4885.279494540515,242.55368440828346
102,913.7863734257525,3774.8063202690732,197.4032587787193
102,881.3460909160457,5007.459277726121,202.47046970433934
102,656.3939870034062,5025.391320636645,197.98441825381497
102,514.7873728844075,4899.145963753609,221.60347740498088
102,561.8130042212546,4126.31523082898,238.10347732093834
102,572.0781482503935,4862.139727724447,217.16984188094693
102,639.7432659022018,4929.331707513142,228.81224501492358
102,705.6935012123954,4831.722284619474,233.10264805346952
102,566.3025970361346,4834.75771567403,222.66051306016277
102,550.067905559654,4099.047278607204,239.3201953977328
102,584.2820138839978,5115.167211272926,243.52294864202258
102,523.9951663838702,5009.188285452757,235.0142572929057
102,570.3183390233017,4597.457097047729,246.83602229739324
102,569.0697447835205,4756.946005713618,226.053684492326
102,632.3414934651896,4708.594365300716,226.67716720448163
102,637.4122542394946,3910.0192869581456,233.68181157748052
102,656.768983988753,4497.10499431625,257.0502494882359
102,577.8788718247818,4540.079561617518,226.67716720448163
102,836.8662124703895,4268.2793808283395,210.91459435515242
102,638.9759016824447,4392.2796671107735,224.8676830455854
102,499.01549764352353,4571.857260984964,247.36369940687632
102,363.153219058839,4283.268557192614,246.33475425448512
102,728.7265229733861,3670.0026812272067,232.98174927520603
102,491.2107403457727,4538.683377320706,241.04955408786628
102,422.25729399950535,4210.1786855314185,242.1495539328942
102,418.97978053928136,4184.42321943954,221.20953790905526
102,150.13772323621995,4273.028782051098,210.54742169888567
102,367.42391932125054,4320.236488942827,227.78683384801315
102,259.588532662293,4691.185876833455,230.36276552763928
102,233.33853489494894,4436.852852250756,231.48152637929343
102,464.75019087080034,4785.172641978732,234.60529377667848
102,230.22397142080266,4358.782338865608,224.0981665721149
102,186.445318152393,4326.767762144549,235.7888860983321
102,1713.6632626208295,4560.65822996936,235.917435758738
102,1729.1933834502322,4496.045233828792,247.02407471543518
102,879.0341304924599,4490.55303949798,247.02407471543518
102,2078.4171614518973,3981.821863431986,237.77757862416098
102,2076.4920144206862,4123.3453536472,255.2944026513921
102,1619.4801600828441,4350.153321527299,226.51351543055148
102,1559.979239335905,4379.6418824110515,201.07310702497523
102,1867.9888833412144,4012.9461387138003,231.79059569039782
102,2101.7983888106337,3877.078752268841,233.7693564742283
102,1978.1424599073018,4191.488297126821,227.18751832097
102,2223.208614308706,4403.863691731064,242.2107119093082
102,2236.385110953725,3844.956432454375,240.78338198035863
102,1430.52119736321,4234.621120904162,243.7709421250076
102,2255.212702683436,3933.3862134403093,243.7709421250076
102,2320.208180000739,3546.321012595575,237.21595476581297
102,1997.8019322625053,4143.381697029657,240.2083721440539
102,2162.3821923073215,3683.334375700593,221.10391520966232
102,2005.5875645565864,3726.6263707099756,253.97937234688845
102,2088.5314202871828,3521.0092904916028,229.00664541579465
102,1741.6472925259106,3922.262900734883,219.76682598332053
102,1624.9685219847952,4007.3343721646684,227.9587727332294
102,1660.7038537019605,3869.929406884284,216.73809995811024
102,1870.1233301717891,3992.85173068235,220.36960722264342
102,1723.2441623575628,3820.1717539757906,218.07831529883907
102,1933.6548261790365,3787.1349623079864,205.68726721985388
102,948.493755873339,3922.455724065079,205.36157105675977
102,1736.196443917147,3945.4476207222347,193.0003940698681
102,1962.6984865219008,3497.379607765819,198.0599658608362
102,1906.8474828183496,4045.4475243506636,214.73530636369287
102,1801.6738813029294,3915.992352219531,221.5545756919468
102,1776.0134191930151,3480.384451122651,224.83304015860153
102,1930.1530336499957,3337.903209004419,231.19931704302297
102,1949.5690084756277,3532.4687857244753,232.8955744135331
102,2028.1806407126421,2965.5502862746084,220.84961677145645
102,1287.5293653289623,3846.4318711036344,224.37333965730272
102,939.7020849640611,3437.652368480105,254.34221699814066
102,1529.601976916675,3516.3485096808627,254.0091527449673
102,893.8228254771035,3396.770391942118,238.5729604905913
102,1678.0686477812376,3583.743356644604,240.23815254213275
102,1784.1347139711108,2854.3407232214927,242.43542455890474
102,1695.50435587049,3655.583732523733,226.80032291912994
102,1713.0375683607883,3593.2800486650854,224.8626827213925
102,1566.7401816791362,3521.295969763041,224.21926070690301
102,1468.2007949790657,3416.872913447152,223.4936958297851
102,1655.4816969970693,3486.378814152651,228.91848703041546
102,1847.184821439296,3124.2313276699138,205.13601062602618
102,1702.9098631284721,2845.876156122651,222.3564370544393
102,841.2604698861343,3143.977032663779,235.32156891250418
102,1630.6345909725808,3373.0937017794913,214.53317443161825
102,1703.455527727202,3312.7767133303905,229.91178353679385
102,1270.9352847400137,3070.7501646746296,239.3399151346092
102,1545.4506952941747,3351.0107186609694,234.33810681722906
102,1025.628634923293,3202.8338587685967,252.7505131611186
102,1146.8213453907622,3091.0094037797294,246.15625441437527
102,1537.624817784302,3124.500210526282,242.31332248110152
102,1544.6252946735874,3227.1929895040867,238.7712338110207
102,1615.1439179970794,3196.362201407656,229.10271763716975
102,849.2668571914118,2995.207254864056,229.10271763716975
102,1308.438299625605,3068.8351430823245,229.10271763716975
102,1614.3335585338257,2387.7577554637705,229.10271763716975
102,1425.5679078197325,3346.096014427889,225.54594462517787
102,1525.6602509602978,3301.359520529086,239.31694482801242
102,1591.3666664558687,2207.9959835169884,225.54594462517787
102,925.7946115659669,2901.9489753192956,243.66949368978464
102,1212.7582280047377,2897.585001382224,213.60883901578313
102,1404.449943486877,2890.945116747005,241.18438145576692
102,1154.249670348693,2983.901863430517,218.48429586894383
102,1329.1422581919392,2979.6686591733883,213.08822775601345
102,1301.6460332658858,3013.411218434016,199.26895551533426
102,1196.201653249265,2843.335267963616,209.5131377142735
102,1335.9558336457762,2906.7497823472972,201.05023213678083
102,1111.1706998685881,3068.391708622155,209.56167520146136
102,594.8199355825178,3336.1917447235624,229.32655998603207
102,1010.6222227041632,2930.609094768788,236.0192907367869
102,1020.746174565032,2908.155372739902,234.70274704898122
102,613.1699145512948,3140.3210954277815,226.678439507623
102,1132.010044151576,2859.1157895459114,232.37944648860838
102,1219.2051110544412,3033.7612531381574,196.04097675862698
102,1196.5995518574014,2334.320364092034,220.32730317212747
102,1175.2037892314856,2872.045575120158,244.01419011324396
102,1101.28156087914,3156.0983397818904,235.4174260506474
102,1013.9049844850139,3063.005026540285,220.29303658363125
102,1041.6986873122069,2752.5032063508147,211.52351505063803
102,1158.6998936289765,2680.252382173649,203.27006778145164
102,1032.0261039671184,2962.8285947161207,232.00691545698226
102,886.6659429521959,2666.050914482496,233.9149778128683
102,578.2390925894422,3088.0570150937756,230.10699811327356
102,928.5127011824794,2843.4499323572863,242.63641546265376
102,625.0837447484807,2830.4228186251657,240.9627736815729
102,803.6906983017228,2859.974093932928,226.92686100436663
102,471.64027124319387,2795.248276714675,236.5317466911746
102,965.5817879569228,2764.6165784483255,228.57646894534565
102,681.3457861153599,3060.0345063575946,219.51838853371595
102,816.4543235760228,2834.756203491904,238.1813546321536
102,781.1358743939455,2526.8472174978874,256.35076814377067
102,833.7117984804903,2637.2561611558463,242.01440489500686
102,262.87728490215113,2908.744047460757,251.61929058181482
102,867.4483155481395,2445.8325186714787,213.99379944679782
102,388.50694980909566,3179.7990415806344,223.37994371635466
102,846.1774981870732,2032.6323370225155,223.85423812550357
102,273.37028744776444,2147.5587973760776,226.55563520595445
102,477.1678429562261,2690.845298638349,200.2703123529023
102,576.1443960704011,2139.9381472254922,210.33176888386942
102,690.0581448402303,1954.7914672717702,237.84829037898027
102,459.79129014582804,2713.9989214178286,256.35076814377067
102,800.0477466308454,1748.9640165010014,248.98546100186337
102,826.560206283826,2603.3994414323297,240.5194986245457
102,779.2516650715579,2158.5687611549743,225.00023360818614
102,714.5372755556837,1884.5504222287336,248.98546100186337
102,619.0758337271933,1965.1680212011743,239.31694482801242
102,765.5290076718965,1560.9660134118749,200.8643166050735
102,696.3827910915206,2101.783711496378,193.8162450317888
102,462.5339611658768,2135.4294614200135,229.4335148300255
102,668.7902776644229,1833.8949638495415,237.28634004702116
102,451.26430552404577,2243.3913186816962,252.6533952783176
102,275.747430739401,2312.2181869847154,224.55130551674
102,459.7225281015309,2216.3508768815964,234.42340311293168
102,369.42507415303805,2072.753723229164,221.77515881283375
102,1910.1930187712676,2360.597252177582,233.10971406025237
102,1929.7321406153712,1988.4175930032666,243.82221908936094
102,1767.9671811176866,2386.6140314825525,227.12167837077982
102,2160.250872692512,2177.9289780211143,244.9885853216154
102,2078.4444747154757,2175.0874172656318,226.16048261648274
102,1922.391082989696,2581.695734430787,257.0502494882359
102,1824.1190048520632,2567.5050292154297,226.67716720448163
102,1890.3498985231433,2740.2413536172235,219.91081137464596
102,1062.3301282840896,3244.609856398532,229.2554882970453
102,1885.0338265021226,2533.4219305723354,243.27924928540136
102,1911.705957950717,2631.0014083275005,231.31749354667397
102,1906.9084960231655,2080.3216531857147,224.6722287255542
102,1694.9860567389758,2403.031890390568,234.7336852565213
102,1717.1874032688884,2842.6450160027703,243.59993157095323
102,1200.1015357064314,3211.9478047433117,226.7284478431784
102,1024.2709464290622,3404.7396827874554,232.24352722844503
102,1727.2534187410063,2278.763861852479,211.33424289790162
102,1676.7212559428006,2422.2416256836414,211.00685122211257
102,1708.8374522361014,2345.5404610848796,221.0834774232207
102,1718.5788035401124,2347.7698778604486,205.07350767214706
102,1799.340384680202,2311.2345449027353,214.20759144953564
102,1697.2067206601919,2109.786977750735,207.5993149995491
102,1722.053226514114,2572.861982447231,224.42141375354225
102,1639.0567001582285,2654.735875816682,215.72163800583166
102,1580.9311493996174,2109.02498774094,234.60529377667848
102,1606.776470763408,2161.7243083376006,251.38985389565033
102,1821.1152912771224,2022.1228652568711,216.9434829450792
102,1804.2694215476756,2012.998759453356,246.5966729026057
102,1758.9144515900034,2272.7634340100876,224.26344270180368
102,1649.8060912881172,1501.7142976700397,239.38699823820366
102,1345.338488094725,2845.418573898299,252.47198897982997
102,1831.6011377182351,2196.585097672329,237.2983460200851
102,1497.4113353386197,2997.857698378319,223.56621891697563
102,1258.038016514021,1910.4660032592187,227.69733666313596
102,1625.363301339284,1782.6912598907766,235.96477345605553
102,1784.7792943587092,1826.0625777728583,250.27851672196846
102,1721.3238169383824,2004.3144996416313,239.40999443889638
102,1707.2509563410304,2387.3410356731324,243.7709421250076
102,1590.113800492336,1978.7846699939068,254.15038290094282
102,1632.9640269219797,1847.193505059834,243.7709421250076
102,1580.5117374655022,2015.9290008611438,229.99994192217304
102,1472.1189405255436,1608.2960558133814,236.99015073178032
102,1462.5995151651605,1454.6969337868186,222.09721171604065
102,1477.5760455564928,1485.0043433962637,240.0407961139308
102,1481.1448793256864,1969.401061882225,217.64866187203495
102,1483.5325012829292,1924.5731336727667,255.1016247145344
102,1272.5584287389077,1795.250731730388,234.81969311476666
102,1386.9827173384294,1771.17290780852,233.51542570492006
102,1539.3830676728028,1780.9939011889119,239.8694648745875
102,1347.881783049645,1997.7821405761956,203.62525310379237
102,1575.4159201305322,2220.259821382936,204.71726835338944
102,1177.7439030836724,2018.6756003933942,192.39605114658264
102,1245.6287344520342,1964.2300033418333,199.30428311356604
102,1439.2889663885499,1820.1026116063563,203.35650600501089
102,1218.0215985522336,3265.3126856738277,228.39248500597722
102,914.7297126089612,3633.3079277761594,214.23485796541524
102,1069.6954748211695,3816.743860999098,229.2640671489999
102,822.2074891002281,3606.1651204511095,219.41732013025228
102,1023.8465963466323,3719.3329790305675,229.7967609061875
102,885.2927841358327,3466.1252801729256,218.35948385593008
102,924.7638055673762,3748.448095231953,237.41585639356106
102,852.9971601209014,4165.706912820652,244.6172115064486
102,736.9818639504565,3772.1089665305813,246.06238353116044
102,810.652058141818,3779.448858703239,243.9476962140002
102,851.9570526499705,3820.826121605622,239.65339390377653
102,981.1741831104188,3613.963046508769,222.2766401944604
102,912.53281383573,3829.7211901047517,232.91242879422566
102,809.0385013790543,3932.719380922464,226.66912330618277
102,860.5366719716764,4090.199707138461,238.91005605230885
102,845.6118287121006,3790.21149056717,229.19887368800119
102,857.0991301374421,3638.615414612375,242.11038646415398
102,844.5890623729744,3736.6557478206682,218.73450057451146
102,653.4345161731242,3763.149516610549,219.4734740213005
102,776.9404882004766,3895.0926767926535,205.30234678336512
102,666.1009952521864,3860.079221444815,239.97324006776097
102,598.3124838101276,3876.10324021355,240.30630432093432
102,602.5955621940838,3696.418192193953,249.57812575456893
102,672.8003402600153,3905.871187005096,251.82156882846164
102,589.9833815607028,3941.2216337491386,229.91178353679385
102,630.5189966214161,4050.0970220300183,245.00650065580737
102,568.9415118672213,4106.213968167427,251.82156882846164
102,595.7428037149119,4186.6782139465,213.88325528318404
102,692.4170938039842,3984.2715050793627,252.81486533483996
102,612.8900811334443,4072.389574232215,239.57847238349882
102,660.0932381920514,4017.578706775897,243.209979648032
102,673.0561415098833,4080.8624354809394,221.87646621080108
102,617.7697523328824,4291.2080242557595,238.7712338110207
102,622.9691812511727,4042.7683458011456,232.4854610859059
102,583.7730827262906,3822.7265955711514,248.98546100186337
102,665.4630177774312,3687.0724061069736,252.394509848241
102,571.4025794222586,3803.7985706126824,253.69599953448898
102,624.0587814827505,3906.239449246584,216.48592533303145
102,542.2763423449944,4041.7988521193324,227.22976038769173
102,506.16152526822725,3900.401413128096,205.6463787911249
102,517.9457727199967,3664.268852120384,218.87555264141554
102,559.8181584697193,3943.0567239150673,226.3127855815918
102,497.8086742140073,3634.3416000292887,223.65017913155805
102,419.96366630699026,3971.408929410982,223.65017913155805
102,589.4654293107305,3805.388908298582,223.52117387233022
102,370.2983511149382,3827.0626496532573,224.518867025845
102,483.9367490307768,3833.582222337742,225.5044628020368
102,438.5006771540686,3888.4017033276127,237.19673712941113
102,349.89708896845934,3825.210723022637,229.37265300542157
102,365.5056722125472,3884.490103539921,229.71711654794768
102,391.3883301282915,3790.830049316383,228.27234792445205
102,286.2008223801663,3076.4839122647018,242.2936507466402
102,463.840053556998,3982.3164486941573,249.06000657647587
102,357.9516620123885,3741.7394871337005,220.29303658363125
102,428.403066795898,3700.0411212846043,232.48766384194232
102,402.32587657239753,3647.486494259399,209.00668394812664
102,401.11519400500754,3788.280227606658,232.09851770655462
102,179.0017638557795,3479.8117664280308,243.67722507797112
102,1479.5350986124333,3903.7502935148254,234.2546239599112
102,882.9803756377036,4045.7460293069275,233.78181986831487
102,1581.931491895061,4157.416078747624,233.78181986831487
102,1136.1389561826,4112.256873103474,229.14851463126968
102,1403.2930568384645,4030.624907866131,218.3310658441457
102,1256.283820526936,4002.224498418243,233.85475178247975
102,1556.1448140499303,4056.642863235174,209.13894775778073
102,1448.815138079423,4033.7271620185234,242.3474691481802
102,774.4057121384061,3945.437933420663,242.01440489500686
102,1409.107171175523,4118.156806868953,251.61929058181482
102,1276.0416229424584,3999.787122065771,233.978125909541
102,1810.8815111777642,3598.7606229197595,210.34773978790963
102,1589.26684082363,4078.700515985622,230.67319343988765
102,1501.5461628277455,3980.3281144700572,239.97324006776097
102,1373.8792719446426,4007.0987350827822,231.66648994626604
102,1447.5193562249192,3976.3970455848225,199.5349643580862
102,1520.0692186768906,4102.869168772303,219.51929082082944
102,1482.1864235142332,4087.0653773346407,239.25603031705793
102,1225.9358269100442,4093.0902069659246,241.80450718860527
102,1552.6408253280538,4134.052119001063,241.80450718860527
102,1622.0666832992513,4016.7959185111563,214.93877707721902
102,1456.7874500860873,3994.5311811117995,229.48476299679533
102,1981.4282866568462,3961.5382706743153,242.55368440828346
102,1712.358583121738,4091.5674699847273,220.05766804699255
102,1791.3156097743529,4091.55401484392,214.62882357179467
102,1693.6106106728128,4067.090935776527,199.40620048486204
102,1659.1473536860544,4167.88074051219,234.39442907814583
102,1751.6786362043042,3466.1858992523885,242.71112131925963
102,1659.5143704603693,3359.5374540741627,223.43413187961858
102,1721.0385296698307,4218.572392261043,223.49776236666156
102,1555.4048587947714,3847.4628326952193,213.95993850148403
102,840.161237526928,3891.8828959418256,230.90698941973312
102,1267.0762790697736,2541.9026125484097,233.10264805346952
102,1734.6292628533693,3825.1289806198497,230.6103498002081
102,1374.3493809462225,4237.403498823827,234.3590853159439
102,1602.8555927659374,3668.1769404697975,218.47321763149824
102,1102.3292019529645,3906.1629444658397,215.87510548864464
102,684.1821759337671,3678.57360603157,243.27924928540136
102,1353.8264861528517,3834.6799851627525,228.7826842054489
102,1125.3499288310331,3091.0390706264775,229.2554882970453
102,1413.568163196225,3762.370043118696,229.9810531741632
102,1357.0584406760615,3646.81797308715,229.9810531741632
102,1039.4675087713238,3464.477685882162,235.0516695014894
102,1242.5434966017453,3654.5921512661293,228.25924247248474
102,1199.7807146175091,3811.2884217897486,250.18176972421145
102,1564.670551182665,3746.030996885857,230.2310892664526
102,886.8236052377307,3648.2427063330383,216.80560316329547
102,1307.287630988364,3754.321225012766,205.58608124153307
102,1231.98281725396,3595.9060977763916,218.94901616052596
102,987.9650816565141,3665.875057458415,227.0168209731862
102,787.2746433278293,3688.927900720731,224.19036798776062
102,1187.5843972148955,3638.748478022823,209.7174791108347
102,620.5557777964798,3795.8265800796876,220.5171126422007
102,1070.1602265721378,3858.6267099083466,232.88737613085993
102,868.8487554868278,4013.5812727550933,232.88737613085993
102,724.234446629353,3722.4113870376545,237.95191794598912
102,938.913965410815,3655.0582027395844,246.6583763336945
102,703.1118646232652,3622.3570385636763,235.88416787349712
102,912.0147138614387,3427.1558775903068,239.57847238349882
102,933.2004258122578,3657.6409626533964,253.61438506070516
102,1055.6008287337231,3448.348269689108,257.24589232523834
102,1139.345025025988,2851.9513191207193,251.14772082317893
102,835.61478725675,3617.0681295021327,246.0052338181406
102,970.0691376186566,3612.3845701060695,223.12721878214978
102,1011.7559310463918,3402.124164134456,256.5615916903735
102,959.5961338322478,3223.1181864244395,253.466082266078
102,1063.261073591856,3071.1105821554606,222.15879334907515
102,612.3603875039977,3235.389281861459,220.6426041997342
102,703.092069770633,2998.5654236647147,240.78338198035863
102,1074.985149854366,3118.7698157744176,263.56883389449047
102,983.9068466471507,3138.213419232022,253.18939311855524
102,564.2199406822042,2857.6633593116694,212.5867770097463
102,717.197006839212,2644.5632119963516,239.38608619172987
102,457.95144126549235,3246.9098019610597,222.09721171604065
102,808.6359461571477,2925.4734827897782,240.2083721440539
102,537.7793242571227,2201.401394598016,239.38608619172987
102,584.7395867819605,2994.3873812384795,211.97832796077694
102,631.9021622602743,3375.8379576318653,248.59069331760122
102,602.2063794638907,3122.5688142374343,255.1016247145344
102,545.6008684788628,3180.8139097351063,198.18981224959595
102,578.7728141372548,3140.5084961668895,225.37289979463503
102,544.065189965678,3373.588298032381,220.18383229980634
102,566.158724579811,3580.4230712518442,208.3442418804048
102,408.6922887295142,3222.3689126744866,187.96972786614748
102,259.315242518476,3209.3902738752063,169.94088577321668
102,335.07877546704265,3290.8507088396636,219.89355064949865
102,387.9872323777996,3309.4095586776516,233.65193411370058
102,560.5930216847555,3641.9663074475397,231.93401646788203
102,612.6536265812304,3142.1525280041546,233.46000673144795
102,200.2682386232802,2817.2691346545316,233.83223371886476
102,219.6210988396456,2409.946670421765,250.16434340282854
102,215.77646848836642,2865.5959298553885,240.98566022700538
102,156.50658592752515,2874.840828246018,257.24589232523834
102,202.5443320817279,3254.9592819809045,231.32126057231613
102,266.61768426078356,2634.6988133427017,256.25259581885996
102,319.68443189283266,2879.3076988641365,228.43587892140033
102,1399.6261606012263,3304.240797650491,233.3269859867588
102,1383.9543928352673,2092.21834236399,223.22019031618123
102,1618.1333115984783,3239.9444601086607,223.03944336879556
102,1065.8736774064243,3622.305871267104,211.09168251855795
102,1845.340450247558,3221.1325697750594,215.51694408937897
102,891.8652273092733,3505.7111204880953,233.34481031085068
102,1808.7974065777196,3051.778632103678,204.76804605164568
102,1681.0050289641667,2599.0567676371666,213.02932271629538
102,1716.6541392573338,2519.0209338630425,215.337242449761
102,1375.365639525046,3276.2845382121327,239.0438651320054
102,1695.4793767296394,2985.9009973797697,249.57812575456893
102,1397.710079378953,3274.368739829285,229.59379929182575
102,1482.5897412782208,3383.9846215528305,228.60050278544736
102,1542.7101164687497,3187.023225527779,238.85643697039677
102,1442.377597118231,3569.7187299119664,220.15450752838063
102,1700.8369894754082,2846.770063836213,240.59540483528298
102,1585.683532255116,3621.407506833398,209.56706772806808
102,1633.6696116444614,3623.5092389948436,246.83602229739324
102,1644.017665457841,3001.327535032819,243.20451503286006
102,1588.2246841909416,2895.25207664647,232.33945721744078
102,1662.5040143971423,3533.551360322828,238.37646612675854
102,1408.7615982947038,3794.8531872943845,238.56776760833424
102,1413.6324218055672,1934.9433559643476,248.98546100186337
102,869.1580739978134,3276.765916893831,240.04250970513033
102,1688.5109320029487,3265.643472143728,243.66949368978464
102,1641.0041764021148,2451.857786851596,236.79451000321308
102,1192.7822917118626,2006.5175863348136,233.67110494711727
102,658.0196405866485,3323.6334201350824,227.22976038769173
102,692.435631706429,3548.297471286855,199.3021230148052
102,1280.621537380435,3196.2381884214183,207.75502563357128
102,844.1824321559012,3293.014355072381,224.3859941073536
102,1382.5506735913937,2266.3578568813828,210.1660181247468
102,1411.4896082187513,3040.0324384858973,203.17488892661828
102,1229.119174575547,2164.7941762095634,227.6583941585614
102,1317.1384133904348,1885.4311139904812,196.90151917910407
102,1313.6331186983111,3142.1385842540953,222.74661878320296
102,1565.0837013727219,2929.478256945024,236.24574132206175
102,1245.8957486057695,2022.634640867751,232.37944648860838
102,1370.3368553391585,1900.1768541876395,194.4739037247209
102,1484.8769747114218,2921.4505040323097,215.09608861663236
102,1416.8318660194482,2857.9497311092664,242.01788075541384
102,1368.6086855366625,2050.6086337021566,244.13362172192586
102,1307.8590798332145,2106.7834015045705,221.66039410784202
102,1180.0844766921703,2787.31288314285,211.52351505063803
102,1191.5364994154738,2585.234775290448,242.71942048609083
102,1193.2599272881282,2673.239122547015,225.83191569838107
102,1210.0059564841847,2594.216776548734,250.70422027531401
102,1223.0831941037666,1906.0021244306777,250.70422027531401
102,755.0248095101905,2819.757755368805,244.31608049087833
102,1197.75406523399,2830.557513566424,240.9627736815729
102,1147.8487519570288,2724.932432878704,228.8418327299313
102,1100.2250452727108,1926.9423702458298,206.81140931531417
102,1085.9162680380643,2110.27236043244,202.38432489918932
102,934.1537767596786,1987.3672154796295,192.50813117020527
102,426.38978870934807,2887.409465934836,247.85395108671963
102,953.6834856455176,1945.0716291953913,211.14562807420793
102,1032.0758704130649,2673.8393424833007,245.2511444752779
102,508.9521267306458,2961.33313680992,224.10276908670397
102,1106.2231814423092,2722.4895993288965,201.14298113620248
102,701.0140241160042,2928.8580092618845,209.6089435135201
102,538.5994101969304,2772.7386845191118,205.5824337603076
102,961.158178729154,1661.8688057112677,222.6053886272274
102,1034.07080160704,1812.1778019936132,214.1731935239302
102,384.1893091043014,3307.517101200749,209.6089435135201
102,796.6061056711309,1871.9827815621165,228.37862015689166
102,949.0649722125623,2643.585147509457,188.767919171517
102,440.6277396022364,2780.938527689704,252.2222005821344
102,399.61712442039243,2588.7101690392305,231.5902799977626
102,1026.6779789145855,2283.9445422994245,238.7712338110207
102,858.0407938779634,1935.1219354302548,248.98546100186337
102,793.4381293926332,1988.4751445236707,242.55368440828346
102,763.7914693107086,1575.3524334493595,203.87770156275593
102,726.5432456912237,1353.0609483228372,203.87770156275593
102,697.3939848940216,1356.5683286315234,212.6027177212123
102,305.5499652323118,1938.093396632201,209.94295324156343
102,788.6536775899486,1904.4190283117582,229.1990316075636
102,153.93070938373805,2058.1705916647647,224.5680671187365
102,788.5149755807669,2073.9275085405243,202.8256926208826
102,731.0474119310446,1854.0151389851917,199.37500580612164
102,569.3796517702584,1551.8832156895974,197.18815874392283
102,671.8104925434907,1619.2447496046275,210.05765035019203
102,655.8421043327745,1606.3931463639829,207.3387144884005
102,678.3999642056037,1766.8993306902203,215.878204834577
102,275.3830984418106,1917.1496004673786,230.89840005666002
102,450.0552867756119,1892.7611092884717,210.11606225159278
102,466.18385704527157,1900.8398690981658,212.84506196471568
102,1722.318012381326,1412.475227309787,226.61606216755024
102,1841.894184298167,2143.9175387174737,244.34936682777374
102,1735.981424493073,1656.1937863074186,231.57654732781265
102,980.209094187156,2869.722211929414,217.3890371391891
102,1548.8475002613563,1923.4186694232812,231.34212582962198
102,1601.5626720300418,2046.004464181167,243.45870141497767
102,1532.40374202613,1791.482333683036,230.9032370320174
102,801.6039656874653,1809.1661875095274,222.42757461119447
102,794.8880318436528,3100.9040642908744,232.06345023057906
102,1643.2541336463826,1817.4740860501583,220.67260283804677
102,1622.7298211929121,1886.614789314899,211.00685122211257
102,1370.0461147795781,1622.3653006557975,200.11912830593695
102,1574.750776316171,2364.7151873598127,238.81531969733555
102,1345.6411509876866,1899.2540059859007,213.30449285776518
102,1417.437399902497,1906.0286907541058,230.15837641773703
102,631.1508608544392,3338.4102341258954,214.04197297760703
102,1225.2389692221527,1894.390922324088,222.5079353549247
102,1269.7990230167802,1571.5871309880267,235.7888860983321
102,1329.3455529015537,1560.8100700360278,246.26360864943234
102,1268.8460731110154,1566.640138727881,262.2530087468751
102,624.2025345365164,2229.3798099086157,253.61438506070516
102,1219.119818142167,1367.6914918029506,238.19431124038147
102,1190.1619024940562,1316.66094635951,221.17203394669207
102,1436.8604876269778,1634.1962431545999,237.86732746620498
102,1528.928519098114,1404.0482585033033,230.58215106941037
102,1212.7146814080759,1333.5187338700998,247.68971885957058
102,1093.5404427432138,1386.141828713101,263.31009336503905
102,1452.5618759297613,1332.3607144110897,243.08664149014277
102,1235.9330169970674,1421.9635889846268,226.75194222025578
102,1214.040267906986,1441.4737536536495,240.92461213633413
102,708.1500345886066,2281.3823673855036,231.41694188421576
102,1148.5609604102983,1504.4110380444304,233.15023189776622
102,1016.9532076903434,1372.366507994644,222.97778288485972
102,1223.154491925856,1344.6338489362374,240.2083721440539
102,788.1734190257554,1202.8325715760707,221.10391520966232
102,954.832666900783,1240.5641536968105,253.81179631676537
102,968.9266013342129,1126.0792942647386,239.2185101616069
102,1254.657668163256,1239.5116573115988,215.24390522829896
102,1178.669908974499,1303.5244070663557,238.37646612675854
102,1164.7897645766955,1514.971434634867,233.51542570492006
102,1238.925561012447,1412.9945210777491,221.7305727469295
102,1251.2631317144908,1291.2084991806496,248.28900660465274
102,1214.8540413547512,1302.6942139574708,211.44045191057216
102,454.2705390790985,1592.7254764413588,199.44142843362278
102,903.4685722458715,1306.1003062485224,235.435047789691
102,721.321179462744,1171.7284067144687,208.95332708232843
102,1092.5656319571758,1250.2737441092836,225.152999757222
102,779.9535617652791,1859.5057227081525,228.39248500597722
102,914.0518737525334,1984.1405915273272,223.8397436522232
102,722.702257378403,2531.324253396063,228.27077064262153
102,671.6167482199975,2349.218679177366,235.56552373241522
102,1407.9662995544234,1365.2307305300146,235.0173199752802
102,578.8887844310125,2195.4140599769844,230.2731551978968
102,520.5118684594222,2258.8715787422184,253.34892049176233
102,637.5324302212663,2189.1023485271253,244.6172115064486
102,724.8356961274329,2189.521801566237,238.5729604905913
102,542.9622087148414,2237.6893832301203,231.77219016481507
102,677.6400441643646,2244.5531505025638,242.43542455890474
102,510.1725096631885,2343.383979261776,242.21668314165368
102,521.1818664820047,2271.727239694173,235.28037611492164
102,596.2417582590216,2058.009641827923,224.21926070690301
102,633.2702999383857,1992.0068490980252,238.91005605230885
102,488.69813134740923,2015.126780446917,228.91848703041546
102,536.335008639497,2047.0138694713964,205.13601062602618
102,424.24956993816534,1611.8975978157318,222.02337280126596
102,600.8619710219447,1658.1060265701167,230.3606546643838
102,378.990523550754,1637.0798421282084,224.81227912083784
102,367.2888213555822,1633.6663765843878,249.57812575456893
102,459.25625461376717,1550.60370239339,249.57812575456893
102,389.7579389576234,1695.7969297329878,239.97324006776097
102,557.249315580247,1649.4227744910418,243.15332820449714
102,426.44141504956724,1624.6726622200972,248.37629397951304
102,269.4986903388128,1705.821828397588,246.95729391978915
102,475.7348165138211,1658.0589484589514,242.01440489500686
102,273.9003005216282,1683.6903557826654,251.61929058181482
102,477.25900355172007,1556.26105717453,244.7047176297168
102,1204.6692183434964,1426.6287674092764,242.69721568105098
102,1304.7853620262058,1425.454903695896,238.7712338110207
102,1224.316176332452,1434.452101691188,224.79676740549968
102,1263.508054134253,1457.5965798899533,248.98546100186337
102,1372.3231090664917,1333.3315824909591,235.2144607990288
102,789.4711867016264,1271.9938909900911,243.66949368978464
102,881.5517228096186,1354.550574985828,218.11432043505272
102,1045.2141263106712,1407.3931147428834,258.3818972179124
102,759.0752973237783,1268.305031011717,218.17572709458386
102,940.1219539350519,1299.3650459766095,212.77965898165348
102,907.7136647603458,1361.7373629401463,230.3246711234343
102,751.6399833991767,1305.445471691089,225.75335163156439
102,989.7107616841521,1357.28132253498,207.4370184116239
102,906.7840204969915,1216.4197078683164,210.1660181247468
102,606.0317366211477,1242.939779667418,206.87140004906325
102,718.7484378984503,1233.0158289100445,229.65114463024997
102,704.7207617189957,1192.170947417107,237.9394866292522
102,560.1217679659653,1089.7236976385402,228.79373589789935
102,505.53055622167267,1131.137556898807,232.37944648860838
102,578.3948492109579,1179.5530644125083,191.61465347819177
102,637.7222481017578,1059.2701661294227,256.1236467961178
102,779.5055675993722,1023.0924629830264,227.45805385302873
102,551.6236692658495,1052.5172746602302,238.65073296329962
102,426.03490552308756,1066.6745361210665,228.0471803826851
102,391.9964617810846,1007.8939777375289,211.52351505063803
102,379.9330821028743,1076.1019893260686,216.14693752682382
102,375.8884934753585,961.813156447827,204.19904171373622
102,307.7253280058969,816.2611977726966,245.88510786715534
102,329.6510597484471,823.6096524332198,228.51150395962418
102,290.88239772846816,907.3713206356605,254.73377388440747
102,299.24683976341146,792.5852483753032,221.15313904952507
102,200.73522762700176,868.6471215722075,223.10487006573658
102,199.65940222138553,707.1789350320947,227.42433996342038
102,372.41486838510593,745.1926402465232,205.62033102833323
102,138.86757513140859,790.9698629754802,226.85267270711353
102,244.58967210329874,763.9929250506087,231.1792755567874
102,152.9698932423416,676.8415517736311,246.6583763336945
102,143.80879592463546,756.9838625236627,251.61929058181482
102,83.29299047727383,650.1796515962295,249.57812575456893
102,213.67744014684038,741.2232386839879,224.37324022273305
102,34.9554388053418,569.0222078793682,184.5305922339582
102,253.3458068472451,339.4485907607386,184.5305922339582
102,50.154922050759154,475.53479307890154,154.0810103884533
102,56.57148906978827,498.08058360545454,140.3100101856187
102,64.36189891413952,516.4691011205251,140.3100101856187
102,228.51201489078855,259.0771244506652,155.91001003064667
102,93.06766780998728,381.7558813972295,169.68101023348123
102,174.82137825823722,399.26824911756364,169.68101023348123
102,69.06713744207556,356.04965740031787,169.68101023348123
102,94.49819795916656,390.406906726245,155.91001003064667
103,2030.20027004212,4074.8268246970033,234.7454843362109
103,1888.818869311788,4188.352973440052,222.43967151430735
103,2080.3521220699768,4175.953697917513,237.30581620007626
103,2036.5010020284074,4260.343240566868,235.0810809545468
103,1959.9117327051142,4321.919214404111,249.5488907852971
103,1985.2541689560355,4257.920229070036,252.42632760651276
103,1989.2896285635718,4364.35196001463,225.31509792935378
103,1935.4356942019897,4362.339678810541,205.99952844426724
103,2137.779938242963,4341.761223371399,228.15837381567547
103,1925.642003848068,4266.173658757891,175.59227688371942
103,1892.5765800771899,4176.369016402099,224.22110103487955
103,1829.4000698696643,4223.04010160937,209.12497636502144
103,1870.3047048446103,3956.3194972691176,211.24133999948555
103,1798.8004227296053,4002.1753920400783,221.75076776486839
103,1814.6466912528015,4107.162530931417,228.8581502274821
103,1900.9721548752702,4116.166320812967,274.4871529511609
103,1561.7792339314876,3975.8954834928886,230.67964290829394
103,1751.0118082443735,4183.0304520123045,263.48996603837554
103,1542.626470896021,4444.40319219878,250.35884127889153
103,1712.8951134796596,4229.143937470276,242.41237956047542
103,1634.716986176523,4309.0739340156615,254.5477390498699
103,1541.314223809211,4270.337974091705,234.6502866758031
103,1677.7008364427359,4341.279110264091,224.22354579906118
103,1373.3173325219766,4274.719412139923,220.50432105598975
103,1534.7935021439835,4309.0739340156615,287.1313382596834
103,1543.27785926712,4319.9440119668525,269.80442356019194
103,1314.094389332903,4065.128143536917,194.0535074956196
103,1492.4950540038665,4327.960392534704,244.3830596703736
103,1504.003369618398,4089.187055662232,203.10034017012333
103,1342.5255999999526,4081.2687334803363,237.6077291681853
103,1431.3125000369682,4111.919214787264,240.847329403995
103,1186.2833352671546,4050.7519732027536,245.38629540741925
103,1393.870933715749,4086.254518096099,240.7025315728671
103,779.3813553292173,3737.6167585174367,189.09580489457767
103,1115.556046964261,4023.647296916601,234.07239214655323
103,1077.3702010718023,3962.350029766842,248.96189217850133
103,923.0049974476859,4041.5695661111445,228.65035104853945
103,721.5293528620522,3969.871053616646,207.4872677749804
103,835.2352935557923,4011.8564463834214,254.9626586445484
103,1059.2164780372805,3720.9299822335165,181.18019453319056
103,1067.944847669542,3622.6735744027496,229.1772397477995
103,931.1448929642421,3678.528514095677,249.09481021805783
103,1169.8685753796644,3795.6503973908716,244.1006177936688
103,1149.9559894132133,3814.4687189853944,238.77334735854635
103,635.0445778582872,3601.924741555022,198.47054798682262
103,983.4302229328717,3365.4231210955136,247.18076823059738
103,1257.1819438655361,3214.1642312315016,264.51732098336026
103,899.3298010025673,3230.147927122915,261.1725093489297
103,837.9598287198149,3909.838053195575,231.20170568468262
103,719.5466555682351,3437.254677444424,227.215335715592
103,849.4233274479972,3535.43848308561,203.41350234128407
103,765.0438851064188,4113.803296643041,236.09629585189958
103,537.0764103957465,3388.4395016445224,224.19331910161543
103,805.7873894737662,3760.9358734838747,248.62780020287755
103,827.226326703163,3739.3164548166883,222.62609287130226
103,579.6975145684908,4129.944872285603,185.15409034747285
103,772.8289746830312,3567.171068025287,215.61176558451461
103,540.4377024023911,4275.6708550560525,248.34914984640687
103,774.851522513089,4429.140010076188,195.05908074154036
103,730.302980607429,3235.185447751877,267.0398355227801
103,689.3445300135411,3349.7071128100742,229.60995823106805
103,547.5409739976307,3202.8611616277935,259.9004737564794
103,693.8665310311321,3129.602994583078,268.29027205519543
103,489.66999450198057,3285.804165940502,224.18465483252015
103,551.2313106745721,3909.6313697300243,248.9876181035524
103,596.3067991376521,3388.8586471547314,256.23215252414514
103,538.687045696328,3913.6275538811246,264.9205728582976
103,551.0147159518935,4036.37691744205,240.10160616937162
103,687.0889152497672,3504.2796280819666,229.40515872608825
103,482.53174897999304,3515.593448154213,250.2778883046197
103,506.54721763007933,3518.575697533534,227.956812040167
103,253.0359790140088,2389.6312812199435,229.97908230575325
103,338.9959049578255,3634.84759988248,219.78744134552716
103,161.0809538757205,3591.8908667822902,241.68689314026636
103,225.37395545414174,3435.166104487718,175.13214468959512
103,363.91963847187026,3688.7167969469706,215.53064642228844
103,187.90452275437204,3554.7409846770756,255.431278901476
103,58.453871315336215,3394.8156303593837,226.75883881505825
103,127.06069222759643,3315.5387533024596,244.76172670789327
103,127.1607024613406,3146.078270005931,218.18996591990197
103,99.84819372498063,3102.156368286583,229.06126559025546
103,67.34735813853385,3392.5596427586493,194.82060063212384
103,106.05598156390565,3368.075038274962,208.00917402671365
103,109.16095560303424,3367.0417366067286,210.7521270344796
103,156.98592222710508,3626.2167047953603,173.3386140292048
103,58.095053055795546,3211.243222886025,223.86734659883746
103,107.36617311247349,3192.1628542572867,214.29427510814577
103,471.01703641080235,3482.2673756460813,221.6872893742506
103,183.11612761784093,2888.3584535231694,255.43512946693363
103,163.16400521820324,3499.724346385262,234.74549981464565
103,84.50108365359179,3056.5711229461917,226.17028232338185
103,0.0,2896.107579975626,227.65129401019863
103,176.4976327341092,2851.1737053375573,231.89550571743126
103,71.46457826138911,2604.2301674635855,252.5799061214472
103,0.0,1960.1932925265,251.75733803083926
103,147.6301050354659,2420.6237156112347,226.38363761247166
103,217.96602431118956,2728.7172413489266,168.59867408799187
103,149.39766926701404,2576.6279620180444,193.60353856032128
103,88.00815678922478,2613.293202618639,270.50894569372736
103,0.0,1748.22605874877,272.9045724606595
103,159.48614378301184,1589.2001820672945,227.12397883247752
103,206.14925371778898,2490.4545865372384,251.3640081066274
103,252.0835659586024,1496.4172915652807,259.96873582705825
103,213.00021981467572,2520.6412438272964,205.3206149745646
103,431.40061227231524,1753.7674365102557,189.51400481969165
103,253.943542769073,1583.1166831713867,217.04980004386556
103,269.9526058795167,2591.268603840118,223.28522429334043
103,151.3086573165704,1526.32263073195,232.44149127065862
103,166.47386057029055,2152.184676987367,191.57537051371173
103,113.11072890757552,1536.5129847214462,164.91558813045134
103,1565.8191781435269,2619.446616861308,199.22104211337785
103,2413.648321835876,2238.3053230806677,235.6757392398373
103,2235.503793147797,2964.5665725428016,218.0230001056526
103,2477.3350529483164,2442.481793091576,208.84379760709584
103,2444.5803985914977,2026.4991442039582,190.13381494303235
103,2311.4254807460743,2101.111251462488,236.44482699947912
103,2264.87143114565,3067.648654653908,223.37093785850766
103,2361.338266689312,2986.90438536058,225.53353568486256
103,2289.684200004956,2942.8664640359525,219.47712168636633
103,2318.2896785292064,2077.8776727953395,240.4061091201889
103,2550.1534963988283,2992.9314140200336,192.1306651863627
103,2400.2922933523623,2861.2664746983855,204.0062819524947
103,2577.5359287994115,2747.83778366287,212.77646072691942
103,2356.718010618457,2823.2483359518574,170.36762841587637
103,2544.498279425974,1903.4713198547183,179.06766110518691
103,2297.8410533146334,2821.387401014995,196.2856145748907
103,2288.2585972042243,2680.9813204769453,178.3142765386405
103,2467.1702425661188,1647.5255207064292,208.24757140836948
103,2446.064067880627,2602.9423920263425,177.21502804854384
103,2235.5401791661843,2750.5254740176783,194.90925597069906
103,2168.4550229558545,2594.041265707596,276.64423988345004
103,2290.323893977713,2760.2108040216704,228.58821866463086
103,2101.883500443121,2488.0043843022563,247.62816890237502
103,2149.9394268160004,2590.666268211358,239.29525320231846
103,2077.193084681296,2363.2232014946503,249.58464532703755
103,1807.0505195815633,2346.432954210433,225.72553449727167
103,2091.5130650864935,1604.9834597291865,238.8281946344627
103,2417.1677485187074,1463.3146990575278,251.95801215502394
103,2157.5235211415284,2089.7145780544056,235.128519646624
103,2095.078852846065,2090.6759346569042,230.23347138757282
103,2052.773859091075,1995.2640251452358,239.45566706272285
103,2266.3602754894077,2098.633799448023,207.04780593108597
103,1781.866341003545,2100.0912993016873,235.33586330054186
103,1666.866288850273,1825.4045004670784,203.1785218145223
103,1635.4728079416718,1760.8861957552976,229.40003351153342
103,1698.4025439466504,1786.0567642822411,257.98075146976674
103,1666.8635069587112,1556.8572400596568,224.97164844069488
103,1583.7614897071394,1730.887177139095,217.98590790656954
103,1900.1003593661237,816.2398587161789,244.81852124311564
103,2011.991101837312,1527.9213093165513,244.855291939388
103,1787.2414894752383,1173.6619755637303,222.47243629806758
103,1851.770574866572,797.2773163007668,201.2023681322152
103,1983.5639467883268,739.9923162499566,170.97488692323645
103,1658.055593597201,1315.632664638148,192.47132393133256
103,1679.7345859553213,1452.238326178372,198.15881031857407
103,1802.2834606317772,1223.1803025887166,227.1514678439267
103,1395.2001711740934,1560.0758336403755,184.58559634718785
103,1412.5950089523853,1557.0676165265045,187.14284314345633
103,1821.8778840833104,1268.5818402492077,205.32587839857246
103,2043.2925307620178,1508.3715247388768,256.90845281631425
103,1568.5499071302972,1514.3549779155173,242.42713692593765
103,1746.0989541668137,1494.207156048778,242.14632006987944
103,1657.3215276968472,2010.0955678203427,233.13683718394685
103,1637.5987886931819,1617.571507622893,200.03096765789962
103,1787.0791049608242,1654.4751971834621,222.25310532046905
103,1537.6692860683308,1740.2202382348542,234.2317518765057
103,1450.6675167067544,1513.1878558414733,241.95517288935127
103,1487.6462255238457,1952.6333770530682,219.4362261599734
103,1534.8047902228188,1939.731456874878,203.45929317993267
103,655.6376626032678,1816.0540295863898,228.05924869733514
103,1468.7313659000467,1742.783541057101,228.67985700601838
103,1050.4680714291467,1817.3066767994383,215.48027755794658
103,962.7438791906251,1712.5230357776504,213.68432091650044
103,974.2429874323283,1504.538441543113,253.3891396625878
103,1052.2460277922726,1611.7736183636457,230.2808929184868
103,1205.3160788901948,1741.5573561743395,231.34085362522302
103,577.7271236064652,1705.243472999336,190.6971472733955
103,937.8746606889439,1279.0415008845594,149.44397887198505
103,435.43960598368653,1696.5463712080377,201.05788050561102
103,848.4090766243952,1150.5714890061709,236.86888860161372
103,1111.2093158485784,1288.1659257593665,221.96728072809663
103,360.5123060415101,718.4807879151591,234.68862248343015
103,1064.6005595028519,1237.664250999163,208.95371802858904
103,372.90297001195484,1203.5824663981434,209.67214924940424
103,1030.8718131411056,641.8727568184585,218.9577626288496
103,725.8450537076136,996.6706883916728,208.8276386332401
103,570.1525819225959,843.725725427358,192.15192141939167
103,974.816480662562,1130.753306768926,230.81779513211325
103,1240.0956605166718,859.0994276585694,259.859811019683
103,682.2295014477855,882.6957991520909,240.4301626873435
103,995.7963472789946,972.362712293659,264.5209694205184
103,888.2036312742435,754.8460524624064,279.5886170692202
103,656.7724221941003,1097.008130539321,212.29841566939018
103,1060.2255403150373,668.3290131368798,250.7582049105124
103,1094.7690655263225,460.3423525207269,227.27820544091435
103,870.061365603728,1079.3990941909365,217.83401985546504
103,565.8315149308693,658.1722803482807,190.43945698052534
103,988.5661385936595,979.4915162736157,184.9880436409337
103,733.7641488239815,813.3172641886293,197.90759396315474
103,1229.6907421635665,1727.4470264397282,242.39057806605285
103,1061.991310795346,1443.4592147431854,226.6595342414808
103,1116.9700606116394,1414.5126172913601,217.03865440189253
103,994.7011763514182,1688.9865751397,228.39076961209753
103,545.5319209438597,1468.753178667448,191.42631900204833
103,865.3019432875898,1282.5732749998788,184.58126389063682
103,693.4257498684437,1431.7400208242875,236.07946480677742
103,1187.6882948911823,1162.5271386895029,202.5312736185457
103,1019.1193915483306,1238.6918574486604,253.85119347932005
103,976.894423716382,1175.0794017238582,254.25730730252013
103,762.0815093310516,1160.4809654950832,223.99294896679686
103,1082.7055429401012,1190.2662815043664,226.9020824600894
103,977.9192542753157,1420.0567973482493,213.651969805941
103,709.9994086234004,1351.6466395785933,205.67725499845966
103,1098.2728670657054,1276.2848781744497,206.66019886635053
103,968.1183610978638,2153.545390133838,214.148344315183
103,925.7285764422453,1503.3587351838214,223.33854547325518
103,759.3607185115588,1416.3284967443979,204.35442943011935
103,653.7049299450633,1352.1581209508695,208.41110228104634
103,571.4870214835589,1624.678497274716,210.96663733344644
103,798.7943810147998,1207.885564814465,227.19555772261606
103,958.4435647094984,1478.4335305732056,227.8544543422155
103,577.6909513644397,1432.7987692506163,168.4071135890108
103,486.74481129057733,1200.3308565047141,215.52774158477928
103,434.26198760732166,1086.7873451831751,249.580703155089
103,845.3633964593595,1393.0924549763163,214.91653956586845
103,587.3548565440915,1097.903245655098,243.07550726577307
103,568.8655646567404,1400.9075523199858,200.12441068404445
103,435.2675847599213,1047.035796483845,232.8886261685522
103,669.9314478654244,1430.9254178247338,236.40316688225545
103,466.6971101345065,1104.6168325702502,247.5249452841432
103,729.9225115153306,929.5179829883551,233.15428573752087
103,335.38250794035525,1151.6082775570603,211.37694795006416
103,665.8076158356018,798.7993925527559,252.95916333597336
103,276.59001328100624,1071.4486536609752,233.8446136778211
103,507.23383326422345,790.7104687372515,245.824166082253
103,293.6615326774112,644.3103011647676,213.3887560973963
103,126.27462665788923,1062.6167379957365,201.79430075221654
103,170.5371670038941,1359.2782037980915,193.78375265426905
103,249.08814323256112,1156.1065223520864,225.26807227209753
103,311.5502162322754,1068.3841228845872,198.23268210267963
103,486.006444200787,636.336763552118,223.0580172343699
103,394.0237095277723,1525.992217346486,190.88424049982046
103,237.76439471440787,702.5943078363747,212.466060589461
103,299.7169593303918,1295.6187107727665,256.293127703584
103,350.9751538617811,1035.6067722212488,243.95044404860386
103,285.04211434308877,985.4614946572241,227.87672679520233
103,237.0957526108085,881.318343169179,241.27648082170623
103,175.74938951299188,1073.3136574692762,247.64785607848967
103,110.23918240222608,1143.7657082889823,251.0545729071527
103,472.34003881514593,1055.0856858074985,170.94099929615697
103,47.15138099166538,978.8579946404976,200.26521694907
103,35.59801500029246,1058.3892739613916,206.35687101406785
103,111.99358753904974,1872.8648473158405,227.09067042594984
103,146.9675771817147,1859.9677178357356,191.58451980913685
103,224.9714815147254,1647.2250042801425,211.5102377115944
103,151.3841178877362,2154.7502570545676,222.84378057500203
103,84.01162872095156,1934.3394927805252,214.89093036594392
103,1547.5104997835258,3210.6271586747866,183.5529864814102
103,2062.938411787248,3393.7315119466184,173.3297925074932
103,2119.7198211900936,3414.597541623475,217.69161276853868
103,1829.0017646573108,3552.0364080089416,219.85769406767946
103,1674.1417265504335,956.6143902188704,259.02668810149964
103,1934.0761416808461,3518.057654063908,258.1932897062498
103,2074.8291388158113,3517.1032233228484,234.48834216069667
103,1830.4508533887613,3506.572922395767,232.148711560401
103,2310.3594887047825,3331.1354402661646,214.96685692993282
103,2179.8496249593113,3482.4526912521133,198.6613475461396
103,2072.7597931419477,3557.6125201781756,198.50402165523707
103,1754.963401536984,3838.835110722594,172.34608988647778
103,2194.161799128255,3778.003514978532,178.7016147705409
103,1963.1794167376472,3548.716683968171,205.55478762182298
103,1927.8268518507014,3485.6506822226834,237.53615388606198
103,1932.0560390378657,3527.6402729975275,222.82192584271627
103,1843.8943664056444,3704.1576802765444,228.39725751289052
103,1612.4151814045115,3732.4158980274083,163.39032685219274
103,1781.5826575550575,3826.111353352086,181.8032007556136
103,1912.5216251996164,3373.7364685090106,215.92202683436102
103,1659.0968170943365,3721.3996091941867,229.99122370583746
103,1895.2523263300552,3213.2270910657126,247.06798903752855
103,1536.550701903193,3578.234800334391,213.89424459513828
103,1716.5242474732454,3723.8850144912926,231.87817584452853
103,1749.4857781201915,3689.5607558330817,232.23823521865268
103,1976.8293839561727,2433.9882242303765,219.609698914528
103,1663.870913050203,3571.0909500874754,205.6572927750869
103,1538.1669775500168,3839.2856246815213,204.3596544235299
103,1825.6784281177922,3814.739445939758,219.25131055372213
103,1772.7126834340347,3446.8433918341343,215.37667323669064
103,1688.1789440899431,3622.2136844057527,221.72860730482284
103,1777.9990890517072,3638.9205483085784,200.05963659373026
103,1831.634098396685,3649.388433153665,234.8614884221389
103,1499.691901197577,3608.541030527225,219.47627615325126
103,1528.1414704302836,3813.7570579037224,234.28200587137422
103,1579.2678993331988,3254.859329234013,237.4221617285819
103,1413.279029549009,3628.794748850282,264.9986878673744
103,1203.5136102255756,3621.173656226358,232.704494315447
103,1291.716009114403,3583.1458790334277,215.7994793150582
103,1516.3176984343195,3420.289738247056,239.825870647874
103,1184.5012922297994,3686.052783805198,261.67418808244213
103,1318.1241244741345,3050.513377875606,253.52351637180942
103,1284.8102615896746,3127.7477844584946,273.96441972719583
103,1419.0455946623224,2893.860004652196,287.5598827118794
103,1562.2333222206973,2908.207663749959,256.4961339809955
103,1333.1280713274389,2620.1058021668796,250.82024870744993
103,1337.3302673823846,3042.3147341629665,249.22461144093882
103,1192.330374797852,2941.065920458527,283.4182092791072
103,1545.1069142708818,2683.9251943894824,283.1643715576681
103,1339.772743088225,2994.3042620217684,236.4856681623803
103,1228.6671943141753,3396.96083116245,214.71824010171696
103,1262.781308760504,3027.310590986109,219.4567071057446
103,1341.0357688925615,3242.1969257998535,237.93918162921813
103,1331.3681707823073,3382.139550904969,241.3410880047736
103,602.0257997395216,3175.188725599265,205.29711523152702
103,508.76167829093356,3615.6175249735147,221.81288654298623
103,1227.026123970415,2881.0267518668606,224.4738231336002
103,535.1797969705701,2903.207939647224,241.08789692676885
103,557.7210584503465,3662.727258326971,219.29494801571883
103,593.7574339803824,3317.3714176932303,250.1845994631172
103,965.9905892081023,2692.584231005812,235.072670945957
103,490.9918636553839,2999.313004962846,257.4404509506156
103,927.9348618808023,2663.6061600804055,200.7828522931606
103,616.4330494827364,3030.2838878587036,206.82076306348728
103,633.9518353024052,3463.700282366659,174.49819541007668
103,631.553481143976,2739.5530862075016,141.0599953908997
103,507.47325499769465,2489.402566047009,230.5372620058767
103,343.34484473449766,2402.69572544418,232.69749519716663
103,245.72055472858037,2669.940948916507,244.52245337539404
103,493.23880949613294,2569.6818337164923,256.27339288285634
103,394.38083087001644,2814.260875933179,233.09173345162952
103,515.5101213428258,2706.008548599871,230.69489337205556
103,331.2763376617181,2621.2427570407876,241.7977183096453
103,645.7298671664197,2506.957477306312,255.1028590043353
103,864.9079166662906,2523.1335421124445,272.89354217758347
103,880.5345439156687,2528.7390015830224,250.6727411816202
103,756.0252687071785,2722.3785161048627,238.83957442149722
103,447.393055806288,2618.697884422553,230.01531831990457
103,650.1433635621869,2559.6194288863453,239.17092957581536
103,446.98395027329093,2424.019970448982,257.4406829011282
103,452.60372072838175,2127.8090356272714,211.42432443524905
103,556.6487108887599,2035.3330392933108,175.42704227197027
103,394.29454445019076,2053.78225564791,227.79262740846985
103,371.30898840476743,2566.383743007557,213.1428872912781
103,458.4838432373102,2394.3334525458245,188.43098118589597
103,341.96076971977857,2704.042761859849,179.26942272370223
103,231.17348829346687,3418.1811169575576,221.44648270475085
103,85.3319938185401,2867.257644528982,210.20701946633858
103,165.01405894951384,2530.2133642063054,233.75128107069588
103,343.6357088842906,2678.2742343248183,236.00711827299125
103,189.1201799369617,2139.093744111737,207.45792017532477
103,218.46081652398144,1851.8917517699688,241.06411856647458
103,298.35814032515464,1824.7218992608418,191.827422146814
103,280.8300075645644,1629.1435479991114,178.87639658718035
103,350.15470875940446,1701.9529297792337,229.8751438258265
103,378.06509412227933,1720.3954075170823,265.91046919737215
103,223.3088688169386,1689.847098213253,247.81653018694936
103,234.92984294756346,1559.638972527784,242.00978856741068
103,291.19884377160577,2171.772651860064,259.5707264501585
103,611.25391845989,1746.5990736584122,206.56148455074862
103,270.4483890605828,1588.648790505058,196.616916955948
103,816.7756328233678,3117.369625629881,208.15912111684537
103,60.4242136430598,2628.105399218252,220.78325722265964
103,167.72486187853733,1630.6804541477459,218.20184499966348
103,61.64128262662999,1511.8855838741847,216.3524328818972
103,33.56180200617925,1435.3967654736648,218.03105752406674
103,50.57300252658732,1430.1442854398802,173.3877466082057
103,0.0,2417.1474566496513,198.7108246045799
103,112.26582334473025,2582.560419684286,263.97940913071795
103,101.99526059491043,1619.2257962818212,200.79583084420312
103,0.0,2231.8505550018435,195.091266830498
103,25.34041577261857,2414.866808923547,168.4522686072729
103,8.084080613940301,1741.7417438229809,219.50043075624745
103,0.0,1334.8709286266908,171.13423926503054
103,96.73995900921099,2191.713545696109,156.51929176685923
103,87.60586229920753,1455.6813855228506,207.89278981863725
103,0.0,1577.4569765733927,216.15591093843466
103,0.0,1740.347016526443,227.0637753288368
103,0.0,1566.2802511441196,202.55138085928456
103,0.0,1577.0477835276747,216.9175376357362
103,0.0,1644.5320013540404,268.66089855752017
103,0.0,1587.1166527446917,255.3969616060337
103,1786.3384514156594,1474.7050514058633,228.2032628427449
103,1665.7655910752576,1756.807744632466,242.61493626031012
103,1923.1562334927714,2373.026231239649,249.54828915392483
103,1814.0528977584756,1730.2069772537639,225.40093272776005
103,1325.4234782236547,1795.723305175672,251.53636084189543
103,1175.8188359713895,2570.015578740012,210.73292364388283
103,1604.5417237436636,2226.9779598261343,184.680831005222
103,1376.617332450716,1356.5714147518333,214.98532468038644
103,1540.817908564045,1254.8379718297692,264.67450440192897
103,1191.0622720159472,1458.0257834716072,255.6552864360412
103,1108.1913538338672,1679.1171898980465,230.02634221872472
103,1288.5740887934994,1137.0960905613483,222.22229465560605
103,1594.0294925737087,1118.5698516893267,233.5293722619769
103,1819.7967731254282,820.0462503685127,272.95255863494117
103,1241.4573201267242,1899.8880267570348,218.08764044634523
103,1674.9201367912049,1864.4875170152845,173.81455654728114
103,822.0425066814456,940.5818707307059,171.08078184396703
103,1481.0483715823761,2561.924634766224,189.41951625447723
103,598.262441169786,1254.8314907039035,233.31104490583505
103,1505.8481642030026,1983.3581684327623,185.41983906695617
103,958.304947167083,2521.6042800695986,263.5678694086403
103,1138.523606415228,2750.8007947816463,233.70486098433867
103,1120.1022511936349,1525.2296172073775,233.23206026340682
103,1384.1096376170249,2401.169154904533,215.48779424007904
103,857.0227459807921,1533.2244351951808,229.86729474695875
103,543.6172052848422,1858.036823939131,233.02802008585172
103,958.3955585880655,1261.1140827979802,276.3931261340163
103,839.2538601997165,1608.1231149900646,280.16166573084286
103,688.5238462145509,2132.6835300593225,224.13853753640166
103,784.8384688638251,2121.6707180453604,241.6902866364071
103,957.1818866217487,2025.28334203967,189.51712408801774
103,1283.8512568407953,1487.0593594415473,202.612202623318
103,829.0761480984266,941.7065348491157,230.76445890282008
103,1276.928623324427,1864.7711122108649,229.27639012963112
103,505.55060252353917,1948.4142966350987,214.1889206731289
103,1252.4323914844754,1534.2233673641304,227.79747180212007
103,609.0400638219235,1740.5499568851524,192.84348658456906
103,1205.8691671800761,1831.9649837243342,156.1094393579666
103,893.1268760873464,1086.6384740940398,193.84734969805987
103,256.62692721299766,1901.5451690784162,279.3544382307249
103,505.9509064251822,1366.7945992962013,227.01896655846167
103,650.8969704768791,1627.9852571251035,213.75795139285958
103,967.945527424837,670.777174300253,217.49858000804664
103,649.2369918409938,1716.9139418047416,240.66925918531257
103,731.9700899838049,593.446695758092,242.39788707516988
103,575.68919376311,1534.920792616403,236.8241045652996
103,647.6071285495225,840.517794764026,260.61320162080233
103,860.2440701267,727.6936162550545,254.06338309040405
103,1111.0511515907938,1182.3138407146575,229.74133545935132
103,495.9953166564518,802.013081494422,193.92325206085985
103,589.1466980825231,703.0380996145349,241.5256252476696
103,285.6754998194724,1822.678324485068,183.6673333600362
103,433.7042794191508,1695.3918926942524,236.31432554122625
103,846.0875568311325,940.9042983676549,196.57314125362723
103,457.81215147431067,939.4406461068703,225.28740043017626
103,1064.1617371748098,2280.22781784173,237.1217201976886
103,1021.6067131746871,2645.0471020242253,245.8642909801585
103,996.371139009016,1919.0668048199964,252.3194768036979
103,727.5988296569399,2650.123361221428,236.4689815132777
103,916.867841513884,2578.0710389392875,260.33559185179007
103,627.5935105643335,2479.1472679465455,259.6820141620441
103,700.4676899858584,2871.4756475905792,205.53891994955205
103,1054.3279740088099,2514.4773428493995,223.03943082510858
103,746.2820210102111,2197.903768298652,242.57370035631982
103,885.4094936712794,2196.570455557146,245.953439397159
103,672.5603400371633,2534.5467776258306,261.0826470614161
103,727.8320967576801,2378.523373069632,264.496620602888
103,938.4767478429293,2127.0895372493806,273.54552227557605
103,840.7322590863204,1633.3215014614793,260.9310213370775
103,927.9661663796272,1953.726704635637,296.8639340578576
103,539.929250095346,2008.890403922474,298.7913078326119
103,830.3121254831468,1734.9886067560496,268.26243734831064
103,254.81523366167855,2803.652187395327,271.0630915538342
103,518.1195652860188,1927.3889172847034,210.1675966435165
103,633.132960332482,2264.4028660434033,244.379229150765
103,471.6220029664171,2221.683849867528,242.96470541905336
103,349.17288885113567,2325.1409572724856,257.40031181931795
103,775.6696339302742,2536.625136565682,181.4552806777046
103,430.3786232753903,2353.1019277031855,226.43456885744632
103,398.324873898991,2376.543952710902,243.78772064757447
103,396.4189071159532,1967.4986912716595,194.70201048146293
103,348.56732774851605,2144.409731429581,265.25863725102244
103,298.1744645919367,1817.9596832966668,249.66710748342513
103,244.41783109116162,1785.8656396846782,253.33370786524256
103,321.0054444936708,1821.642237127287,230.73774674529227
103,411.8275575963014,1777.7646415639629,253.46209258933698
103,90.35474327032884,1662.3926913465448,269.61343493858357
103,194.4836504013393,1756.1560594633847,215.4148554053541
103,85.61892024332448,1376.8448710869316,282.6982461607773
103,65.43249422140511,1387.3171864882843,271.5136764596402
103,150.11211830246734,1679.1196979113292,262.46413614237196
103,39.07339521538947,1391.7889289380805,205.81510654366014
103,0.0,1530.5344923606299,246.43820528921975
103,73.43920974499983,1546.028078216032,164.1396204045326
103,307.6025098566339,1058.419338672326,206.68390913075217
103,40.90892875640046,1062.1894820508423,233.7500827752021
103,425.2507796045188,1245.058680533305,228.90308818540552
103,295.5785641364123,1288.7478234917662,233.52452214749974
103,172.53366042242922,1144.9174926309279,203.805327485014
103,235.4184188506791,1201.3049947404747,227.72361998650229
103,263.0797264266871,974.0756995905282,257.03867616912925
103,185.14441044266673,1108.1187101098312,248.4891094447268
103,74.65750457273955,1346.5642249656398,223.91333119487064
103,182.6010993054388,1143.1407441812976,281.85479473920304
103,79.25694816491594,1129.1423774250288,223.23061962422378
103,130.35987857652336,1494.8258464657679,258.2399645409554
103,31.44809961734981,1242.0847372730905,252.56761507102482
103,108.88019835167987,1388.9257227582916,220.36515225140863
103,55.55301309309064,1208.3998747642559,193.26771490718693
103,1158.8416643729727,1713.671976405678,198.8201516869073
103,1610.11749606943,1636.408755937202,236.70123353353296
103,1516.6173849738047,1908.3786493938337,249.56358545355124
103,1013.2132123030843,1881.6606227911939,215.50533095325483
103,1508.097001258001,1585.783361942791,246.72682350730145
103,1755.7601267084547,1303.1246606502855,245.55790510169993
103,1427.5915262675528,1212.473707233452,249.0043336456696
103,1585.9934822357864,1299.0275294103885,240.89548472239255
103,1419.604535871179,1540.309196842149,222.21881397639265
103,1480.0806001476703,1818.9527922283892,243.27044543154125
103,1456.6857310003068,1433.2884356056866,241.7825083490563
103,1172.7214527970145,1621.3348052207525,244.00455312438254
103,1739.6551360536782,1822.8713361658101,249.22562778588315
103,1510.9029931632822,1607.7251491648335,229.67525172871325
103,1383.6918069383034,1451.2543039936972,196.8022582161168
103,1472.9214135426719,1722.917967355856,230.63286976746758
103,814.2425928465904,829.6437549793769,214.54707343571783
103,1423.0972156068449,1472.8486391941565,231.80478293157
103,1318.8433167854,1660.11552856166,229.02479288638654
103,823.8122329748784,1661.8538862502587,182.6512568445362
103,1213.2672304708883,1587.3543401927823,234.3664935470416
103,1340.7034120069081,1541.2202200096108,251.63082385561404
103,870.4866152497656,1553.0988023913378,226.7291386393062
103,1196.060127136122,1268.8074199278758,229.07119780630967
103,1049.2480978581225,1049.904056368281,226.7473962334132
103,1208.6023019285258,1217.176880128131,235.02727955952042
103,699.6123485479826,1171.3803919044894,199.29157797133638
103,1153.3560289214208,1250.481311571556,210.03321798075473
103,859.1467550484532,1220.03892828174,230.58056132883064
103,1014.9776134104942,1199.7241163177691,186.9681339364771
103,818.1332786100924,997.2889006249442,217.3013455721096
103,1213.4170379703144,1292.7371257515947,192.92126913712985
103,1040.8646830642815,1302.7178931407566,230.35690050173605
103,1047.6646057582016,995.6121530885522,244.4735540570723
103,763.3972094852662,1478.4419393796857,234.3802835568211
103,700.4716450011789,1067.5018105097465,223.7779224265604
103,674.7800731803267,1030.0009207976464,219.18333688247242
103,922.4085999851414,903.4132772211154,194.10041062293203
103,847.1906603176554,968.4561131707707,238.2406666310926
103,542.0881541785604,1128.398996364197,242.19512893643287
103,738.6902424411658,683.4736999944079,223.57589496893405
103,795.9918805691635,903.5417044507964,183.8293298708025
103,804.1764452031233,1000.3133155346012,210.08955476735974
103,504.77456102849635,935.7220661208199,239.38669496270478
103,455.1596898663579,1222.146111368113,269.4707380517933
103,358.6595623553286,1023.4007085308384,279.6308916335705
103,686.4753479303463,656.3976857781655,245.68669748103474
103,847.7782897809967,675.2169873610097,282.22470225028496
103,530.8668413375902,785.0552068611056,233.20807184356778
103,718.1291397605336,783.0993125819924,194.0728241256615
103,756.5188146143942,887.9146805216016,170.6602763842949
103,362.6872697178876,824.246861697071,201.51072359531236
103,292.83195905410366,795.2103135881599,213.8122576333226
103,527.3227017899549,742.6911971175806,215.6339167427791
103,407.1494384666785,732.8500699416278,233.17018384233518
103,367.82453478526986,776.758246360975,203.46765387830936
103,468.5149502158522,647.5221855906278,263.08509010868755
103,267.56674553032656,702.0959621048836,226.5320028328424
103,232.80652066742803,692.9028767025453,228.2111396702357
103,246.46351020810792,740.8662875272158,225.57164232752496
103,134.63779343646925,719.4081378055329,224.92159989669307
103,0.0,836.6661010744245,286.12926423682245
103,69.61652094767751,916.6370269026958,304.076029325387
103,90.24438662886612,821.0371837481883,250.6407494292991
103,72.12585872723523,846.5859900445108,233.0325659420177
103,342.1367228388078,817.913850150741,274.4571369839362
103,172.7878596739686,652.4859058779028,222.1609817178965
103,286.15180319636386,720.9526027140602,227.4247350856087
103,74.38313946736591,928.6851523455488,208.72866916763934
103,137.89849644710827,582.8420183299455,210.07415942434204
103,123.25087234341854,890.7958961632215,209.55700762382548
103,1.5141813264725386,909.3504240682815,215.50730822266723
103,23.278049056913375,917.5381168259195,194.4611276227625
103,44.574107861980764,709.118051970801,196.37310783638998
103,26.726081392066334,646.047416368784,242.94981444265784
103,20.464562526589106,642.476110056488,270.382628745944
103,0.0,654.3304722877291,184.4398866441377
103,0.0,451.01273662334097,232.97668937374988
103,171.34300279523725,498.74403573864186,220.86565322208583
103,0.0,631.2731164423093,278.50028504480116
103,0.0,682.1239595435399,212.6413955208376
103,80.95908829251928,470.047404333333,221.93182809714187
103,27.04390200782038,463.06513506901126,255.03458500269517
103,124.10762197143092,353.5822669929705,246.09818146566772
103,41.257814669169846,423.5712115097399,218.45412236549964
103,0.0,335.5877681854696,222.04628557399792
103,0.0,474.1744845916709,211.3586893086229
103,35.861163809581484,503.52859969528015,213.651331732786
103,0.0,636.2733737784237,232.7507985917191
103,0.0,562.5005345412477,239.52182051399353
103,0.0,430.74417049313774,227.18811162505625
103,0.0,299.7115856248597,205.23955062481895
103,573.9003632244667,336.37740001515897,221.26186306122707
103,1031.1107591663101,177.21273348541501,240.59882090873276
103,1237.6151010974052,351.974353094972,262.88479385374643
103,866.781596437159,0.0,266.26292941578015
103,1074.5463033766844,244.72399952432886,223.02731397926328
103,1349.263095395374,52.528709161153756,215.1688692752711
103,965.3128270735789,126.23343291376034,226.78819996762195
103,1002.1085873491226,212.29635310265508,225.21218916055784
103,1105.8329688252356,69.15049122687606,246.16349465128832
103,609.3759781700377,39.31430262767458,229.5083242539108
103,536.0955627142373,164.40280209708249,202.88625142286435
103,843.8282146475821,0.0,251.24655650863536
103,1007.4196455723749,302.7726863295122,279.6832639870787
103,548.033697142001,264.2677046829409,284.62363088440424
103,788.2962087712912,241.77346583494295,295.7383394742679
103,744.2167062818357,487.5234717564432,256.70094918137033
103,788.6286685093411,376.8619409112283,198.85551071023195
103,691.6193022358096,126.68845799554788,227.72709194612895
103,555.880613816827,308.70091097265845,248.65192833638446
103,499.70029516953673,46.1055535883537,255.20896579875415
103,431.3953200156478,449.4685802587667,223.15556213697147
103,406.4151769339886,511.537229390074,188.76595422606243
103,137.41044982129384,458.0005711445008,215.49640092329724
103,398.938925673437,364.5380270919559,231.97642021384996
103,341.41345295868393,146.2954566317046,230.45471646653
103,231.99250684068548,291.3549973510941,244.74333702634436
103,265.4550704177269,107.36763795940544,246.62326500100875
103,87.9343205334363,272.64340456886123,156.6013837098455
103,193.7731740623511,165.47514811479857,183.41553119603213
103,208.38909796880833,305.09559736126255,126.28527442680438
103,170.92168382653043,71.15637278536383,146.35705553872594
103,0.0,0.0,135.4209524532194
103,109.40338366755273,0.0,126.47613316181231
103,246.2662338457316,0.0,144.25418792993753
103,37.85781502261469,84.19510769571923,119.20951274091165
103,78.86505615702654,68.1674145990213,112.6548628412228
103,0.0,154.18027121248883,111.95122520104759
104,2050.4911189327872,5354.034066166773,243.4273163432656
104,2019.9765146192647,5483.754170036033,254.582118902856
104,1990.601752693187,5373.9297090138725,245.24484962740354
104,1974.254827920821,5366.419721256541,239.76885474407925
104,1527.4209318710414,4974.879606424986,269.3886905476571
104,1527.386573332838,4906.744302610387,230.06536739970545
104,1491.2333158522933,5009.2116900149285,224.87395040803767
104,1598.4119049975345,4940.805869386138,230.2707923948633
104,1551.8470465687417,4846.128922461795,206.4864376304431
104,1733.3198109816103,4996.909314048795,212.79027695476913
104,1631.7107752556237,5019.071980065831,244.59519204927477
104,1713.7550800408326,5048.954503708253,285.7760851777645
104,2052.4643967279617,4780.061959232377,250.0485819693348
104,1952.9244602064775,5377.1783564879825,231.8614625520184
104,1900.294154371754,5229.440506009049,234.9561300642378
104,1918.6048108226476,5425.404423059159,230.86376927339262
104,1932.3017558908325,5420.585245392929,314.79902047902897
104,1724.8190074031954,5191.867970704657,290.78468223814133
104,1597.5911939841592,5271.772227334533,273.32913083801157
104,1799.8690990934263,5305.76575710761,286.4907486727553
104,1595.245252142115,5260.56497835956,282.70930324879464
104,1237.7143921047382,4901.781564974421,258.8100930958938
104,1249.9965368322253,4948.540339110096,294.05189966025955
104,1325.5503446676623,4918.603868658022,243.14953911073673
104,1425.4147853480401,4600.127469675983,227.77525880194622
104,1231.7157856437084,4919.0216506815095,310.9107841923424
104,1160.4959135290885,4796.208841571049,258.4193533523098
104,1297.6548414748816,4385.436738117134,244.71992805362913
104,1513.8051434275462,4587.244925078071,270.54710358703574
104,1235.9588701649225,4361.055529587131,266.92604263388847
104,1494.5490629969154,4449.695692309275,223.98558677089295
104,897.7780813613452,4327.037206238762,209.3307985643309
104,950.2320131801731,4599.96721355803,245.93111140540356
104,1029.029767579561,4529.91253983708,202.25752544465416
104,931.0315337058834,4442.838518737069,212.19701386281645
104,1065.3751455928514,4449.0195836493485,260.9624310174783
104,757.6564840035738,4807.07658222035,208.2029034896924
104,1030.918823428297,4779.119570582058,228.56329651159172
104,1170.633715160727,4061.6411189667774,237.7462053149642
104,794.8617276591698,4189.6375021246295,214.8204849267741
104,765.7892774065263,4170.688634135632,245.09348990300822
104,1412.4505062607288,4295.271977961919,234.16993075288138
104,773.4050591133321,4254.159244730833,252.85813525223222
104,772.6432143333291,4252.174215395804,257.2006442304929
104,507.9215613913284,4142.537397647613,269.3169665201658
104,878.2378190572682,4244.30803895043,254.40954769534716
104,686.2632754232304,4207.077684978782,241.98973663746943
104,578.1211734886251,4140.011077226823,222.12784430286075
104,749.7865946780133,4175.458277173289,257.39747717465144
104,645.6819971923993,4226.200145896514,245.70920071772412
104,863.7999026034614,4883.979739179016,254.4079936458512
104,820.4126161029418,4688.821196015482,267.3481799335651
104,1485.7184305810945,3847.2358374277624,254.71972831514302
104,541.2481363317038,4135.436917448894,258.96326578548985
104,529.5853130006514,4280.099089953488,244.33715446864875
104,491.5877734852497,3654.4997348225966,261.3936929746369
104,785.7710081727595,3269.454487811029,256.04211272924874
104,590.4220687637155,3210.9393963412285,254.82104753453297
104,1309.9866019767478,3366.9844918489553,229.64450873138367
104,1309.9549536512507,3301.7324959075117,222.63205369170026
104,337.3281275354756,3395.753641568668,285.28331067483447
104,293.4267092157959,3377.551876875349,272.6384003434576
104,320.95357243182775,3138.8070095037733,297.7616200556426
104,293.67001852339456,3148.1135104995988,296.4045933312854
104,1360.2791637690248,3140.8490295800775,272.68911205356034
104,210.20844980575637,3315.756624970495,225.49316309928815
104,230.38475319233297,3322.0516587098923,280.62256856532997
104,267.33815916296555,3527.7302451755754,265.1901681283288
104,157.58826008132726,3448.0264534264174,265.90628690130535
104,227.3761058889613,3483.59872496484,254.91972210824787
104,198.27929977719182,3183.3452847845574,278.6423957943411
104,97.09258007090992,3292.6273274353966,262.37999647705243
104,1357.029302730546,3741.613486717942,248.1078087623892
104,303.87831213400034,3584.7693310219943,225.13090124878482
104,161.35046329917927,3347.8137708725067,263.1061559557386
104,207.07095182897515,2870.1647845676803,241.4702264339017
104,61.38684543464356,3079.132602308953,262.96883688565464
104,300.0790004812112,3089.512812075719,247.55218779041974
104,19.739773436248043,3122.387646488409,232.73513631838313
104,174.77458643430603,3049.919598739536,226.65170796180502
104,159.74466908131788,2914.3727320167654,272.32219499009057
104,363.96700951376226,2847.716477405035,208.026973329641
104,162.58690740000552,2989.4905766150355,260.4669429611563
104,2190.742585787579,3191.7791437622022,239.85172100130222
104,2259.4309715698346,3151.811798429005,278.9891217326137
104,2340.644473654244,3496.120882664541,251.41485139314727
104,2015.7248775124874,3910.7382543459084,245.2233657078305
104,2263.4154702094347,3814.618137216126,266.91189048436803
104,2209.121368402729,3755.50870860074,253.6941074292804
104,2292.038813096836,3930.440546320868,266.9854068804619
104,2543.5881923448424,3576.757691845052,269.8398997880384
104,2157.3746993620975,3579.833937776241,258.8584231511696
104,2539.700987535119,3737.9503142021053,253.95776666262026
104,2440.4900865392437,3563.49890142693,289.26163682628624
104,2528.3504256149067,3561.365822782373,252.69204274264047
104,1845.8401614108468,3080.252817927372,202.2406678199623
104,1914.3561092952707,3416.631089550407,253.97066959495703
104,1704.4415888707686,3052.2214660774744,283.98786249548414
104,1942.4886966689917,3198.7662631650473,261.47129991410935
104,1979.9705877509193,3334.812013097144,255.26221901973014
104,2151.851698197503,3235.0205354652776,242.0800496460783
104,1867.045293957843,2755.744048888947,246.18196866173946
104,2079.402463951128,2788.1761581699293,237.16145997109862
104,1740.7015153629477,3038.54104535385,212.34726586548487
104,2253.5241806360787,3487.6179497126295,275.49661035614855
104,2121.2521195130935,3193.823839025893,218.10517971834628
104,1919.7008740718632,3151.775610339282,252.89104307125893
104,2096.556935590543,2794.6389720143275,266.2777167648436
104,1939.3834233212121,2977.6961593249475,265.5883220615427
104,1980.1510580010734,3150.4399849476326,280.00896144075733
104,1808.4072949052459,3351.328084274878,274.64044945272315
104,1876.5432905997338,2911.922445537152,223.63160780987886
104,1554.6362222934777,2994.9027257563657,275.9461963200533
104,1927.709488771238,3059.9991248608003,231.42890030201227
104,1886.39063303334,2567.789089872969,271.9142916123
104,2026.1086989874063,2432.2129586219894,259.2059634356086
104,2023.654123855638,2469.1169036109086,268.7852558246704
104,1822.781712044023,2085.818926058046,278.96817327380734
104,1811.0909682997324,2370.503368367675,300.85803387066403
104,1943.5631030627762,2199.1019283033324,330.9343111576733
104,1945.1383958562435,2072.988934810915,321.37169855491464
104,1907.5488156412578,2094.7695783927115,270.6982931096594
104,1810.863502975513,2171.8080670865074,273.74796519183764
104,1682.960809175211,2077.3759270178757,322.8277474663192
104,1275.2373049587404,1753.6177321578707,219.22012016772499
104,1143.9568382992218,2085.054467486956,287.7018271395648
104,1201.9037247498052,1916.802772081278,256.19885943186824
104,1198.198313108941,1861.3153560638443,252.96359184202447
104,1191.2052200893986,2003.210415950251,300.57835518305455
104,1147.064203032764,1948.7925689416588,319.76731907314166
104,1133.7450800972085,1665.3032201473793,294.70226578218103
104,1416.9935852727297,1929.8933855508676,282.4282407368015
104,1088.9747064456799,2054.8312050234563,268.32977782759264
104,921.3760606776274,2251.176660589868,248.17281505432044
104,848.4676213519359,2249.2552755944807,261.6627706443542
104,1106.60697398364,2370.1775768492994,303.8364133704305
104,1086.7369681800653,2214.955439819687,287.7469882151052
104,1136.5293970035568,2116.0085688130766,275.7923425257581
104,948.1554285003425,2275.225674557724,287.51508033549004
104,1123.7613834362428,2179.0525535341335,255.79135407404777
104,1061.6731373342107,2055.036411224933,182.44509624408948
104,1268.024156367023,1805.0889367713617,193.22381257311264
104,1138.1453902361611,1115.752425118902,221.56372319375623
104,1072.9354755363227,1140.0942854501714,245.8227165055455
104,1560.382243289773,1214.1910093146716,260.71369134528396
104,1394.7096499685485,1042.0155160382692,233.51338531207182
104,678.0237558800945,1293.3676557215854,251.2167668063529
104,721.4028982027568,1386.7489242827355,247.65354938321775
104,590.1910609806766,1330.939730329671,230.33821834072143
104,602.9650212109727,1289.0346051933739,226.131326888768
104,738.4420493867614,1508.1173137971432,220.7615137281286
104,579.7439699800332,1612.1657994990096,289.56210612133486
104,638.3697786133483,1473.3775188380823,265.6763909567897
104,692.2984819111108,1595.795139396772,312.78705665151625
104,1024.4178143976949,1331.1221709909505,277.9230158998216
104,847.0409034761789,1404.5405261026517,264.1685264872688
104,838.7672925235557,1456.0369896655207,259.90904664396123
104,850.6035270082308,1386.580115213801,296.0126151179173
104,619.9231983098861,1527.7442447729577,312.59196165905513
104,602.1107737693768,1335.1249350514322,259.5946075888792
104,699.5543086731307,1411.9873955940784,264.53269967608287
104,686.6180842620403,1224.5118667660913,284.03102111492956
104,524.5023583850312,1147.6016343530005,283.5386445234692
104,486.65891596673214,1394.914831437481,275.5030554806873
104,477.64483554057097,1528.1053123784836,276.18144449648054
104,416.4964337031679,1173.998054724127,250.5862126878418
104,493.7654071424546,1206.9612100213517,291.02792478921975
104,343.2314996351166,1150.8204371732973,267.2129137817333
104,279.5206741742247,1401.6368625043624,239.02917732625247
104,223.72356731976484,1039.7461932574543,219.5598615020948
104,332.5959430265667,1026.5686761289244,248.88158485822925
104,260.932199743218,1251.4222414201595,249.90029851719606
104,265.28651123458644,1287.8996798689732,199.4060485382788
104,469.32543678630213,858.732387076467,198.09987487582953
104,505.4700631762605,878.1798097033626,252.70376816880855
104,200.87764438470694,1142.1310949606282,173.19691529202362
104,287.34681197134785,884.8031373604146,222.08023196153658
104,311.8815979329604,930.4533443370098,255.3475116371921
104,298.0373174013861,1427.820893646683,211.70420677053573
104,237.38976142591164,1528.046435665156,269.88881261143695
104,531.0307122572,923.6489708863243,255.71373985974168
104,242.64087212248833,849.9365125555872,211.9457606105189
104,116.98229294516753,843.9559020337675,227.04256377081805
104,1459.108372042365,576.0834295481758,206.39365174945675
104,160.31396447273286,826.8184520490157,250.38414615873097
104,176.57538319232762,804.2793636446216,281.97959509098166
104,93.4223919795244,822.8194175388772,214.70939225897985
104,118.24509980765524,795.5340756718268,246.91030538831325
104,101.99037792053477,930.8515326907019,199.38558795361138
104,66.67042012636941,1209.1396798759947,176.43702778626454
104,96.71953493263888,1197.8829011176904,239.90137629985128
104,91.58979181291804,1070.5988155162127,188.25393437676922
104,125.80165319220694,814.6665188626527,162.31658424454508
104,62.07583035586063,798.1437576799354,196.9962871800489
104,1529.3161749480173,1041.7192673753757,229.20601196523268
104,17.82599063870063,1112.5602399225609,234.46801270040936
104,83.56608909985525,1083.6080017081017,184.57361864442356
104,0.692652977393351,1238.0242586160161,217.9073889340225
104,186.525903783335,1117.8558226651671,220.2525831191063
104,135.91886189597759,1059.8383949516738,251.3666611046575
104,1365.8614449392815,1526.3530363799964,224.0441670211626
104,1381.752493165639,1500.0923255402954,218.67731590838326
104,1450.289459480974,1234.5793325279387,271.5901381646776
104,1272.3292919371406,1317.495732709624,258.9290206907334
104,1440.728009107602,1175.0005536338035,219.81301923345842
104,1509.8340794965436,1434.5344830962104,204.72219289159062
104,1460.5569913271916,1507.630199611472,271.0123371015034
104,1496.0714153563206,1505.265091924995,246.94683329063065
104,1249.6393932858828,1633.9794538357773,248.67912830247224
104,1265.6739853545587,2002.5976382805356,281.0547945584416
104,1543.4918753248137,1575.5734620705693,260.61634914299424
104,1374.2623644322216,1505.8527247036532,271.44585828466563
104,1682.0945695342232,1609.7673071799309,295.78220944742225
104,1377.123602881591,1958.6387426632377,267.10213780404763
104,1439.837152411886,2201.590486920332,223.17407669805772
104,1301.448270991361,2324.067085361629,217.3374485670165
104,1287.459306418448,1922.0737150071373,229.64953747587282
104,1324.5745334370051,1411.2999351502185,230.04053036516228
104,1547.1803809176756,1687.4001998421254,266.0189639233495
104,1265.127910296899,2020.4015604051688,266.71022971700063
104,1427.6027502005145,1575.2939599352276,214.35535866653993
104,1450.180982875867,1634.2162177599498,223.02701898258027
104,1506.0053763077829,1770.9637536707028,230.51627115819883
104,1696.431342350564,1102.272636853229,203.06401579412568
104,1596.4993857679067,1611.032664519848,264.0924870457795
104,1695.2340531721015,1630.2135629985223,212.3567474412098
104,1592.6593782631935,983.0049640083549,258.9978268792072
104,1760.6175012906554,879.9314776018708,250.84425669321917
104,1661.7630926960746,1241.9613170569005,226.69612958416525
104,1305.649374315698,905.7038754854592,198.28232075172303
104,1458.1228831840174,798.1581805227103,236.4524274112432
104,1293.2482603727365,1484.8862251986006,224.69460570480067
104,1399.7225680681868,1403.7611779040194,268.7214177802176
104,1216.3253721279207,1439.6578751887505,279.58756018612456
104,1391.6457938371348,2553.286155853902,250.79600855930357
104,1254.4888694298847,2155.057248225471,258.7450993221041
104,1094.448422071376,2093.859527865008,245.5714534276525
104,1579.4654941307995,2333.3501117542037,209.82950655337618
104,708.2984334737081,2909.3150873891514,245.48573582996232
104,704.4604472099069,2505.19552550371,278.32944932854775
104,647.8671726578029,3079.5879385850944,274.62484719978164
104,708.4250817617757,2943.132472263668,240.32981295488884
104,716.9685245421939,2848.829975625536,229.610086683583
104,922.5794610606598,2751.083178847884,249.69470674744628
104,1094.9376672900753,2641.387890134586,204.7573573252193
104,931.341089031578,2533.7737551427576,193.20283547349084
104,1018.9191167088114,2178.2080009673123,245.7654745750167
104,948.8930468282107,2351.5030795978837,204.42588552526797
104,929.7458904007766,2485.5512257409614,272.3087820589884
104,922.701047022803,2481.522123682284,265.91238864524195
104,827.3537716265356,2642.3178701676616,268.68173757646065
104,888.8006990050905,2195.178920935792,304.6702417869646
104,827.0148971419363,2751.9889781893107,266.0450137407557
104,886.5440958429566,2155.613573959944,222.61544361047703
104,788.4660953995404,2902.153166882979,269.97079913372903
104,766.7959763546556,2786.2007490006495,228.99953853123446
104,677.2987045528531,2580.166539297661,208.76996229909906
104,682.0959408291812,2323.3283043488173,210.0530910995729
104,798.8851474542354,2424.070187251572,225.38068828016475
104,622.9623781272759,2212.9287486240587,245.8428422373725
104,678.9027042641809,2234.223901322519,264.45389447225506
104,643.5292347802061,1973.3627651885754,265.2586430325106
104,849.3601387451341,2198.298650196685,313.3578364814527
104,601.7453258384086,2332.095869173397,313.14447233847534
104,632.3505709378578,2241.952299896054,295.94029703619515
104,408.34417649259797,2431.9178283495944,289.0787808055206
104,356.63346144339425,2229.2628740229866,263.9131274813323
104,281.55739230566894,2306.4457513578477,210.26502203379056
104,990.2040967805627,2422.7368135618926,307.64786629447036
104,1014.8561557358743,2962.2826682634027,261.28850657396987
104,941.5159975958703,3084.9923489976823,302.38547869437855
104,941.4012250563159,3190.0856790156986,322.1606564531376
104,873.6757942642984,3067.4339143637812,300.8508833086411
104,1013.2745141054958,4063.6325040127654,267.8647361445712
104,995.1207102551849,3952.1222795253875,258.2338845841325
104,894.142716293169,4309.100758579412,312.6038052631046
104,721.4971282578701,4491.326099943129,293.36734654036144
104,1151.8157602140689,4275.107040417264,292.70282123955013
104,1111.2716446829295,4104.9507699508185,274.60702573670125
104,942.037493306466,4161.914704054868,295.0554805925858
104,926.002708675226,3947.460510023587,289.04410148705216
104,1009.8292113623949,3937.723608177584,287.7827494904773
104,1116.7686579733647,3764.4045275080575,217.5686600496316
104,1152.6498617215489,4398.617754590856,234.84756606434394
104,1124.6909755639738,4118.487163037855,261.4017508373724
104,878.745775116577,4308.009358571142,244.66201919999077
104,1048.1930132274833,4168.455366773883,249.82952251144525
104,920.2446314514306,4112.227583311182,264.0068345033333
104,780.4254079326798,3082.6420674068336,276.15275061742096
104,451.5361101371067,3199.326244590883,227.9433929707895
104,565.6227404172009,3226.0071645524376,211.4306299993828
104,518.9041546209951,3275.5968329063257,248.7856128670706
104,702.9598810396413,3111.734653963561,235.84857281772395
104,436.0086002722113,2846.515808278666,247.09450503615113
104,586.7105742647909,2854.622477184644,259.6938459029831
104,466.47805009491174,3128.9801198415626,276.70639579892475
104,514.7392441411522,3254.6176881722545,259.803899119957
104,696.2863476829888,3234.436949551925,248.15296285725384
104,652.955345199204,3634.244251512559,263.9225641648149
104,408.72850439555543,3344.2742150192485,265.8989539853557
104,253.49645544537398,3850.402994792605,306.59800658478736
104,252.12736063549525,3701.9468849139407,280.5572099485481
104,451.4605655615419,3484.230463057524,262.6355868513727
104,207.51187306189817,3516.36211290279,322.84004488141596
104,411.29733334559023,3510.868369766905,305.7734950867008
104,480.941642990781,3142.779814949387,284.0323155640696
104,244.05777431768806,3073.417845841174,283.8038226769845
104,348.3318057291366,2984.4913558089165,231.45905582705717
104,531.669086120576,2787.054283938492,237.50988632569653
104,234.20689828677374,2791.8958753873076,307.7290846420856
104,244.1396540691848,3315.655946319514,260.2212752953915
104,334.221956493275,2577.7185040959694,247.8214061720268
104,311.1567909711001,2689.0765162169896,291.4324250138047
104,261.83582366512996,2624.2094545883506,280.95111561145586
104,452.50591277742217,2678.1318478130283,224.03384959613248
104,420.3731273019606,2432.5212994857748,236.77376470200397
104,316.44132334278777,2459.3566120166893,247.3068260773013
104,172.66462757183987,2224.8697737729053,189.84447989450172
104,1842.5188382891135,2289.0494230645745,232.66676267183755
104,1217.009896035473,2431.0784525039426,248.11342582730566
104,1280.2979381885857,3286.684076858852,216.1393552324153
104,1470.2361945611465,2947.3277941397346,244.6832255645499
104,2107.0205378501573,2280.240102828654,270.3042718502097
104,1631.3268999210975,3556.632008336345,234.1272802290547
104,1783.276470902492,3660.6732406053848,248.19902592453099
104,1495.7298373022336,3346.2098681043353,237.76883150741685
104,1419.5059240069304,3477.937083387238,289.0418528724514
104,1435.3112659481737,3300.9506672102766,265.58362427971304
104,1454.6409753653134,3246.387157292979,271.43526030872823
104,1620.8505135251578,3200.964388907079,248.7003000731296
104,1783.4128915688666,3336.5687493394316,202.216926215341
104,1810.573313955569,3371.0370367812493,156.2918026792699
104,1539.3308154321364,3190.5047740256773,196.91861884225267
104,1698.8857015004344,3498.1509908276175,242.20754743998208
104,2068.050447769133,3783.9011838519505,248.13885023579525
104,2055.787575934296,3813.717854595479,241.33735417655788
104,1587.8708728629333,3166.05375003172,244.23916613732894
104,1550.3292474597304,3791.716575495401,260.1266738279113
104,1284.1495402046442,3737.4896929711417,211.89253890950835
104,1302.6193404187204,3677.669983790482,256.2090569132822
104,1486.588954666749,3300.836990564918,253.88161285626626
104,1382.5420342833536,3339.1323811311454,270.2898636953361
104,1369.1683034211233,3351.009979849955,224.98420452573578
104,1378.1676660156206,3251.7500740365294,203.2850563648209
104,1022.1426675936317,3927.3035113414903,229.04968346277457
104,1145.341992941068,3539.9110638002117,250.00544778789538
104,1194.4099872698341,3355.542300456304,304.4807695194679
104,1083.8419686428476,3331.337226406837,305.3878566758669
104,1412.2397577145678,3039.023291338281,212.3484007056332
104,1049.0613304966184,3567.138739850621,190.968102638024
104,968.7470758570488,3545.2831227532665,249.4446502793587
104,1029.77064467381,3856.6819044112103,226.8580796915209
104,980.8141267730974,3286.362816110343,266.7283326029638
104,1017.8178083364252,3150.910033623457,264.13505496869897
104,1171.7439976838068,3210.547121416867,301.0255765285084
104,862.63283276864,3533.3682006720783,256.9838651666627
104,1395.2414072081322,3900.2979902218863,218.29121988130436
104,1074.4188584716744,3616.9564443101985,219.35634364276427
104,1045.9300804918357,3304.325190965929,269.6655544884349
104,922.1738800590196,2626.3756102234047,213.0292771600316
104,1046.0106909451251,2906.3144455096126,266.3429334826767
104,975.8846037858965,2981.549599161129,234.3592588792235
104,985.7831183619898,2798.9235978559905,250.26261969092758
104,1240.0121620045902,2713.9609219075396,254.01860601725457
104,1236.621157193336,2579.53710777653,263.6600784252979
104,1140.1020514632485,2415.1887190425755,211.2531529285705
104,1074.972404500735,2279.89229341959,255.29322506855027
104,1198.4586235229663,2131.7684854919953,247.2883140456306
104,987.0911649385445,1854.520686631768,274.09082426031443
104,1016.498326806991,2182.8640426007446,266.2793648532338
104,952.2611521583664,2376.599292618584,242.18011875555766
104,1011.0801376390674,2274.3573665671506,208.3090319996159
104,1065.7852789624683,2357.704276830266,251.0068774614108
104,1087.3323674778562,2411.954989327951,274.77071094050876
104,1216.2887037270607,2673.943629057455,275.17296712550143
104,1015.2286025448249,2472.0685473492417,274.80004335027405
104,1037.0082096495396,2580.4113324241325,264.3430921464858
104,808.1094627167703,3060.258493671179,270.28045392156673
104,860.2396125915753,3037.614334479564,279.57871724184486
104,1526.3917340301582,2527.26821896114,217.15288352758012
104,554.933652182611,3060.45163153557,254.8382814019352
104,443.5638952566501,2426.932578958488,270.66685153478835
104,374.5438872773407,2497.218604256825,330.5794095978966
104,460.0881893377725,2296.391885666007,336.60894380507267
104,350.1313851469813,2073.804870272504,230.6159719929512
104,577.3209401524547,1562.0005053346758,269.63667974330906
104,622.6612037453266,1357.4487312904812,189.53051034881696
104,640.3561798711318,1370.5308130526091,217.4867672795458
104,616.0255620850239,1327.9367728029538,250.7983677131337
104,471.5327358465506,1443.4392551083724,214.11154613434945
104,659.4456995755062,1508.6945793009072,263.4216854353453
104,341.27224980241556,1737.2495505316228,278.4551690184369
104,132.1079286155322,1735.164244640409,254.83719618180152
104,262.1491349889627,1800.2317466299442,260.5206544397773
104,300.50485284734077,1959.4595378497056,283.0582672771847
104,401.95040724236594,1639.6941513269503,211.83705386121812
104,389.8186786365459,2075.5322761755638,268.2627691939304
104,245.62352796668208,2034.1270744148492,217.14096982006458
104,200.26177844763336,2105.3636504707815,209.10449761204364
104,104.17116272564132,2046.806261460928,219.6436657286804
104,281.87467285028185,1692.1673750142277,191.60256114606966
104,190.60148119923653,1616.2097893018572,236.4292676294578
104,220.32090917545528,1385.3633656190887,256.39508639982614
104,245.2135809878893,1408.1488043441864,253.4067060091188
104,462.2351279444488,1151.611095414919,299.90774871150563
104,460.66574676535345,1500.35815077599,256.19564356550285
104,213.88372604298215,1715.3024206587984,266.2804270861559
104,50.937062065589686,1804.1485719373723,276.23626446089594
104,191.82369178206048,1439.2893130044745,194.2616626612347
104,50.272768982582846,1338.1799847465604,245.4704997925512
104,172.9951245537283,1336.0441008691973,234.0549974587871
104,111.48389817747827,1511.5416147086153,269.84970781393974
104,45.7556471211507,1745.0511730496273,263.23693139343305
104,98.5932835811034,1137.017884039834,297.0675144061356
104,34.48789211894385,1114.872637579113,306.267128831017
104,199.38456442083518,1397.8373916370028,288.8672178617526
104,131.41959486577653,1453.3898812816774,271.7264129597961
104,0.0,1362.7038208956,264.6364716658331
104,0.0,1622.4668293917066,243.56962862135623
104,1187.068126651209,1612.9603142475248,265.26286492923197
104,1569.6516229860551,1514.7974177298433,297.33652568133493
104,1364.8263109223985,2053.4116875052514,275.3351326424915
104,1603.3601262780874,2209.7723362263223,306.5716036989149
104,1503.3789019025776,2106.184354400374,268.9197913560813
104,1486.6092279610034,1891.6403911064267,213.1133070141678
104,1699.9294676790041,2288.8477701730585,187.37092855749358
104,1747.5808176038538,1265.0852054751463,231.72954379187382
104,1861.8877690045613,2621.145176720438,237.4849227270372
104,1784.8379614981866,2605.295057955586,258.93708006198244
104,1860.9647377686463,2152.8805848115867,233.20291431994127
104,1175.5544913864549,1642.7119773152822,253.15389465851462
104,944.3033102748965,1814.4640013248513,249.54196913941342
104,1094.209784736725,1605.5981749867292,206.27963040847106
104,1280.944478089322,1796.7572336048056,221.21381638261
104,1105.3119337443377,1515.9250148723859,202.96134743820573
104,1226.7209895378844,1303.9860602747867,203.40527124309193
104,1159.5166628784407,1230.4684713368665,240.042744585616
104,1101.1084232801873,1380.1426808266906,298.6741991088585
104,1609.3210773062438,1629.012086344172,263.7501597073074
104,1455.4578989977133,1566.3327635470082,247.29746589651705
104,1188.994492774127,1790.7830738176017,264.1018666637367
104,1562.852948847387,1754.8583036636423,266.81294961418564
104,1443.0847405044367,2526.7031447041686,267.1194704146586
104,1206.0371277655402,2506.2648169252425,264.9713427370696
104,1050.1144184227746,2478.271255446585,265.9213355151632
104,1415.4162481251192,2448.5612437573513,297.2958320109299
104,1430.3416032578625,2158.4373863520677,261.4687646945794
104,882.90382506968,1802.7246612636463,280.7948161337923
104,787.3804811844403,1625.0334916357865,285.4427349417131
104,840.8989240470172,1611.1728610595105,244.04430811715662
104,905.4658571919971,1728.7180867776447,239.15532658078376
104,692.2070738087848,1714.6109218336492,237.51950954717415
104,806.4761375117142,1669.0110987606458,239.02917732625247
104,623.4402510828135,926.1009024746196,236.8105930446053
104,1044.681757169541,1161.1705812597884,267.1566692186803
104,755.9289910979531,1008.0414735625699,266.8472017883487
104,718.3660348512987,1353.5002848188674,206.79822008318018
104,611.7405214997292,948.8140862269416,176.1192923769559
104,689.239455009065,1009.0489156672808,234.08955581116982
104,420.24706127974434,1181.7921611306415,173.0067991632202
104,372.9981358533473,699.4995898363137,217.4193306063642
104,434.59489071468283,844.4172106725754,281.507493340439
104,425.7057929806292,936.480800485191,212.64346808551937
104,443.2129342424935,931.378383212949,246.2466208604544
104,469.3149686517004,639.2459557014553,240.1004272128041
104,453.44791493496666,1468.768125960618,209.97304645907565
104,404.53882380331675,1487.9276292428012,235.8873339278889
104,1551.687915515145,1362.473001156388,229.83830144749987
104,338.04310152067853,1560.4245430865826,285.7742290682203
104,388.6887851538304,1659.9805162976618,266.7235502197826
104,434.12022444088836,1444.1441906280788,268.7578642968937
104,544.4833723252913,1622.8062326226523,252.4451796520911
104,475.10925163138313,1495.4622746592768,212.04165486801355
104,338.1058538976433,1171.9036356695306,156.8026905031067
104,348.3961019694227,1242.9800338062641,225.77832671701975
104,322.9550722280827,1225.5309401538707,228.82902052214212
104,490.92331291132155,958.8645544839043,199.68172264249705
104,419.5992147530875,1388.0330966694405,238.33991835328482
104,1473.1972329154542,1086.7991553521788,244.23916613732894
104,175.89771192946594,1129.2459898544143,253.91473028938293
104,196.46709071037915,1068.9909279557978,218.68570105446918
104,121.66309152403645,1088.552146553991,228.30011211674497
104,385.7276968330782,1064.5459295268024,253.1323730643001
104,289.8330216142198,966.0954019078953,262.9296746195339
104,1311.8525722763502,1286.430798426959,217.7019556234605
104,1333.2679441810833,1242.639870245121,208.0686656363435
104,32.28080733706324,1226.7720952087202,209.1514209543625
104,11.93661730448295,1063.321259036687,242.40114613958195
104,146.92018642448326,972.9206450192079,199.66401393741734
104,29.40289080918231,1153.9998113826323,197.4265743779315
104,1336.5891316954444,1236.355770820166,205.2224928904804
104,2.758201962119756,1179.7977908864195,160.2083462458649
104,0.0,1169.321043262988,214.0468428815143
104,0.0,1268.9850562668603,222.2718093214782
104,0.0,1382.5656528034028,232.87007618789437
104,0.0,1192.2541226339317,183.10749034641168
104,9.182904274476499,1180.6896652610844,251.28139148032807
104,0.0,1311.7164985985255,216.45354290110475
104,1347.4050500022615,1345.1017286632336,223.3185327214449
104,13.712536553288402,1227.39519451372,203.82913192723657
104,0.0,1002.5159875758026,247.18004849041665
104,66.60166569495604,794.2739702028576,187.29673925504153
104,0.0,962.9597492329698,226.0843604119574
104,246.41877672282456,904.5355750055677,262.16428886986296
104,0.0,925.2675911228481,246.21513439506663
104,36.92378657783965,1102.7473319062728,254.5490241620941
104,46.18302667354922,1154.580897354203,290.6736350418078
104,118.33556907219636,940.4840350024762,234.43509569642993
104,0.0,993.4673275417773,233.89694247427872
104,0.0,998.5385271742254,210.79249070649576
104,0.0,955.5818072503536,261.04690147550224
104,0.0,1142.186428880288,248.80729134605542
104,70.61289683933856,1040.6795205000135,285.7944349622007
104,972.5323761845904,1208.0581416064847,286.65234751775336
104,1112.0149753616965,1149.13643407768,290.77541378817574
104,1209.3597225118533,1243.8277860214234,305.6355931050584
104,1374.6285081475125,1258.7042180353137,262.8666469494334
104,1039.9167074621216,993.3954813567478,275.5031224564089
104,1225.952004125331,1176.5158039140488,268.5565587551586
104,1171.6913674449265,1621.1123728108641,257.36457048131507
104,1171.0160381152866,1501.9561678461428,270.8052210553435
104,1487.4939631817942,1054.1974002523025,215.37436277822036
104,764.0970051847748,1686.792642925814,245.78897941090395
104,820.1227717786518,1360.6051133602596,275.2742153109288
104,829.917842526724,1566.6687078796622,302.05661649629303
104,765.1209263762936,1358.4753284562253,289.50228718385847
104,731.7064743768228,1332.906345758529,227.98637927042267
104,730.6389301632096,1062.004784779739,245.29797793651693
104,834.05816960596,1181.6549109156135,210.91672243463614
104,703.8948730228888,1168.5573978350221,208.88816322585683
104,965.2148097787943,778.4466004030736,213.80529927292508
104,864.9258754729163,961.8264144427591,214.18985205534534
104,1016.4313785527085,814.677858580021,258.2972587826076
104,792.3297124982447,971.8151325243936,268.8140877934883
104,900.5463040000831,1121.264773364424,251.33436873763833
104,550.1264999588664,1008.918626287562,236.76067976558488
104,548.3671606813357,1096.9892546691244,280.1162370831673
104,485.2996642405716,1025.7431783939787,221.12875181077516
104,627.3325256436044,1030.1364585329602,262.55702730199533
104,508.5398703871923,1064.2211880930945,202.9558253950629
104,425.86131992870287,1093.2383650859815,192.99942191489617
104,545.8032517087798,912.0372173647141,207.07175335828651
104,693.0522974341062,971.9092785555359,212.70512132721984
104,533.3929852607846,973.3016512752355,248.7952955061133
104,578.1064028857081,893.3148793518229,253.72724065318016
104,495.4039746084228,870.5820205454346,308.38887902733967
104,688.6230223981361,915.2208669844816,312.453163730966
104,593.6641704759885,979.5151071120928,319.3502047734877
104,511.5019824415932,1137.268005889594,293.2681582408985
104,366.3394265852362,1281.7607629609379,302.12497211931355
104,260.54197439489474,1052.3484635070567,261.8139159093974
104,270.1359550634554,1051.7014502150423,309.63360976030225
104,266.7048691814732,1039.1004262305692,306.6585375252394
104,193.68829945208276,1013.6959433538849,287.0534885297532
104,242.3287343190053,739.7746640325882,314.0441705848435
104,229.39805080685588,709.4847807047851,333.6087519066746
104,189.94468565212807,913.2785481574159,300.2742660514239
104,396.7083407784762,871.4500778711366,296.80994122915604
104,255.71302606897692,1108.0562942577612,266.0243402932325
104,731.9793294262787,875.8563451593424,291.5699045320705
104,404.5699308368477,1191.832947246748,250.51707710100396
104,582.1080927824864,1024.5777033471063,287.50450673935114
104,589.3574425013333,1144.9573164388185,275.0867163707065
104,616.9690885091858,1509.5949997126286,288.4697889111583
104,357.00483021152434,1391.9723614369473,298.65134875299003
104,506.73204260136185,1389.2197948288235,257.5913339458179
104,653.415222008673,1320.2780163569046,215.2251106711343
104,731.7771011652416,1468.23412698847,220.3797134901368
104,643.2414367684484,1078.2725867687282,245.46830085231989
104,442.7285289933643,1034.5459014907228,258.9751438769404
104,539.797747906832,1069.436417714805,247.6601857244645
104,429.97134749052077,778.4974502290644,254.09292916736854
104,248.99268263032602,757.4955992513363,262.3281584938236
104,485.8373826842469,627.2602785031553,190.79088477198388
104,328.8731906865843,706.3875817012471,196.78006130551478
104,270.44510367088424,642.9953919822016,233.00301491846648
104,383.9500749097009,728.6830774433043,205.38460825456326
104,242.80423403366248,758.6885282082193,209.57497503915
104,378.0263776469827,626.7211546957889,234.60158773570492
104,355.23299144757686,605.9201467380623,254.28721455705897
104,336.47999296373655,692.3311434619155,249.37718581087273
104,455.9022757150208,690.5503036241672,238.2701856286585
104,546.0181228011635,571.5709164082115,225.73308208377966
104,318.65442521512114,585.2209016625983,259.29430515266694
104,193.6983541912858,836.4414754371693,278.6716486502156
104,151.15905137771406,805.8203629210044,271.94305325312433
104,274.7973790135675,692.6723691968688,274.98279682738723
104,83.96544894314442,505.06246029529495,306.0491854552602
104,235.69424199582565,694.6721778111993,314.0614813352343
104,290.6300641190784,493.12308336334706,310.5981781156611
104,61.11652052891881,421.2016602677277,278.4492958388985
104,48.56364772914773,208.92571952611252,225.30248910477587
104,230.39197615434327,234.0156220491508,249.46027376264328
104,127.31844644769197,91.54929272496042,274.68838049367247
104,95.96886548057105,158.1304434225574,279.9765159611352
104,58.39922553623913,128.31821394523945,245.03514375033086
104,18.379349405926092,111.9203785703321,249.86730324647937
104,553.4384338999058,50.03532493341015,284.72796256512584
104,1063.821956220751,205.28868456295982,219.5592716696156
104,657.5036638591233,0.0,272.4446808129788
104,636.6895973491485,150.37135702625164,269.68600876074834
104,649.9410665476845,0.0,207.08953832552965
104,799.1951143552075,0.0,226.3865019501663
104,700.8787130517264,0.0,252.96650950851017
104,592.7763261190806,94.81431211188612,212.0189501237511
104,829.7387223462728,296.7742778108734,196.25095824660258
104,474.3273037785059,0.0,210.08939459874523
104,862.7811767729087,147.31462344370652,126.45508869222864
104,671.6515450985572,283.5294305660366,119.7380087092928
104,818.488488584918,357.2796599161022,75.60827807303137
104,652.8605013025186,373.0445168797287,114.5126712301773
104,686.9531295018519,242.59294067273072,117.64102999256566
104,372.74206806483494,218.1150400873197,118.6932037303262
104,738.5515529072503,206.68164625045517,106.85733799149203
104,617.4996109155346,330.92657127070174,93.97658908666777
104,601.7732385229273,223.6259554820465,77.91700477701751
104,630.5503588425889,171.44477576697238,84.26558849372076
