engine,Cycles_to_HPT_SV,Cycles_to_HPC_SV,Cycles_to_WW
101,1402.295354446834,3962.2182602780367,258.2419007451157
101,1536.829857336564,3786.7405554657817,256.1496928768346
101,1531.8974048704865,3578.5964325441946,200.71766284593625
101,1724.2294954439774,3940.763430635041,256.5218179096273
101,1584.7597675661561,3591.5536458827646,220.30105630255676
101,1583.6449024372387,3662.216621507907,241.9378439179952
101,1128.3972490356307,4726.549705816757,228.9935944610411
101,1840.6493862473728,3963.877532314874,227.18590481504012
101,1635.6325557998057,3648.2090902240006,216.3099547128904
101,1473.752687979664,3653.32701628989,212.96665509537198
101,1735.8929073304223,3402.578216535976,227.04488410962304
101,1101.3231696908504,3871.2068674780994,315.63679054976035
101,1086.91188388498,3830.972403738193,242.98784554594712
101,1669.715562594303,4264.566493898834,258.2930977955642
101,1765.6669373151055,3906.0017973780423,208.56365672009858
101,1545.493118879231,3868.645829359336,198.60809328811857
101,1598.4662939544812,3917.4502619064924,236.01552207803198
101,1740.5055844011097,3879.7485795281164,206.5381893328773
101,1658.9417816110074,4033.082940076598,249.41358981164862
101,1628.5533290097467,3758.3607730002377,195.26970256981
101,1520.6191713650253,3808.8138152854262,245.4019156576699
101,1404.108118450897,3817.0116492481366,257.3679824825541
101,971.3482094296404,4446.946499510016,278.1174913752916
101,1039.8366248331315,4462.240777054246,213.81251431965953
101,1436.493340033328,4260.983913366213,228.6219039706211
101,1583.7427021213132,3844.7151268722446,216.97461540308868
101,1127.8775491682675,4668.992514960312,294.7485431061999
101,1479.199876772,4568.093906029923,261.0015968697543
101,1527.8537044012953,3685.175585282931,207.58120363272386
101,1763.809898408039,3953.4718314464253,228.55089175565567
101,1608.5581092904079,3737.280915395587,248.56358653496434
101,1610.1910009458663,3529.1330854211783,279.89222541236563
101,1276.945967126712,3903.609659063918,234.1319989546473
101,1111.429967250511,4016.098604616459,223.09965271149903
101,1708.0988517404774,3425.818867668744,270.6670560871157
101,1530.4383399836327,3384.935666022193,274.0919900067979
101,1310.719334033554,3876.2423115542415,249.83439671990223
101,1399.7361796803057,3912.3933943314905,232.42087896741103
101,1520.1373296982995,4355.1075716675,260.0422359944255
101,1604.749999187276,4050.249750352603,231.16449638199904
101,1499.7915385320864,3889.2570178829737,231.1256655140107
101,1326.8256172230042,3928.209739421408,244.76503256080449
101,1503.4659610416736,3895.092440385959,215.6187532057214
101,1564.9622620831622,3563.203969337058,236.5194405329676
101,1458.2432560526174,3574.0524505473586,242.92828427094
101,1254.1161402408059,4059.6880825711023,224.0801631016774
101,1179.6879515468622,3044.6169526132026,250.50170045592293
101,1618.1516305515268,3183.077461706329,226.70468459827086
101,1427.415109993877,3415.971711219381,206.36860149103657
101,1237.1542200127726,3891.8547242351115,216.65126502834013
101,1500.1259528284515,3683.714347051996,250.1124681990748
101,1339.0850568740677,3520.4828355473255,231.68141856186074
101,1388.834682058449,3907.527602371195,277.2985444665949
101,1168.0273486366327,3808.791407727279,273.7509751456163
101,1095.5761515540655,3648.137152673813,210.96039786970564
101,925.9998989508887,4294.292209871696,212.56145202852818
101,1439.501052633078,3849.891556130925,274.30630228921575
101,1333.8019186155636,3831.9465200058175,213.305572477082
101,1078.5323793655843,4654.7774075511725,227.00471000690513
101,860.5647268485094,3698.4098058686686,217.19921921361666
101,1038.0941451967235,3576.018439711861,215.87594302719933
101,918.3411606527894,4273.334714157609,240.15275995077022
101,770.8307606866925,4206.9823309492995,232.62748479002133
101,1013.7431763537558,3090.8048443831804,222.509570033448
101,1038.7969336555295,2793.649396946975,288.5598553414342
101,1096.7998410807381,2691.5461292958726,214.54742114113256
101,1311.304651200975,2451.248214786615,247.46013540727287
101,1321.1396117128227,2615.3085427262713,227.74737576477978
101,1178.060410934231,2407.47680344319,215.8000414753498
101,1366.1328348344841,2412.4521232031157,210.804002522939
101,1201.9289894616306,2476.5457920766303,179.35724375726002
101,1080.5304052895224,2271.5371842836466,197.6014630461489
101,1325.9961991474809,2270.3884437402394,228.550789733445
101,1279.5775697631627,2070.11167971989,204.55569121336666
101,1222.808376197776,2374.0765566114133,271.95693376243867
101,1050.778027240739,2199.6141936065433,222.39429115590244
101,1278.4513860935033,2354.2276213999776,218.5401496223848
101,876.1129989269679,2852.396610262894,252.47747128890515
101,824.4761001167466,3438.5238621744647,254.94143648006028
101,746.111602813313,2793.7353455652656,260.13087480506965
101,968.6208130915442,2908.26436478289,292.87399320062343
101,940.9604167471745,3171.5384593181025,261.16469587576785
101,813.6436386697393,2950.899902855559,254.68248494932132
101,1054.71194033952,2924.8966437838026,211.49461968627853
101,1037.004137684601,2866.699089299831,216.62266409674632
101,1118.4161822784722,2839.6185655938925,196.54127223945918
101,1079.3773793114185,2834.488202423383,239.15939450745228
101,1035.5425168551735,3060.1285994183363,274.35365256543787
101,1786.7787082595785,2315.3723426352362,198.98019632911328
101,1871.444647326375,2354.6125178494985,202.54144560619548
101,1880.3867128893096,1966.3634844908204,209.04431841153567
101,1472.6709647026657,2665.5751513424857,231.85667482413052
101,1908.4648627217691,2263.224123589265,193.45721417696453
101,1897.730713391896,2204.6770706254847,206.13998941403796
101,1874.3511537173415,2351.582224545319,227.81479290989577
101,1876.1100465658167,2336.9057018444355,213.81411747005112
101,1422.400035379962,1756.3000860020095,202.0651462410199
101,1206.4689033743432,2652.114421068304,261.6716380564154
101,1658.8073516773636,1972.2333041121126,229.85617640569424
101,1656.8770099280182,2074.524498862348,232.69170259617673
101,1871.467401232964,1987.1966279274777,243.1408264682352
101,1510.9997719602106,2020.6273112226193,239.9400373235882
101,1831.7482783266498,2317.273415847427,242.42948150326382
101,1783.3476329215862,2090.16763037316,209.27772131921782
101,1832.4319239667195,2282.4128795930746,211.15476382253067
101,1829.55307565722,2551.74411099838,218.6464410693134
101,1687.7056291761196,1898.6768992493246,266.23515148458955
101,1830.0749903378485,2242.2487423730854,238.7581105912661
101,1917.870511665635,2341.490295357815,226.61927753429714
101,1872.106201291311,2417.691724925322,239.1893748841807
101,1800.3521993676009,2202.061303885407,236.21899990479832
101,1662.3822235568052,2204.631223831747,285.0783958269137
101,1781.8800463823834,2178.5366816644937,259.168900581852
101,1243.0813866584065,2576.713177397257,309.9882265030793
101,1749.2744398174204,2216.820088498551,221.81875713507654
101,1878.8699983891695,2263.1629486458014,229.98351274567304
101,1648.4651174839457,2004.2790273774597,239.64793312268708
101,1673.2018282102174,1938.063888413995,264.348195178982
101,1423.489479938127,2463.160341888778,294.7619815189473
101,1618.6026742594197,1741.8476154682842,291.37842765430435
101,1779.1443468787277,2104.4658850193555,290.91154825799333
101,1136.4743541059402,2352.0609961212876,239.00944093351077
101,1663.137277278994,1866.8774917688168,253.2307040332894
101,1332.4368851594015,1860.4816125225818,255.60813085841684
101,1469.3523920366379,1702.0586153768857,262.6136832627923
101,1337.7025777580081,2063.0179563926913,251.32376625966035
101,1927.8385415993264,1823.0998854796883,222.5866376034946
101,1702.7739561838355,1960.138918515832,231.70268604854127
101,1765.6181809056877,1892.428738395509,238.6599880542391
101,1768.5952546194833,2064.8035548562293,229.81886143360182
101,1757.1990096376542,2305.752522797132,195.26325489918625
101,1676.3169603977497,1594.638447645092,217.85981223320036
101,1632.7680652480883,1969.1324952614252,236.2610897038081
101,1789.5517719605682,1936.41757319666,224.24653333142552
101,1804.5177939120952,1657.5115914100215,213.11852143827215
101,1433.3058472337555,1485.437091797355,252.62376532833773
101,1769.8191773672131,1752.5608579092914,250.52155388124467
101,1565.252358370444,1870.7392586259,220.62204633035682
101,1754.4999388576887,1615.2437564256177,261.63462079529086
101,1576.0090338694758,1523.4714290617937,232.9164730978018
101,1265.0764652637465,1741.223225749075,267.0035611839844
101,1738.7504976668881,1285.0020460747057,222.4221377287844
101,1658.151366216844,1446.0250116124314,228.34489823741413
101,1668.8594132895535,1326.3735647379706,254.7664626707141
101,1723.3596475611428,1845.3776757422795,247.10701675288587
101,1751.715803951395,1473.1116707117674,238.92584474816042
101,1087.2173424352166,1586.1376560123238,288.31139055006145
101,1603.3135548833395,1570.0643753843235,250.206315969227
101,1799.7445949502826,1405.7774759385672,229.70042836090917
101,1680.060210537452,1137.1560369074812,237.43155613824248
101,970.9228751366126,1497.7990059345382,252.40721032203405
101,1521.8851461916292,1044.1224842603444,283.65068674771203
101,968.7259447192397,2071.909111673478,243.85851805392033
101,1602.8133407521598,1467.1998998797983,238.6104750942296
101,1246.2386871061879,1660.1399464724516,240.9941463940995
101,1597.7575044761081,1493.4858514477755,197.8341179787768
101,1608.397211460862,1361.9327794377486,259.4125942292917
101,1397.7833960666123,1311.5186616743483,216.9543205725832
101,1178.2772003976438,1135.5898011384443,213.0713318889573
101,1510.9609974454345,1375.3708337473565,188.89727004261076
101,1555.8332118830417,1237.5354444888612,180.36203465946917
101,1621.1250833546235,1389.8169215733415,232.31442857724423
101,1543.466413297883,1016.0237753364574,264.5964004898067
101,1632.2223108072776,927.5829954010267,298.9905164480007
101,1427.1473144271424,1623.6333775644077,258.25184774488173
101,1542.7159074578424,680.1099594839972,221.88622663989358
101,1378.1153804842293,543.0507065623675,259.97278944457105
101,1339.7728769135758,859.835157358382,184.5618773836709
101,1376.7872895821379,882.6895635885994,229.5553647416671
101,1318.5438727148307,509.761678993088,273.0118710930644
101,1267.987606297383,928.1459480560279,222.5651721890762
101,1029.4878816216722,1083.6094791722533,218.69941174548174
101,1036.1348269111493,1044.4998605198703,241.55140642761486
101,1185.6116075265502,315.2646324166915,243.6753696007057
101,1380.815551017591,1074.3451026416158,231.00822758997012
101,1303.2330724826766,1008.4110740066792,258.4451589800907
101,1419.7376047200953,932.9751457009054,210.58656638488375
101,1079.6988162220694,1178.0946848890449,222.06597419425165
101,1159.2390611283197,1059.890332414768,230.5788905157515
101,1040.2164407987218,2075.788605982597,226.21130124433975
101,1257.1894951984066,761.304892683059,216.52886904607706
101,1253.7886520757925,668.4529607363056,205.04713654898498
101,1346.350063953684,544.6441447182185,270.6208951679537
101,1406.5734620821847,704.1508903741538,241.75388987901826
101,1296.5436486073238,770.0237372833617,255.20159178324283
101,972.9091094734989,392.4414929201989,245.1554220962374
101,1008.5025198282532,259.1933856701928,217.47467169520618
101,1282.4142104018215,624.2862107803422,233.81062830350098
101,1275.0010459856696,750.4984494007462,229.9239183170719
101,1133.9183267269634,725.487905115411,215.4975749561361
101,1301.8341310164803,810.2028648957605,252.04374271642135
101,1201.1511612036852,853.4345394981153,217.6601653132399
101,1249.0822683243646,684.7753319549925,229.25056513262822
101,1206.7329297101787,827.5501322939581,229.46687997326924
101,1245.008728267517,822.5352899951099,239.6674960713926
101,908.9800174964822,315.83534415114616,224.92082540518632
101,1162.5490364440986,453.2781568739605,235.34474299479822
101,1176.0170932997185,247.66519123036136,248.7286733313239
101,1127.3399233706139,679.4847572204749,263.827511265741
101,1154.3806313855894,711.4207956272052,250.90332598256245
101,1224.710443124465,784.3816080745862,222.9965804451726
101,1181.9324765598997,692.3907547025063,219.05070459036276
101,910.7890479132246,572.0871924897181,212.07168758415068
101,904.3533355751987,762.521513167301,247.48438682329586
101,787.5511230269097,566.8608262756159,272.1481872515642
101,959.0606388415348,673.9621535473952,201.4270201211444
101,525.7217923288172,897.6474304023313,198.81848550114117
101,786.9379224486196,1005.3274569462919,222.75873161438554
101,704.6487236821318,1072.2169530684362,228.16658435724244
101,848.820063578026,950.5465039066019,254.01475280341984
101,323.6589498574732,786.6152391554765,213.12839812541787
101,707.2079337763334,981.094066482651,211.50722511516202
101,754.5779988421058,1078.1065342456643,206.24980949249763
101,631.190557180339,704.8816324640625,192.68271313676658
101,460.82585940264016,693.1696324157228,302.8672347550213
101,778.6679756310136,539.2095462010304,237.48807356732547
101,372.2932620436296,553.3343411979296,245.87374483402536
101,796.0887173056268,499.154093475658,257.8388960808883
101,1790.6277714272853,670.9677885199325,266.45586008458474
101,1419.950704822834,351.93849885516795,234.77712114960983
101,1907.0193915088237,620.5337098267796,240.52824942672808
101,1644.4801297841839,920.2528685249385,214.63272348934848
101,1729.4948672265393,663.5606251140347,191.98971539070138
101,1744.6619855250567,561.9814283539138,222.17426609304297
101,1718.397550319233,833.6588014260815,227.2001502791601
101,1338.867713158976,399.0376037245202,220.69973078166393
101,1670.2948493451456,538.9631818243906,251.9015388349459
101,1709.1992454336325,569.8748483869725,232.68122659094323
101,1734.6870769291534,515.2111661547167,251.8582172642103
101,1793.7677577030179,977.6494772627443,320.37480927464924
101,1637.5125748250125,689.9332256437144,255.98716241345895
101,1776.9495942482145,1388.9625894041312,273.45341891969724
101,1362.4685338613026,680.3701885129108,239.00555124236823
101,1737.3526699254166,1133.9082952665967,267.1035247961744
101,1759.4027053492027,1573.5757110032866,269.91452114698416
101,1711.4696380761063,972.0426785683601,253.26827245104076
101,1753.4012922959075,1702.4607750744801,211.27398786898786
101,1702.077400845087,1250.2420210888854,241.15175107293308
101,1771.9969071970272,1187.9775564763647,258.6655019138615
101,1648.554357750168,972.3776134762868,176.89954137896166
101,1732.9508319386816,1286.1371061501534,225.45511671481555
101,1063.246387659839,1263.0266635533237,221.5175780434266
101,1863.278564441019,1032.072477815452,215.92271873698897
101,1725.1214807783142,1251.6186676003992,208.6316660299187
101,1847.2754666683743,990.3672603400698,242.60657705769157
101,1732.1258044605675,1381.2312642735003,234.15353716637352
101,1713.962331442108,1131.2020451903215,235.29468479839343
101,1566.1442048497977,1257.5672956677438,246.01307075286863
101,1663.9065384598905,1082.342335258267,269.3828996590744
101,1749.3687955927523,1286.7631185793919,240.17260746264716
101,1810.0988761485798,1563.943545484404,228.25992105936243
101,1655.295330751007,1077.3720175626743,246.0143707480719
101,1761.8850982694942,1301.7663997115726,221.2101661409994
101,1781.7331545955265,1392.4128992864496,240.19804077612767
101,1623.65565285034,1179.4502520128688,240.76831804702343
101,1667.1765824539305,1437.593737031383,254.1343807473473
101,1835.5197230849974,1889.288309493257,243.6153487261968
101,1649.8604839588627,994.1021199827899,253.30841605621552
101,1770.5999619857814,1358.8588970100004,232.55072664192758
101,1876.87698993662,1337.4388197409219,252.4137679460927
101,1587.452577664876,1608.4699037090616,226.54403125572438
101,1779.3125323060385,1249.4428318854782,279.89138862274524
101,1109.656834136931,1395.2168759146928,227.94307014207
101,1606.3060340615368,1692.4727369488385,253.9699922551745
101,1780.2176813978954,1721.7707493685991,238.6706062865068
101,1635.0655025686997,1366.5273169787513,219.38546477480284
101,1003.4754078415698,2184.9271074589224,214.90173195019153
101,1762.0368087820086,1891.9610931032623,245.13161857783413
101,1618.1710069251064,1678.7884532151454,215.04978531685336
101,1465.3495889374406,1999.4341671680106,208.17995920693173
101,1586.3517117121926,2291.7461713536577,177.44730496489152
101,1621.8959406048798,2321.579150423612,258.33554468070963
101,1783.0828112928841,2478.175624685142,236.33397738706387
101,1554.9741168690196,2063.4345742750047,239.73792762237034
101,1694.5099416258774,2419.2924685363023,269.36244388335956
101,1045.6604823227153,2561.0822118264323,239.0536362255693
101,1585.9171009574252,2562.654352333232,240.4795190579159
101,1314.0403152517877,2500.363104880753,231.06082626617544
101,1410.183283336346,2492.7357472745016,244.38656988665664
101,1628.4334033182624,2752.1532086893967,232.17136964999045
101,979.9019674153775,3617.6392923792646,290.3379625722994
101,1390.2898564308714,2647.448992207588,228.47452579793472
101,1675.1881380542688,2830.624608233148,242.35402998801467
101,1661.3609787295757,3009.888488068962,225.4851288594111
101,1627.3898798957302,3118.048119498534,231.28567556812234
101,1432.1206055168752,2643.2511061005034,235.2551114919585
101,1174.5408850915717,3301.6779526744003,248.35448950108972
101,1493.098663333173,2845.534220156539,256.90994684209693
101,1379.1101261350384,2469.441695981306,238.91300813073778
101,1292.816466592632,2764.245072949235,221.7040544668976
101,1541.409967764005,2405.06597507839,222.11055865100215
101,1475.4591502453113,2365.912416401461,230.11281728858327
101,1052.28640920215,2730.2820829736693,241.08782927768524
101,1497.152576510036,2511.8216725694956,255.99160516857697
101,1498.0403586201276,2265.160509827846,266.42716554389494
101,1581.4977515787893,2521.1204179885617,241.19861206720375
101,1546.1571377108419,2738.5225063960197,259.7565753216252
101,1518.9317791050792,2113.690201671232,276.3954337329202
101,1500.5225487892565,2195.4583266177087,284.661401489004
101,1398.788144020694,2051.7723779785556,237.43059940627464
101,1372.106633293862,2228.613580046008,212.6702154663769
101,1467.1052933903682,2083.927031370611,212.14988536333223
101,1174.280940267294,1932.3021245464568,201.78434444290272
101,1291.0450199567383,2145.127848133816,242.21586362390863
101,1399.956815765289,2378.3316527154857,203.22708563194655
101,794.3178048942513,3223.244824885457,237.53020344516293
101,1478.0078704285158,2467.3570171669735,171.22795049535512
101,1218.2040713148278,1982.7008885018224,213.40410712015145
101,1271.2750286457547,2660.6200711685005,262.39425112542244
101,1372.318725124415,2426.752778510747,207.62190356232927
101,1288.2550628448141,2399.058276321075,207.1782845607676
101,1328.7719902140052,2104.822518216366,174.3641593087871
101,1131.64023612066,2279.5803736506405,227.37732199342386
101,1350.198043198989,1944.1992883078221,264.16665380791153
101,993.4470955812354,2567.552485202991,295.9387408778415
101,1059.9462043859844,2069.464224868995,226.85448002842142
101,1360.6042855577664,2271.3557626270194,228.23074935368177
101,1271.73397936289,2361.918352023742,254.0107085343342
101,1247.5745246333413,2374.7620326766246,273.06196590170396
101,997.671392476267,1429.3124282368944,207.07948277127159
101,1311.1395665742248,2210.1576341205055,280.4049579346639
101,1012.4110470700276,2465.986444347851,247.00022579675604
101,1107.8357058844674,1877.0799163826107,210.10515944232472
101,1089.9329319989972,1779.3913549287379,220.26270236478487
101,1057.2212754894838,1907.0595974904552,223.48264879421552
101,1058.0967198193928,2023.6029490523044,212.42357192616376
101,994.1944244459786,2107.0736948422455,223.581998258018
101,921.9397737301709,3216.1297891941194,235.72509308953906
101,908.4486878567594,2507.80819742762,219.85195413553
101,891.6999643148332,2599.198557469369,233.02979095634694
101,711.2561124915652,2322.146460634375,253.25264742166954
101,754.9673199128562,2095.5633849659625,241.8578780124486
101,1764.4239105631848,1917.8101995208456,293.9413787827633
101,1507.3021698238133,1776.9110533581393,254.95925314079787
101,1845.2804379521228,1996.9635930420566,256.5019326338992
101,1676.9226961855845,2463.317462738074,240.02894399750997
101,1797.350382001093,2750.9489389983346,243.5386921689251
101,1700.0570417756744,1628.405802976197,195.83869890872043
101,1434.9760865164565,2172.53051847838,282.64382148694074
101,1759.3012679697615,1869.496574544068,232.49951831196378
101,1919.783963842585,2244.63376763658,241.1217512239497
101,1854.2585051025083,2320.8083843865315,226.86046265399503
101,1867.3958038822532,2535.5381950085657,236.74749492870367
101,1717.3220742289884,2399.6373556671206,209.3567358981118
101,1682.7196872387633,2074.143399880685,237.4943636194242
101,1576.5475833007188,2180.305952972034,223.3548756080634
101,1662.7929657504258,2121.44484705154,227.21850627037995
101,1865.839068629564,2206.4056968950163,235.52529994746183
101,1351.2469753139615,2081.948236486992,243.79512866740308
101,1884.5572421262598,2037.8123804107324,286.138037751639
101,1839.3879863872673,2190.6523877955888,266.56716546313066
101,1813.5076667877536,1860.3279003331443,221.69918173049015
101,1588.5934079125884,2208.6093386418215,204.25053540704639
101,1678.8438921980994,2059.9668003730685,231.53529911784628
101,1743.565508000173,2248.3579427568993,248.38958114605705
101,1418.4357630125398,1816.0888701032625,233.21747748227486
101,1817.9095497879173,2411.170235587728,277.62010097098687
101,1629.0281237861088,1928.7953357926383,259.26528575976806
101,1437.075214126471,2180.2251550573446,231.42522491117344
101,1714.6307587286797,2493.7304750990515,233.23589743739402
101,1083.6122693109705,3039.0242554868955,264.95456969831423
101,1746.4545285815527,2532.4574076466924,244.4221951601768
101,1415.2314432016085,2056.4993619448915,228.6263265489026
101,1757.586088500844,2420.7955965553247,208.0988243276237
101,1739.303990411952,2022.0763888725785,264.08235847190747
101,1373.1490578689884,1480.2833483827183,275.12791584270417
101,1704.10978307752,1219.05798540719,237.97320119048308
101,1542.4888387441315,1178.7445968969416,255.4828313685417
101,996.1089461686905,1808.5226413260355,244.69561058139405
101,1662.3338690257503,1471.0619256847947,256.9699552622151
101,1469.2288255980288,1604.5130149380882,225.06965473708183
101,1625.508395645282,1604.9337598574295,240.3147703010275
101,1566.6412839435086,1656.8888777335883,205.97263493144814
101,1512.5137116495182,1568.1294898037104,221.73784660616477
101,998.0521218711309,1546.3000648147938,231.4761050528239
101,1221.050046374784,1670.3369725258517,247.01777378143876
101,1398.1162022534793,1402.7770785529049,234.6541875454449
101,1187.4539001727542,1557.2623693124876,228.05665825933553
101,1366.9431463547373,975.6932926601232,255.41960982953273
101,1633.684154701131,1239.1108777315615,287.1890518292364
101,847.8763056961499,2203.149547079901,276.03182137303634
101,1164.4313723257242,2009.802025796461,268.1726398547919
101,1475.0921380251818,2296.678542573388,279.6834311432689
101,1650.2484860026464,2263.6736627708497,248.14693269298223
101,1135.3562799582676,1943.2097231977707,251.0227200655086
101,1738.4855526327278,2028.1014499278533,245.9600362647117
101,1426.9627018641193,1739.614952559949,222.49277357543022
101,1620.4899133622487,1830.3795187879598,220.65696272582605
101,1403.7568881819532,2062.761119947705,222.5634749103642
101,1408.1203602318374,1774.3618912243687,211.1818788699127
101,1544.376521877729,1449.3829395641394,235.47265763999198
101,1447.6159811902792,1391.7624504746432,241.14676162980325
101,1270.1890013888185,1366.6973501651657,230.33808040836757
101,1560.426793723342,1621.845224644875,213.38510180552643
101,1352.2167634505895,1127.2628173963715,200.06344654898365
101,1010.3956186876393,1500.8283975157963,225.65050034610366
101,1423.9262664055123,1595.475905387447,223.01123701809885
101,971.9915341958489,1416.7819148671483,272.4554511430713
101,1417.2949254692187,1224.4213885660247,219.43246960998468
101,1187.0207277496122,798.8077983335393,220.1200145912704
101,1460.842310785522,1115.6635166452918,221.98041660031654
101,1569.3761877013028,1185.4051418774163,226.78864206898524
101,1302.5414119727973,1097.990696798642,227.2390323669106
101,1410.4773118136277,1351.6041747469649,231.4278514801177
101,1474.6195643563358,1424.9474582507398,234.65197210037022
101,1322.5664641749186,1322.6401313571218,245.5501610743065
101,1200.4463886313945,985.0781457912215,215.68272296557265
101,1432.6458839737609,1239.3403233563517,213.91826249110446
101,1158.653956010386,1159.5060254022944,252.53840152541588
101,1316.2557489538906,1327.9384539987602,268.6975693718447
101,1316.5247794811992,1248.6843388407522,229.39037881275934
101,1292.9117207053414,1371.7820156174396,221.13906719605913
101,1230.4918326854834,942.1331298398634,244.60504166428993
101,1014.4681059118678,1421.8629060083636,291.24065743095014
101,1306.298881229876,836.6628328129268,249.16124632246513
101,1076.7351704097418,886.6229980000496,242.63477084700608
101,1220.192430438123,933.8217587397451,246.5810388593251
101,1035.6054155873423,1477.4441399980892,223.49225278646318
101,1023.713805216891,1226.0719980911406,211.63047974398805
101,645.5335692501457,1121.747648285996,232.53944703196012
101,872.8094067203766,956.7415971962914,227.8029179180635
101,947.465603735665,1032.9375124854535,241.38855947251145
101,1061.4584129894888,1181.3540978204635,297.60114520139564
101,919.1409338094289,935.5459720120666,256.01840474943117
101,718.8084830569851,1229.2201745488462,248.0855307622799
101,806.1127360049153,1393.709875801868,246.33839352580847
101,641.6990549803986,821.7076653971117,273.842602521937
101,996.9494596251619,1016.2291671650673,248.02228189015162
101,1019.9924752578364,1293.9191162720876,264.3810473105999
101,1105.117855158849,1039.0037366539364,242.424508570702
101,823.4389249466057,1604.2631153838374,246.96398787912065
101,703.4557846689943,1743.4401478616483,255.41791359158574
101,827.437017824442,1644.3071204960977,245.25275445604805
101,1042.2419493042078,1479.22174622221,225.15362062926872
101,1008.9040155710735,1179.3595324398077,204.35313937539914
101,777.3656037043726,886.5224756519435,245.82350537459664
101,833.0907056480609,854.7908388806575,227.6637554590005
101,994.5320667153761,1013.002897629887,251.03019353440047
101,591.2538591975406,827.3650510856833,219.92592297776773
101,736.5548329899292,814.4776979234041,203.78500357491632
101,989.5904610976503,792.0343816119282,230.37204046451464
101,791.0636585320934,634.0272638561112,202.23551540075366
101,1134.7268358265737,1803.438059969025,278.2760497910406
101,937.9736803573775,967.705710441475,247.6874662168478
101,698.7699796360585,865.3841615724382,195.70975478549784
101,756.0267157664263,1038.4114153148016,218.36038144713567
101,1590.9257756536424,1239.336099865037,243.13240892136062
101,1237.6529162520458,1317.0943437388753,233.70176515742972
101,1645.9586208264177,1407.5760824400666,242.53773957708276
101,1698.7758459252843,942.5141528019496,245.30172097631228
101,1565.6420491568904,952.0190559493922,232.15008789917314
101,1718.4872138261233,1255.5377280933385,202.84658597722878
101,1292.9215536837366,1498.4361135599493,246.09802596660845
101,1456.9664362084188,758.9155313050396,248.1448015527184
101,1338.7019395740474,564.0430563336637,251.30727627829972
101,1568.7925935611368,977.6971767752509,256.9208623600666
101,1673.811133028867,956.5475841342609,189.74347933160666
101,1756.604202194709,1227.6028862673786,246.76542113383928
101,1568.2042632596683,655.1431295333839,217.87610242425902
101,1505.944433216057,880.0751345481312,232.1881815641568
101,1079.9045580359336,1056.8781476985703,239.21836344274774
101,1711.2396606556874,554.3925474809805,217.20925311703715
101,1444.6871565073159,1429.238880215377,216.01224733257018
101,1273.2047397302651,457.3344988112394,208.63306144470917
101,1392.5650652002407,836.6125883914115,233.26129042841282
101,1164.7682448130438,409.049934864373,329.31364665146486
101,1174.4466946833688,814.7525559075127,250.74499432672738
101,1703.6137541699823,682.2178365117304,251.387414258652
101,1694.8658603008819,533.1326355431937,237.76800212162092
101,1431.1874746426417,602.0964056468536,228.3227868480437
101,1525.2900482952455,824.9767832204534,256.03610605365384
101,1686.5115200284204,644.3658268423817,220.76608478090478
101,1442.89932174099,669.7617114977363,277.0734775376559
101,1421.630203520346,685.6925901187913,213.49299186618802
101,1434.6661988165263,705.2037830274686,266.2478231080762
101,1388.6663356270694,616.1550612490948,250.71629864758884
101,1069.8810598282528,1035.7246670867771,299.13873684625116
101,1165.0014013783696,1140.3826530863307,212.67862614158085
101,1280.848358785471,770.9103234813724,216.10838380563186
101,1468.086743533548,723.7691971997367,215.2207062420886
101,1162.6982843787566,905.8355793201581,286.67968014245105
101,1474.361075125189,1371.2458470410547,235.09811659770733
101,1633.636260604043,1295.9068816945553,236.65852294895186
101,1735.467078771831,1409.3705156284218,267.2388202942452
101,1594.8960058153423,1158.136949172378,272.6827920115942
101,1581.8481813096582,1118.6453459641698,265.10680246159984
101,1320.4697165545633,1292.013265338694,244.04482091975794
101,1107.6644070442533,1550.254905089766,219.19001182099552
101,1103.629550617018,1850.2984599738659,258.3826654903029
101,1503.309385264194,1422.590735397307,275.4150147881893
101,1310.719334033554,1473.8641178877833,263.26395692270285
101,1430.4212547530276,1686.204920672655,221.988870712406
101,1449.8451792978374,1774.6571498759715,244.8327604025055
101,1588.0438099734906,2050.0428197345145,236.72274143228398
101,1458.9851963712902,1778.3087282427514,220.43736493588884
101,1307.0599659885315,1774.8962778746095,245.58516103250875
101,1482.4165130961765,1678.1767430115317,194.1085415128188
101,1564.9622620831622,1613.0972371636979,269.1703067620675
101,1429.900436416409,1344.228666505229,203.3691411872612
101,1254.1161402408059,1863.281126298433,238.94372399973642
101,1201.1889619990882,1160.7071725028743,255.77214658462574
101,1535.4585526133712,1316.6899796873738,249.5677754660151
101,1427.415109993877,1252.9848401823185,206.25649187594743
101,1310.4833165644457,1336.929781755833,212.12736044661594
101,1330.9810844852047,1343.0248961669877,267.4454471887501
101,1339.0850568740677,1283.4051992129882,233.06693627507244
101,1350.7298793589905,1802.0165948519664,278.407481873268
101,922.0146914291937,1607.8319290787576,258.55401247914995
101,1172.9208294872917,1363.2073780187136,212.5488983945916
101,764.3918101474769,1903.1871353236459,217.83449413028453
101,1344.451797657621,1542.7735201365592,267.78107587314605
101,1144.6503734195142,1260.5191785617358,237.3140758630282
101,1053.6018448220323,2202.9495762347688,256.46887378509336
101,743.2681608077465,1778.244607683894,230.85266690278402
101,854.2934163302547,1797.6119369020162,224.53441815290662
101,789.7893171921127,1864.7776688095148,248.80284681634564
101,753.6685612198353,2022.4830381420277,230.25425687227224
101,1010.7761169833713,1307.6533318571812,236.95427010830994
101,835.9430767394916,1287.7052458022138,290.11904559026914
101,1099.2134580600632,868.9592122708459,226.75653794884838
101,1060.889739632588,884.8794272667026,267.6271077393096
101,1256.8814923165817,1062.6582038604513,222.9915132671541
101,1178.060410934231,1222.7325605411777,233.1125434953074
101,1353.6937668085513,717.3633242519265,218.27769395472498
101,1199.6944481075327,744.9584256925514,204.50314276019796
101,1080.5304052895224,531.8360484485801,210.08552061094477
101,1297.653379511273,793.6172253044595,245.87213465326582
101,1180.8343022099632,743.5664103968221,219.94049194974625
101,1231.2563922996135,840.8097095799717,280.7255524827409
101,713.5686950903793,1077.7304659564438,212.52114020414214
101,1095.261467420615,863.2720029800253,214.23555873399502
101,736.249144246551,1339.4831332885503,242.0758564425919
101,731.9761768443169,1457.7678137200312,261.3296459182086
101,733.2754654226378,1466.4732003978681,251.71842093291863
101,927.2086422550332,1236.7608435143964,282.97135118447125
101,877.4774705497399,1327.051755620708,248.72605912520922
101,675.0126929241677,1417.5395349515468,245.28276209006205
101,660.3047871502314,1155.8862484091271,223.28707868234287
101,938.8316201618412,1248.9096060511727,210.92190744408182
101,967.089735564571,1147.6428884191812,201.70903869677497
101,820.5689224672013,1214.6662820631775,238.46917795587697
101,996.2094941514512,1222.6302409839234,268.8543584385884
101,1453.5589000563014,1055.2491343832946,194.40918256003786
101,1439.884290096064,872.050074210721,213.85281236858575
101,1440.0784667728465,1013.4105696962429,214.28038263750832
101,1394.621982206866,1293.0977120763791,230.57335100742395
101,1595.1551712015896,922.6956334895306,216.60201411195968
101,1615.2881554722364,875.141846491232,229.00229239181303
101,1467.2484752648695,1140.0283621754566,238.08031892841885
101,1490.784886710255,1075.3910884825616,218.8893015094529
101,1058.0972011149856,959.596549455727,207.70042764937872
101,1006.760098604398,1062.4278704758729,255.9473777601264
101,1051.9188962076294,1044.6329424415537,235.73275191554902
101,1100.8340244284725,605.9421300029642,240.15648339569643
101,1371.3965373531812,918.8732479381615,242.53718303890153
101,892.9431972034607,763.5648336702875,254.54863883722138
101,1289.4828803746684,943.5890865107804,246.59940205161226
101,1081.4424349747815,667.8147962847636,244.1203267013117
101,1153.4372122249936,831.2543867510037,227.76363760422478
101,1079.6568073684846,1021.7866794404952,234.17056387258603
101,1031.6987951935503,516.9992173566867,280.79568303464725
101,1055.461025729329,752.9987155846629,245.69211166352383
101,1139.5206634794129,885.3207989881621,256.7066958235922
101,1030.3130492422295,983.7362190121164,246.72616048580832
101,981.9990262196669,775.7271830227121,259.94270225988066
101,1085.464626630748,602.9065250013565,285.71950301420134
101,1074.9547174165211,773.7127133527371,292.5743263420827
101,761.3673427295145,945.4201821478794,326.2278088068356
101,1035.4045379655593,621.4416207285782,219.59259298444866
101,940.9720809710192,774.8583494034477,244.70492872466227
101,946.088666874136,865.6535093266609,249.24766676442673
101,705.0761431602415,829.1126617753473,278.2125938173557
101,708.218971743107,1038.498117495257,261.60096067435336
101,922.911924928739,818.6327015601817,260.74404556978004
101,730.8619173939668,931.9635424110761,234.3412695095664
101,641.8397686503649,866.0305588853014,210.71880239967064
101,873.8277092954032,704.9439120239172,238.00975077112494
101,620.536031979994,198.43344617457024,254.57405582051908
101,651.7177023474386,521.7098254744998,274.16655497513227
101,610.2152914125372,567.0770658232149,234.52239124903022
101,739.0958516330255,658.2949770229621,228.98721613810633
101,787.325772643608,810.0393207555476,238.16393956135968
101,813.770421732656,882.1258447661694,240.28917174045355
101,722.7656697910235,887.2488529791456,233.25682604343288
101,735.3450167783209,875.6587731362267,207.53138053260668
101,826.1874792411403,803.7639937361494,211.44105947918635
101,801.9168442282956,747.6001444579624,247.96612363352912
101,721.5858846171933,722.354689811197,208.63353830869656
101,726.4209882487361,629.483677255076,241.5854777149714
101,544.8932447314603,359.60320287608056,234.90663606033033
101,555.3444488056524,417.5982329792582,268.01073791048384
101,493.92743167037474,352.3920423669989,237.41294809842876
101,519.3035709263773,268.3809226379253,226.22043274087545
101,467.5663342278507,473.80238947085286,240.01228097045194
101,419.4537210965568,141.40643767570782,273.50937535639855
101,346.3271685456665,137.533069227341,245.63406894418884
101,381.41344054523825,312.414986276807,216.85440276887968
101,295.43563069916786,658.9024089533764,254.937738193591
101,383.1905894383733,613.0711034684361,228.69401861283396
101,327.2514304989646,453.69559724692556,228.20705890313727
101,339.0188901383866,339.5182880292148,300.5397962108756
101,361.11434470747986,487.79930880101654,235.38560194222882
101,354.06550064645023,389.6356991813749,231.14519047005112
101,365.29343917969584,460.58420702787225,221.01087773172563
101,340.02110050812576,222.43425309034257,286.2917582758564
101,312.57295652154096,356.09084831085784,250.2313216066278
101,256.1665557634175,387.43330681890905,217.88656108901094
101,318.62192404465327,434.4642208704554,189.75092485568663
101,328.7031253905917,248.11658551489882,222.1340814515598
101,277.45781174550734,392.4410532867637,127.26672503695332
101,330.0776326475542,323.1980794376909,129.49194090747102
101,306.2057896213954,277.13326882690797,98.51866595569604
101,337.6232671250747,82.03030611168504,85.06726366029432
101,326.31468579506475,297.7125184708782,110.62360902707545
101,375.2448991887858,488.1688126819719,113.51388838704614
101,346.93185724676994,390.19980999673794,129.89079669496962
101,346.4722288009714,432.03315798275594,150.35441763874869
102,1022.063966103986,1695.9610795625772,226.07290063554748
102,1910.293412188477,1732.7998862638622,234.6122036602463
102,1067.9331016844828,1815.4875133810135,251.28400059413266
102,1442.1122692617964,1961.0190844582942,194.19069932333034
102,1123.9714630973413,1917.820135145146,206.80111342019856
102,1082.961784399611,1924.3988385512819,217.92625685766077
102,1343.4683202233512,1951.9667726168611,217.7979213500245
102,1348.3260694091784,2179.039722167504,215.97146111629948
102,1645.6729465541537,2064.931568459104,226.1630540985856
102,2017.904976034373,1705.7682231108147,225.77138466738094
102,1309.2970784039214,1883.797418878891,205.1834479979726
102,1093.2972234369256,1926.5897779149843,236.6187007692794
102,1734.5761207518744,1719.6309964497102,194.7845458559411
102,1421.3151013452427,1973.35236406102,189.22009194468947
102,1252.5899115055638,1949.6374360343,224.54945871998407
102,1299.2551812971267,1968.3045444667584,225.6173332628742
102,1373.7048545839473,1868.893810716136,230.1303350104973
102,1251.1922178544287,1903.378571514423,216.08184160061793
102,1153.7168700788302,1909.4135493265187,203.91276407057543
102,1087.0578679459825,1791.4469376138452,204.72393104862422
102,965.6157497387347,1800.1123811633806,225.97460761574175
102,1026.9269397740957,1821.678542831177,234.16020475810424
102,1265.7762874638338,1736.8796020534144,214.5157178175343
102,945.2510305160293,1750.086339005581,238.22701113508012
102,1266.9570989238641,1718.5972134753213,233.2798197752742
102,1007.0458520733549,1825.9677793452868,216.0611294809684
102,1376.7685160417489,1865.9616596409494,214.25528831808057
102,1235.799305454021,1919.436294226846,216.54881426859473
102,1121.5630109179322,1864.2371616294124,203.4466403873296
102,855.7253239420705,1884.3727515290655,231.56441287887068
102,1218.8728027363393,1928.2252469945304,212.86952881862365
102,1015.2017863379541,1918.6705746109435,227.91454540309476
102,962.8002595299375,1864.3499179787489,232.6081980611647
102,999.3446995623966,1876.0936200885583,222.31776861967646
102,918.0149547267555,1803.050947796524,241.6526909174958
102,997.3649922977987,1737.5594841131058,219.40738286034687
102,1176.119590769389,1833.1792014192986,227.01097659132697
102,986.0529497215447,1820.3088604987554,211.32667813435566
102,967.4851002945624,1818.2440945378123,221.27976647083958
102,1186.0109317767615,1815.748278460583,224.13283666515954
102,881.1598810742634,1819.0809651252341,234.2480859251567
102,1019.4717780408383,1934.648885243326,236.88575576021262
102,875.9580405640166,1821.824468736672,209.49600561051923
102,1043.3600200961387,1868.8067646638135,245.48177656300876
102,892.0918303191792,1911.8137111054482,220.12333881388466
102,1030.5223538112843,1955.3366609727407,230.60720613853297
102,978.8636937204409,1516.98796765037,227.14930558670866
102,907.1970737651901,1859.5666171262221,228.23791300954642
102,870.3748744530068,1802.9144609780844,217.182642602119
102,955.949148879322,1754.3639178046735,203.64588824524665
102,801.1077315780038,1602.4130015389635,206.3764272978901
102,897.0333094290248,1753.4912409423043,244.76226057299712
102,738.9545275936061,1611.5333713953266,249.4821925080681
102,753.4759795782717,1741.1753746699167,214.63719175161063
102,710.4146014053172,2078.0464803061423,230.38819400596262
102,803.0671456393032,1814.5125629575498,235.66910946417866
102,706.8131881434057,2260.571177850191,211.6144867118903
102,692.8305020770362,2129.674158992935,241.36527054501826
102,785.7958262339959,1710.568421546601,234.76235554107907
102,723.1695385616805,1659.6664867365894,213.6516456069829
102,795.4332591733679,1714.103643462073,244.4407850981407
102,641.5139204267108,1584.2841598686764,259.14689882264236
102,801.6042254792638,1724.3730276177841,219.39801457765074
102,811.8560691768693,1754.835858424499,194.83327335710587
102,792.4399075120531,1966.7730487774331,246.5932192646978
102,649.79055706411,1899.8544320576118,234.65069024286058
102,658.7607912051652,1900.5502626038694,248.67106732479684
102,377.28462704187143,1684.3920883013186,220.7068617324595
102,731.5061123134963,1801.5538980610818,229.19188659124754
102,644.7855506315021,1814.6250202346162,225.01575168042362
102,424.00440932457843,1714.2850094315722,217.50201112427678
102,489.3305661453247,1815.8390804638886,222.69565856843033
102,241.1907045014975,1737.2775055017262,211.8286722867525
102,619.2473141961747,1801.081618696134,257.9707865109199
102,266.4578351939748,1686.8880584923202,222.82869063008215
102,315.51299121710724,1693.9906052900508,240.37512991933076
102,633.9484411158783,1870.0432247957635,229.4808154202161
102,242.13358547154976,1863.9612262615312,239.79818468334904
102,263.37467311223895,1605.4413859835042,209.01057235262007
102,1879.2931147843922,1612.9547588981966,219.1852590106253
102,1926.1020257184066,1633.4287155021104,224.52418097090347
102,1058.5974253245656,1766.3083309770439,225.83309257323535
102,2474.0328117607805,1543.8359788765472,206.6818221575825
102,2160.9707303416703,1702.776327009103,220.73281652474978
102,1730.971475051053,1800.668727302042,239.03343223030865
102,1575.3569507817324,1932.5328100775166,216.60551370038215
102,2213.500781127957,1782.979018328728,228.16836215454234
102,2363.159733519982,1668.7831136119396,235.4712267255007
102,1960.206453298262,1794.105510804096,254.39388210114018
102,2383.5813879682187,1660.5000309079458,232.1354258611648
102,2449.793405930734,1506.247227095728,247.4055286134645
102,1403.5393976256014,1751.4322907735316,229.20354303072557
102,2501.9783369971415,1642.8670334184785,214.2355216890438
102,2624.2431002587396,1486.2358489861033,239.93544889836036
102,2080.0065373117563,1632.766792179106,256.6796077645298
102,2385.7168788802014,1509.5143245221886,244.00044807142044
102,2198.045265125547,1443.0859499094345,246.48679857329083
102,2351.267648997555,1533.7686538974308,233.78723755107532
102,2047.1357875711435,1611.8214367377539,221.20971608718165
102,1818.8306631943544,1634.3590728768136,234.03568990825502
102,1987.1470001623932,1732.1962645812835,219.90407658618162
102,1869.17702573666,1636.014263941517,234.29802670868625
102,1764.298740249988,1845.4564560883275,217.54334794144208
102,1893.4187508274283,1589.5063950539156,240.33796509953638
102,1011.243099387022,1712.2300396133533,225.1003624955405
102,2023.5455662206498,1646.752562136198,243.53091623029835
102,2061.15509067646,1634.5885238690023,217.441346767618
102,1761.7380607820621,1553.5110330940504,251.73793616148092
102,1863.6249071372133,1624.9456816232619,254.1594832051255
102,1918.3234809559956,1653.3761935215189,231.42553890927294
102,2046.847653752665,1669.871284061199,223.08011730378396
102,1922.710210270721,1695.2811654594282,210.72551142706098
102,1835.2720531043572,1700.467205270593,229.98593796118357
102,1204.1361487164374,1822.5948697491283,209.66494427365828
102,1208.6830514429819,1739.9426371103484,237.28636357858673
102,1669.6420733258292,1752.7023760318677,212.29781209619912
102,955.8083576130479,1728.0362280507882,221.25303708339638
102,1805.5753882361116,1620.7299650077084,226.53335580374184
102,1981.3983425342633,1511.3439556873002,221.81999168305103
102,1890.402791764763,1566.4726079370037,236.5889062427353
102,1818.6486392223499,1551.9325213555935,232.4689234559609
102,1609.970966471434,1781.4587271683786,236.45584168463066
102,1682.0986811132393,1701.7002077608897,230.38003466045265
102,1994.4557087237347,1589.7182274850506,216.84852179306878
102,1761.1444104649638,1555.2678744936732,228.37637435704383
102,1932.917916486813,1509.0631191664968,219.06221167185575
102,1103.9008442522565,1812.3975948169038,208.47321084196537
102,1820.6720616814648,1563.205438698866,226.95375396784132
102,1865.065218087647,1611.7057705373,233.30951978673173
102,1370.3244381373147,1694.587384931512,239.14926940668877
102,1508.1943540797142,1800.1298257742362,253.1628817785747
102,1191.5144873145746,1644.5783654790441,229.10422326725407
102,1190.0025668809055,1906.960799656181,211.42765699313915
102,1788.910089261369,1663.471132331613,226.19909263197573
102,1686.908301267286,1656.0933566479453,266.75269956463967
102,1605.5666480343887,1519.0748876567482,239.79945843164663
102,984.5212360058764,1731.583287734991,209.45506003228766
102,1304.3543229887389,1693.8876488981357,246.7162954431752
102,1483.1031923415103,1618.8497190080109,258.65824562641694
102,1537.8617798644427,1749.1111142100126,272.68558663501074
102,1549.5797316832657,1407.1652297506082,260.9178226006238
102,1568.8544888192944,1438.3424381619623,254.92191122301634
102,1003.3631958882842,1662.3799963366553,228.5704089661535
102,1246.8298204792861,1672.5623682954827,252.28617377057284
102,1446.4764952836265,1701.2431302508746,236.45384172823142
102,1171.798552159333,1619.8894859073546,231.64935751576613
102,1225.2866827613966,1535.596680028644,237.25036008080733
102,1102.590706618126,1514.7487472839034,230.41624843150103
102,1162.8182064701202,1564.8606824063925,224.86684258625522
102,1188.9325627854703,1174.0577921950055,228.71983825092624
102,1070.8734658924113,1497.295080336812,231.58153857804993
102,786.188344772121,1380.2659834200604,215.82984163453298
102,1095.3020700016777,1514.680691843894,237.62287871221375
102,1061.4678626861705,1488.4922156540947,228.6353131800723
102,737.9550635526195,1491.9483894116504,214.06463424605434
102,935.7661382731077,1514.064142915029,221.1449584053237
102,1043.937477929093,1501.237732334954,214.50486650568897
102,1193.3711607572461,1389.874277001193,208.00784781532607
102,1065.7006087811235,1305.0307326842524,248.4887966104204
102,974.1873571291027,1288.2893058715226,221.40224921950423
102,1028.4373146376959,1425.0132996843815,209.49159742377944
102,1060.696649434502,1537.2904894677936,246.34142510153342
102,997.5174029384021,1270.6544473819665,236.81393652524807
102,927.8670995671472,1476.8567845725104,214.42109708763158
102,922.1020213367202,1352.1469835198534,202.64346570681087
102,799.1315242385948,1501.606211973776,236.17106666169516
102,678.8311862757836,1323.593149323616,259.18075240171436
102,690.0054130839475,1355.7945406420774,226.70589669748344
102,741.2668122414626,1542.1956828697441,206.3148054402824
102,650.553695336174,1409.1649542638966,249.31232738607966
102,822.9902572967006,1484.6086507425568,221.6697771315775
102,630.7296438275081,1485.6796023156746,238.71696115554167
102,702.2844910620679,1569.7808096807883,225.48005166118767
102,656.7457845889751,1443.168967736752,234.8686540042195
102,662.8533297779019,1490.7295549933112,230.4131052043538
102,531.3240833496021,1295.519178873543,234.76911809344122
102,756.4260563214882,1277.3289509985752,227.2059846635096
102,487.57673726805706,1473.0480477146082,254.72833963471513
102,721.2986684949353,1091.707674238157,228.61309614444767
102,490.6095668422968,1251.8564369433154,235.34870765972548
102,375.43677424111695,1289.2451231083605,215.28543081952628
102,629.965237202112,1289.2451231083605,208.25510530201606
102,596.8961323440845,1189.6078130260842,249.63795023562787
102,535.1519922354971,1333.1453648513923,235.0532246323942
102,609.3679263245607,1168.0259927887187,234.05168750904878
102,746.9981205330365,1422.9568208672692,236.1407573179055
102,713.3576221148172,1262.983625124108,222.85374749924713
102,655.7929319076533,1216.0063468590893,236.07202109151464
102,583.119656656365,1392.6380172958243,208.1080513547602
102,663.9835833831522,1150.3890679729905,233.30317592124257
102,500.51553743890804,1233.9293407861358,205.4291817753427
102,315.0251018782577,1396.8717857266797,225.6415880978876
102,435.9521528312745,1066.9950413091801,202.19547446309096
102,351.19246050270647,1303.317010238977,187.62471486014547
102,393.32437357058234,1370.8696534002834,215.2233002839516
102,467.90822548295966,1261.5778095018106,211.97128496072966
102,449.38080740108865,1012.9569844164564,226.00811419444804
102,2128.594679059143,1153.2892320481888,248.47932957474737
102,2164.8141970861434,1322.2892482993955,237.38328278283555
102,1896.0370163581667,1470.6499169759009,248.47448116597607
102,2192.445141881021,1445.27983755733,235.83105961374386
102,2274.0894691765075,1138.43817954265,215.59593870579462
102,2019.9765090269673,1280.4245197016241,245.04491127444024
102,2039.0530828202075,1104.2862526116276,240.64195419856193
102,2027.288376134595,1371.8165897356523,247.06569894297817
102,1160.9399312116047,1555.4955291448925,227.46180141307966
102,2185.6710158374904,1343.5558354922075,249.40819850223906
102,1866.8418618880344,1427.1354654913032,227.168551664533
102,1847.2188638706186,1520.35369827227,248.4562814119436
102,1955.4187349576916,1461.6665872598244,231.82126315511513
102,1909.1264758689028,1498.7478643245247,239.0390886634984
102,1303.7244886015885,1583.0894841192153,239.99531547961956
102,1152.4314397922226,1492.979807178332,228.15876277867451
102,1747.9279408855284,1327.7912698848302,240.12967780371375
102,1667.2918608375028,1397.4496821395574,230.72851728040106
102,1662.0133077431071,1451.8441106310668,218.89309045756843
102,1635.3941752627973,1231.6674440468034,224.61902306947994
102,1844.6260389228921,1395.1187413814043,260.85507143167615
102,1620.1797561479923,1285.5047289371764,230.17111744485325
102,1853.8114400553775,1472.8410049220638,255.68035590714103
102,1555.6279850235135,1470.7986083462195,229.4143015440981
102,1578.0438587986366,1390.3894457710765,220.4599186096115
102,1616.3689754646718,1322.8912803975998,237.49195734345207
102,1795.1643335330984,1435.2801536467261,222.1345199033333
102,1735.6808926945905,1329.4599549644747,247.79585359036062
102,1818.921951408401,1457.0980292617548,208.1739593734969
102,1871.3033461155349,1245.0491262606715,222.6367009341757
102,1340.2316959312664,1494.5058845669475,236.7360801979847
102,1741.8435844861358,1517.8534678272988,217.78749521003758
102,1723.5606650601283,1439.5131878437144,227.18206348338177
102,1230.5758546841873,1135.7979735478025,228.66362390260682
102,1474.7148665819152,1162.248827671199,225.13304522479493
102,1610.3683999192333,1249.6761872198178,265.71616605043016
102,1544.3104733715875,1214.007755597008,238.39450158414346
102,1379.0049906635882,1204.7851808441026,258.0253027377854
102,1526.7566069113561,1155.138031971978,267.29816704484426
102,1404.9578909891386,1044.8934670357492,258.8282092301812
102,1308.716682872559,1039.4853736934435,240.65777255626531
102,1210.6588847997473,947.4306527782644,231.26191672124688
102,1134.9823271355233,975.2256437319927,256.8065765078387
102,1298.122037309871,865.8575331621564,218.49801408740254
102,1393.0384555659816,1161.0255974817678,244.64104235477166
102,1327.424749215451,1169.237082894656,227.3025746832213
102,1405.393375833368,1061.0206283020636,233.5543999898131
102,1237.441304298495,1041.9623684355538,225.63787513377432
102,1218.93400669162,1196.3867527556995,230.48154661126605
102,1162.8058116125292,994.185249040758,238.50471076471027
102,1251.9825004241095,1155.8059179529998,217.23382297154356
102,1017.9616594958408,1199.4016926809966,232.05524157313718
102,986.4998948225219,1212.334892184019,226.0116809781678
102,1080.3626601974918,1155.2640264654328,219.06203485169416
102,1071.3868204198159,1397.4031901344702,197.35024761727178
102,952.6652608636663,1516.0387557526803,232.0215358255074
102,1093.0350772730126,1523.922106242466,224.3529236363842
102,1068.2059768246859,1561.3521952249005,225.16049718147613
102,1150.4260724885035,1609.5879762781422,221.23588992356449
102,1044.1936367884675,1539.49581214775,223.45366804327423
102,1133.5442951150733,1585.1708128283606,234.8148358759046
102,943.1741176476056,1507.2595070027799,224.77268339896577
102,1070.4751704869302,1523.7771586160995,217.29782254787372
102,896.2359112701557,1452.005939818964,208.83636831045058
102,1038.3881602838217,1420.2847603377977,201.87834509971609
102,915.7009012819816,1525.8189629601845,227.62156145550503
102,951.6119061935086,1465.9507796950322,231.88702634946398
102,1069.9547132382352,1559.6004118278252,242.79124656848333
102,958.467059588076,1515.8861686227212,236.13090972445124
102,900.0337528697072,1453.2551822387022,238.67006519784977
102,955.1362992382846,1457.9702959487945,244.90679145560202
102,919.3668838787961,1483.003380046792,244.7481531428057
102,892.1566692280129,1442.844929893941,216.12933934469382
102,977.7444983616998,1517.073066490444,229.41827637228138
102,997.3884943648806,1490.9459313965297,213.7333518638748
102,855.5876458778483,1540.1203204425785,228.2755689418187
102,783.332106257098,1425.3390214299577,205.9732489516857
102,822.2978518338037,1652.0453930637611,229.376599272194
102,795.805689478885,1400.4861836877956,255.53323342646362
102,975.4541235091261,1572.6982969640999,251.2055483634638
102,643.1984442846102,1437.1175139608176,260.0509488763588
102,777.9148369375449,1495.3832588475996,222.24929135758967
102,837.4819415001717,1458.5280725989517,238.49973414634619
102,887.9637057017197,1321.017285637772,224.39922957960962
102,666.1246952590902,1567.550865513801,244.93170603059642
102,772.8371080114862,1322.9011878341182,239.16462501776508
102,739.8593837219241,1489.4644730919833,265.48720255271746
102,713.0530072556741,1322.32217018633,257.8036860312112
102,661.5388868458259,1338.7391076868207,217.82416372578936
102,877.7221271489733,1651.3952219649004,246.01083345375062
102,840.1433770127954,1642.3504472024372,222.2283667294969
102,739.1727462624278,1561.7376209890056,259.01174412034914
102,647.115483143546,1511.441447143831,235.88347536693576
102,780.713317628538,1527.3008384018829,234.76172567494652
102,606.9170525517477,1646.8339984853728,214.6429577083368
102,760.3553635308803,1630.7007590710798,203.40412340414062
102,378.3139210138163,1487.633997448252,224.35592980264872
102,711.6406329683911,1780.101299932575,246.26138301230893
102,744.2511863672767,1433.5000725388106,235.0882298268646
102,601.8472041421569,1503.098193693091,220.75722328306423
102,718.0198224295506,1405.6037586465607,243.84716113523737
102,680.9573543811797,1359.716398343645,265.8491433234917
102,482.54554715088875,1572.4916258184421,244.15028345158473
102,649.5487847530518,1353.6889896539763,252.57111667595333
102,454.16539979986,1483.230130614746,233.3454588548694
102,323.1698486488891,1428.4460624537344,217.12019670432457
102,764.1928243890682,1503.5948751046058,210.87739170850753
102,458.18225213648816,1813.6774984385759,200.4133977707768
102,559.1852595633909,1509.350067756283,216.65231468403167
102,445.04222604783274,1478.668937462062,244.9398168996481
102,681.074729075786,1537.255362590439,211.5353380307392
102,155.515456739433,1459.215188087706,204.9405498281735
102,1702.6761123833826,1468.4001735761356,221.21016817649806
102,942.2245220502249,1492.5733886580242,229.5954569750879
102,1706.1535944478605,1317.290479609185,227.1353012129496
102,1318.3070058705812,1480.992180065651,214.5367854431324
102,1753.9698514219951,1593.8545279197635,272.8898542054508
102,1636.8933435455313,1566.1440401411226,260.7769197276307
102,1797.58650291481,1590.5150926740794,230.89270418668198
102,1746.9929683760108,1522.4643111729831,206.14107666469582
102,916.683756742519,1641.5120772482333,228.56566426946566
102,1702.9620084922171,1636.673081337961,235.46591160937365
102,1554.682729912426,1618.022167058576,226.28191708096094
102,2059.07523720539,1496.538396975927,247.5761655560096
102,1984.452048944848,1490.6677235180857,227.52949195344834
102,1799.7665515940719,1382.7314067546802,224.8197357950107
102,1600.0364457211713,1643.3360394870213,239.76951517661038
102,1552.9504885332212,1610.9342384670874,257.23726511002826
102,1946.9455209561359,1585.8618443900189,246.3151443999814
102,1865.7724727344741,1596.9090189130027,232.95932406966224
102,1632.9969853744808,1525.2336676557477,237.5382581398163
102,1994.0031038926857,1595.2058918849077,228.99766683818748
102,2100.7466478534893,1457.8556943349956,219.1770125380245
102,1691.4347315459509,1545.692457595312,253.48378659855356
102,2135.251191523823,1434.841680320185,229.74156057395234
102,1851.5252942298996,1612.968679587033,225.66207814254827
102,1783.140331850936,1610.1628333309284,240.74959189166364
102,1938.8302030464895,1325.7846163553256,221.93033339819166
102,1771.7648082744156,1432.0447515866438,223.47339684720285
102,2104.074701037761,1291.7388298487056,216.17043698331722
102,1898.091336160903,1409.7536827005563,216.73045827290454
102,1951.296773481455,1384.1202649029697,217.90887906659313
102,1806.8917488247273,1511.3375839983626,229.67551954744889
102,978.5606949578186,1787.821763895733,219.1131785732023
102,1353.1141362908954,1424.756781221239,237.39270378584072
102,1720.5328657216119,1590.0758085336226,254.030323934464
102,1676.1125128838646,1829.3881581766198,231.62050995802994
102,1698.8073444503007,1641.9493305392032,239.28021072810557
102,1357.8353995620375,1448.448109336871,220.2018519605014
102,1027.6583895082385,1488.469003793092,238.95588978706982
102,1508.5424369409895,1472.9039325505648,260.6969978132928
102,1153.778224558938,1302.2129707442234,245.41987368141773
102,1454.5018119366591,1464.74143147526,248.06168406047303
102,1323.925755376142,1504.7992139592218,205.8293922572279
102,1142.942184422928,1582.4460048577653,224.28697624579885
102,1257.1721166205577,1394.4919420747317,241.8098257627099
102,1470.680967268944,1431.6649867379977,231.2725704556128
102,1459.4759349977217,1518.2656418675592,245.77577551214907
102,944.5586414734674,1466.044177504499,229.04238761374287
102,1378.9300132943551,1507.0615920179887,239.0389675528189
102,1312.9175270203734,1610.3804307233918,227.00397787343778
102,1078.005499928661,1612.6127984629557,223.62228426912205
102,1026.9651302676523,1542.7238481226705,221.56103574521248
102,1320.9922556333436,1398.3113853575064,223.74523779912002
102,1017.9561343172962,1594.9875852448447,212.1625320930198
102,1219.4172527481066,1344.1053275734548,231.15897323373767
102,835.4487755798967,1510.3011751770716,242.36051928287876
102,924.7225323026117,1483.174197996725,234.785894703112
102,1349.7613753910425,1539.422107141006,207.5075043569665
102,775.401532658347,1418.5251293453907,236.12400486003716
102,1181.5686033543589,1473.375699601662,244.1668011535759
102,1149.4907891727955,1527.4135890291734,234.6046141589907
102,1165.2602699334814,1335.8194822656599,225.84117996103683
102,1144.6696305241978,1281.469914233193,225.9263434602307
102,831.1905084565213,1589.2113608316847,230.63567613064114
102,900.1202533607078,1578.6003398224332,233.81301422978314
102,1000.4251877536507,1518.8173503833182,252.8223341164872
102,868.724392065904,1480.5210241290647,245.8994471887203
102,714.71574403159,1396.9639915386006,220.50831416356388
102,801.8533274287337,1398.49671680024,246.37404937055138
102,708.9445132867031,1343.2439148447068,228.30594394012556
102,789.9958105110353,1358.629854958161,233.16736848847475
102,830.4505142205886,1216.0553388260669,238.5148178738115
102,635.6626244250187,1269.2185683208058,238.00185323902102
102,846.6078092503077,1255.6476437411418,252.88662360385345
102,639.6111345905091,1364.9301816854966,237.40518705500298
102,636.9270927322824,1263.4369010975063,248.66610221012937
102,591.7945333168443,1254.1423708534162,228.1155507278311
102,625.95392039214,1330.8424160560894,232.17391619291132
102,572.6744627681896,1298.8311502058543,228.1397681370875
102,629.5253185515755,1199.7630579093122,188.79807756486005
102,381.43340747866694,1353.5555894978745,199.41672683030808
102,511.1870003029113,1354.458344485692,211.30283686021576
102,601.1377709373356,1415.4326366235277,224.03024594178518
102,746.8442789920169,1472.4584233009148,260.5599584478665
102,522.222625569726,1479.8276983130693,250.47005849530737
102,299.7223860998664,1388.9472068465398,209.61390513148118
102,343.3065567458508,1367.99774154566,240.86626603051772
102,416.4469593391715,1391.4508775762913,231.6049699838242
102,696.2774087903864,1388.5400241469908,234.45170918129796
102,598.8392237931231,1523.944506908083,223.16333342085633
102,435.5992166676857,1520.2935627161064,217.50340819756653
102,277.0156867634465,1261.055675094616,191.52902941543752
102,385.06282088342107,1239.233116938624,226.11261492485082
102,183.43106474489124,1349.3149148436191,261.35229619914094
102,295.34841367762454,1390.618927566946,217.0205385593192
102,313.16061443790284,1307.9421359068042,212.43592216967775
102,457.45495319908844,1330.8238857823758,226.22187385835414
102,1828.0992986114072,1469.16959087352,214.5809404990749
102,1450.1172097984888,1140.6025747165036,219.67406969722563
102,1874.2372638724194,1284.0707683826665,212.47661376059327
102,1144.1270676089239,1473.1745316337292,219.95176529162129
102,1807.7333582109575,1238.367826379313,236.30686702535203
102,1064.292713868644,1476.7780112635362,213.61051841935645
102,1798.8446510419801,1415.149765659077,212.49608199089246
102,2020.7928849689945,1325.532250285586,243.63945664171914
102,1767.3731588323744,1277.49111168367,217.44585663988326
102,1708.8144228722665,1482.8453700384864,232.58369475822545
102,1746.904196664888,1403.5450186676103,253.4016878987142
102,1284.1051632853482,1570.6283206034514,258.5235763264767
102,1565.102746349749,1637.2138272719224,246.64897743184187
102,1579.6038849817658,1570.8124720649355,230.08455198478876
102,1512.237293065285,1447.2426511546932,237.6706807976104
102,1958.7732251812843,1465.3411873435718,240.62514919323795
102,1802.5961773351607,1225.637601580243,245.49106789610735
102,1615.0955442906106,1354.0533902369514,260.2814251876621
102,1733.697419506408,1384.4911073653132,246.71417155679674
102,1721.9370559043596,1325.5444237476815,234.22447381895844
102,1578.0059704976532,1484.392558438922,238.65068943819787
102,1500.3333822785671,1538.3329599384972,254.8898552246902
102,1546.5822523041259,1449.7149614484915,264.5429102317464
102,965.1722414118241,1565.2512417994192,237.6072654421752
102,1658.6833815431953,1504.8457539341277,234.24990507086326
102,1506.3527519861127,1285.043596117805,237.71219033115742
102,1068.4809217101326,1238.3232335212876,232.19682526827447
102,867.0905486047205,1408.474416800909,256.39799717607445
102,999.779795376045,1532.9325361405258,213.24763358252054
102,1358.6932086639438,1521.8152261184503,202.00555910124072
102,903.8648743118928,1525.2519537888327,214.74185793258883
102,1423.6722965416504,1392.857037093552,213.8199209449215
102,1404.230419056705,1458.4455466768538,211.15929740254379
102,1138.7372429228762,1545.3114697547044,211.97669543236887
102,1193.8682590451433,1347.741807196124,223.56476928186922
102,1181.5373411900753,1309.0916839776753,226.66929616977072
102,1365.8482412927935,1286.023718698633,245.6318762212313
102,1135.680848711578,1153.5684661755797,223.52122020847779
102,1235.6447308593058,1216.5564700820084,218.5173848492049
102,1331.4904699742717,1180.2829240855579,229.41188278161658
102,1266.4251977046463,1364.4697554434367,246.69547755210166
102,1160.0888853013203,1195.0270542491103,219.37827147754788
102,1066.8671517934827,1297.2736852969347,213.44623150244055
102,1020.1686013739949,1511.365306071377,237.23145744197106
102,1135.8418073736254,1369.36141754178,220.19621860026993
102,1106.3007695072858,1223.23745181761,237.8112614061658
102,1009.6032557623429,1256.1989280625587,248.6167399790929
102,1155.9412104107473,1247.426244216015,226.0820934362063
102,764.2294677278177,1514.3993386521404,247.33255974793624
102,1050.3449597463605,1194.5041410714573,241.6846951313058
102,1045.8326964995522,1284.9373369609482,226.1016364226521
102,937.6127226467692,1324.9312172566104,218.2694149141458
102,959.2161972630805,1324.1889961762145,227.1645947326446
102,807.4361179671461,1333.3223306628977,217.25611775248777
102,661.5306509374036,1504.1409654295155,234.20334533701705
102,849.6206174012967,1319.8666982526154,208.54171791531573
102,971.1244914864529,1339.1557520755061,222.06123761273628
102,599.0642922792334,1352.9390420948885,223.5628180969713
102,849.4571059728584,1273.1983782365244,242.79659029782053
102,571.1070353093157,1379.719960996763,248.73658994883536
102,655.5185356442269,1284.9758527200363,229.2719429438637
102,935.2944616653546,1156.2756653125996,242.76828020709527
102,796.1659021388731,1282.5346080814556,229.33411973264347
102,752.6332667669998,1542.6254407573126,227.16745920078498
102,815.6801719730973,1217.047849445715,243.8479506881761
102,837.9668806355584,1421.5230510476256,228.25380521144527
102,621.2493147933237,1393.2157556848654,226.77226321601617
102,694.4123311276937,1314.5022443801067,214.7034889797428
102,956.6879239499116,1211.5087744654102,248.5537516969043
102,715.6415713720114,1139.1093013406755,227.63828021290672
102,723.0139122720502,1206.6854437050604,237.8504103632864
102,754.8542722905175,978.9259802434308,232.97077154717354
102,591.0121137875491,1066.488617923643,226.40328282664493
102,592.0261912097816,1105.6514671705452,224.55979501192812
102,220.08293523180467,1267.2004131927717,190.4074016626324
102,784.0079797255547,1267.1218503597222,206.45343723620485
102,269.4326755634205,1370.2240946519553,239.7527452009367
102,657.6365651510001,1232.2839376625573,245.06823216128052
102,448.5380009211159,1064.9309114490154,242.76932081480155
102,479.05554073102167,1085.3977938874796,257.1433552489716
102,455.58852174129436,1355.8414514055632,242.27545806525686
102,418.53638975687966,1341.9001330673284,236.74464784127795
102,575.0446852796334,1403.4451367310023,235.71965292816193
102,400.06201964275647,1237.6463192007457,223.69835786911736
102,461.0008442090435,1191.4982419788143,219.0834970749477
102,425.36043715282494,1177.1383115356477,246.19676161051288
102,1600.7566626528755,1072.993665437263,250.80689287141652
102,1857.4361477009236,1104.604396079503,245.22295430878583
102,1575.5028919907195,1139.9057782888842,204.37847914013335
102,866.5887993864393,1508.120132282633,247.09321946288324
102,1587.5326762354628,1434.4766559388302,250.24946161825997
102,1498.9343512191383,1284.5808168750689,266.4087709601572
102,1331.645362183517,1133.7451510227063,236.83228455775756
102,1001.2668823953853,1401.7830474537634,235.00890614051335
102,786.9952016637361,1475.8861910102262,232.85256353044704
102,1370.9554167526128,1310.0306424457988,230.2632557068292
102,1312.904772693869,1358.52553605173,236.08682626560918
102,1428.4706347641302,1311.1861248505595,229.9637257982387
102,1506.9827832801907,1220.511224398141,236.780747573738
102,1245.368681485619,1051.14086207208,225.56709799067178
102,1253.471952011898,1236.19434078174,233.68464305472688
102,796.7204308603624,1454.3133689762722,238.84021011000542
102,1109.2815860270055,1327.5892752719876,233.1443834261291
102,1186.7485147514574,993.0467043689462,208.972251807687
102,1176.0412091009355,1107.2545653008174,218.25150865338858
102,1127.164364008954,1119.7990074738282,250.09737729819037
102,926.462845300464,1377.202637846764,217.0416029364641
102,1196.9442401186118,1074.7774013113158,213.21254047417804
102,1060.9749016118635,1119.7448763466177,192.61386883821243
102,1115.1309500879045,1055.3550318278692,232.8909981258894
102,1230.1410600908112,1142.2982412456772,212.91796740415
102,1101.9039367230678,1126.1686175922412,226.05892693433904
102,1003.9361522472676,1059.18742019064,229.44995274861932
102,1148.1423812665255,1140.056581094171,254.83018039455632
102,1064.8899785846322,1118.9352573846634,232.1936542951647
102,989.9576528350516,966.9727383355773,242.84907946605452
102,715.3557226198132,1170.5237897429004,230.22975942184516
102,981.2787612853616,1029.1380773966787,237.2747890358918
102,1054.0038899714189,1028.663018643262,243.25671640962784
102,1024.3742373337338,1082.2423750629944,255.37671329588116
102,768.2816766923773,929.313630566161,226.37087092897949
102,743.205664511244,922.3732333909027,233.70735091672717
102,804.9613830100062,1000.3552926965415,236.2691073809963
102,1040.4419593714324,1172.0214096802251,218.25978914236063
102,1161.759852410389,1126.1609107592406,226.27030607214382
102,1151.3485689507065,1053.2457876405551,219.98670540973953
102,1004.4539500767436,1073.2638947808891,229.43695905507397
102,1141.0635435726128,1139.110031473743,220.6813356495634
102,1158.0015548752335,1097.2849148837033,240.83702034951133
102,664.0799935778831,1131.114767587362,229.79901321176558
102,700.0097188080662,995.3737477462121,227.33309766198195
102,657.004850282727,1028.4496625266488,242.6609299991205
102,731.2258358260225,1082.5098934919686,236.13306761229987
102,846.1656497631176,1238.0734232033867,238.55539457379226
102,881.0183724779994,1214.7791305970584,222.8730071132865
102,752.610126547801,1466.7656173536586,225.44361784170846
102,710.4829355842169,1560.924970487089,209.20949891765517
102,1176.297396099663,1162.0321643073746,230.30054839945015
102,739.6621986861711,1441.919248193746,209.66494427365828
102,694.5673123520069,1446.6985720335792,233.51074916533108
102,765.5434314139555,1465.7619844117623,207.1654900421062
102,875.2156746763693,1442.7838155818122,224.25303712809986
102,851.0653144154602,1447.3393833910893,212.6783652103235
102,556.0914701894002,1331.6065087035836,214.89365729410454
102,826.23094566524,1470.5184095772431,234.61339509154803
102,650.523287234937,1431.393174199615,222.2025022233437
102,668.824688236918,1489.5412598973269,222.22848699379048
102,822.9990473971976,1439.9351396207846,222.75254588598185
102,667.996577338958,1247.4424706986483,213.922674600575
102,508.83849488716623,1378.4002677931987,223.7743619879772
102,517.9416533985158,1328.1264030609057,213.85169905148845
102,877.07470577633,1455.7245637986312,210.54490484160888
102,526.5254651730434,1416.1161567600557,217.1918405705006
102,643.2608179490247,1408.2314875294057,228.58634729012718
102,587.9752432358903,1278.1729029040039,235.66575733466934
102,615.5731964004373,1492.5343995903656,249.70488106710386
102,740.005136446866,1361.6891936687573,228.00613670303974
102,641.2866767703848,1606.283097421828,216.86123022474047
102,271.65105422750264,1445.686093190062,228.68933849115533
102,590.0692626055823,1419.7221798393023,246.50971472968584
102,253.35236855538798,1320.1645764270675,222.8241109965396
102,642.5278788065451,1343.3999809786242,228.65542385904476
102,1227.3572260032036,1379.1681707511138,237.49312278414803
102,1468.4446119569786,1517.1639303872141,239.20315443227773
102,1450.7476252415279,1443.7798471670887,265.3234816802599
102,1650.1695161324521,1248.308361691318,253.06299794057853
102,1613.294831109105,1544.8548655532593,239.41791166337546
102,1024.1652219157552,1486.1312912796197,231.20934142429994
102,927.6894082449145,1532.7332145814644,244.02369391303156
102,1246.3693504725156,1537.7851319235895,229.09173677348056
102,961.0224443268997,1559.671425279506,227.60702021674197
102,1064.0379595666673,1511.9859539878823,243.92702848152217
102,1150.6747350146436,1339.4147091792795,246.5688362409533
102,860.8439497493652,1514.1666730145182,224.86684258625522
102,1058.9265687605082,1341.4154874073356,226.08090579277982
102,915.634776484129,1408.7835751307111,230.40784676628434
102,734.4426274650046,1573.7548962153792,217.83732827009104
102,874.7995880836044,1253.1702204177875,237.62287871221375
102,954.2314319393109,1294.7647408435023,222.11728866220798
102,588.4009683744611,1239.0819137808535,211.38259678104768
102,713.3217029591015,1222.0393804153277,221.1449584053237
102,985.5596590857016,1198.395680417013,211.44770547466388
102,816.7757905600193,1135.136910534412,211.10739657686597
102,825.3987760023446,1122.1995576366285,232.98479705077952
102,698.5643259327614,729.9189793767943,223.64670482889224
102,435.61079432248823,751.2358367939732,208.7183181745095
102,452.4266494674339,774.5905671758603,246.34142510153342
102,383.26433225234416,549.4272168625047,234.62639020368394
102,296.65222536193244,602.7143481077471,213.73355074073552
102,266.1182737145921,446.0059734657867,202.805919080518
102,313.63998412711965,473.5447601920646,236.17106666169516
102,286.4842300503444,464.5529134012763,239.04835197049258
102,230.95873245101845,427.8230716216592,229.77034782966845
102,192.6100419449671,425.5961276187486,215.66809775876501
102,141.5385574034988,203.53550266672107,235.11981680815492
102,376.04237495141354,196.95533899445024,215.62917544234907
102,283.07848852705285,262.9265031549874,238.9392296448767
102,361.15669868984423,246.9760401945287,206.76136656887732
102,375.796308726152,237.07133271051129,192.0179906603926
102,313.93132902443983,272.31964332486336,242.46967062403618
102,293.12372664262,314.3935319675602,243.8450886876681
102,294.6198108215459,284.6777917023735,227.5205951017762
102,195.33474848931715,241.1140119852294,238.73078585705687
102,460.18269004064405,312.48487028750765,221.57329363132808
102,268.19827788632085,259.4819420990208,204.5801874182188
102,263.8109506773949,211.29123627228074,166.86711393044416
102,340.2605202759738,200.09166792912464,169.71022768130595
102,434.86395826597516,288.8968587665852,197.85243653976923
102,228.97090140700246,244.0683985496389,197.97359666730708
102,202.681128416064,205.89664352526904,176.6053216065301
102,333.7492154338697,245.29429044412683,205.0369458288031
102,151.01619760878722,256.1415562307637,185.42030239379213
103,1913.4771810873192,2076.0487659476075,211.44373366098554
103,1517.3979397640665,1990.0932077972636,225.7265986277188
103,1816.0757698449827,2114.868598564948,254.36016826665005
103,2129.2249804622884,1969.7118390472071,287.7648208667098
103,1904.560663460674,2164.3997615649823,254.0991705754807
103,1953.6618701486216,2045.9724618266457,259.06273298302744
103,1782.3724697561033,2033.74175094722,298.42862212944317
103,1905.9887203685587,2055.789735971195,198.2547120231134
103,1992.7183963455611,1927.9232019308254,186.79848872049982
103,1952.922189387957,1958.0496120057508,200.46581284894617
103,2038.3380450814514,2049.7547283090917,207.1634495396468
103,1776.5444095440712,1922.062583347554,238.57304640615902
103,1827.4995227859688,1956.4440136274864,229.8153714592224
103,1853.380393696045,1917.9866861653893,210.27095582536643
103,2130.2609916296037,2049.4361754288266,238.66830150830552
103,1992.3939650103887,1784.9825762313553,217.26680920467342
103,1444.5356098815002,1807.1799036037476,202.20320083598446
103,1629.5102274662884,1894.1187100889654,234.9183154684586
103,1275.147293562536,1894.1280685994795,219.73879285309258
103,1877.049080214768,1746.4768784072096,276.0317280977263
103,1809.3586530227033,1777.7525929845822,233.12184133060887
103,1496.9197054729418,1825.367755589856,226.1419038937311
103,1388.2907652314714,1844.6245884764446,236.07135673366375
103,1422.5734572422878,1924.1629162111878,242.5678455953511
103,1579.8016298094483,2104.577433918037,265.793670568723
103,1410.2585575810451,2157.8367372324146,252.69879648033324
103,1316.0608622747648,2010.1894119961037,233.27623813360643
103,1495.6100259710138,1966.9528125740574,263.1977705398401
103,1556.3488238294838,1880.5804766159883,196.873130854021
103,1522.008806905416,1925.1949109508398,270.3735478242802
103,1391.5907582778448,2049.6017960443933,260.0318311556488
103,1170.0310160632623,2275.489948290394,283.99487854627444
103,1367.9240286727697,1923.8097897754149,242.97480621097046
103,950.6325575968864,1933.4251492250298,212.97576330958802
103,1036.7787128604057,1974.4639179372941,282.00885029077403
103,861.2915353197692,2027.6426636180242,301.8115657445063
103,860.9613846156066,2052.9409604465673,288.99629611890555
103,789.445306783607,2035.3143701137822,172.38388924222377
103,855.9619655887933,1850.0687908852976,269.05488247451854
103,1016.2175056260311,1918.6913894115166,162.84948672224664
103,1147.6106028924826,1765.9498879409878,275.4626492891641
103,894.1826417538031,1721.130809829055,262.53587793856036
103,1056.3223405056654,2076.4371511449554,209.93541059939534
103,1226.8386684953823,1758.0545667879533,208.7639155883712
103,725.6627426467879,1744.7687141577273,216.8612240437387
103,1046.162783773196,1673.3694922457128,225.5212362041295
103,1110.666305358341,1672.1713064978778,250.13819575535896
103,794.3442814924318,1623.2120244191456,259.38209850781664
103,626.0663267348017,1908.6559686534563,239.68313216338603
103,614.2959489335642,1671.0739087726326,216.8305459111052
103,667.4529747785928,1429.4801329519933,224.71213742011346
103,741.0066784473614,1898.2117061750412,214.83091344527125
103,507.42620384862664,1708.92387595804,238.95958564166952
103,756.9699753355832,1678.040064652818,217.4075953866715
103,654.2712606684163,1654.1076781839845,201.67083877972377
103,568.7687822305552,1858.3514113433437,188.65053519329584
103,726.2979709186706,1843.1356030588256,207.81363546516306
103,469.85158958605155,2096.4153320508067,251.24588680858838
103,666.7888320654313,2034.2445133677363,235.39484676954768
103,586.9744623133317,1751.7938454015691,216.4188974973927
103,606.2429772269281,1794.9912232501554,219.60219514318945
103,470.44714320055687,1632.3010462373215,254.54190899588875
103,432.2630337468843,1667.3630074659006,247.23775186540664
103,452.65920509882096,1669.7815871280236,239.07086176625532
103,458.2486589932565,1731.0917365191706,245.73148427747267
103,444.56155193106235,1667.5886193467038,267.4626460645528
103,391.47088953301204,1819.840531252885,251.0289778618894
103,372.94118196411046,1687.6574848496107,241.41071653625792
103,391.510261730765,1480.1268976602553,228.06115432865502
103,623.5351530951514,1537.9655892321869,213.70433383089156
103,272.7071888357956,1635.4367571999708,233.09881745371794
103,305.63703963662863,1126.732764596192,237.43445909597764
103,218.0158735681836,1544.9522320784527,227.5676530080843
103,207.18505304638464,1525.9056753695425,196.29067158016173
103,166.07421071286163,1633.7168023498937,198.67567042152191
103,140.75809714149162,1544.6797045704245,226.8695566120837
103,33.51405190101363,1662.9979376300428,241.53011217536303
103,115.24871956871911,1780.8418805023875,236.32806872414997
103,50.066222763490686,1594.177867863699,220.6367290258452
103,212.31003083247825,1511.554641229685,228.16051468885067
103,167.08737518931034,1621.469797133906,225.44818214195593
103,40.16414015444636,1659.3468103802786,213.77937207285973
103,55.14703669897628,1446.9012414186948,176.45938907597895
103,136.69464953845292,1582.7771050881477,187.88197078176646
103,22.60267320037255,1672.1881444854325,177.65331247176053
103,55.57820091042353,1404.027839853241,195.7357331082121
103,47.151625576401756,1081.1848583680685,247.870814803755
103,381.75080731004266,1501.6461253336552,233.12903921146105
103,111.10860993366904,1156.9706933329671,232.1153018084
103,146.1791673428078,1325.6423515012777,235.31516438988942
103,79.79596612088355,1376.6558425568485,220.399877511724
103,0.0,1301.8102722601202,222.52220359870452
103,233.44749218160698,1260.9120734752591,207.1839387885855
103,10.035436080314383,1330.9593818672968,224.50952126194667
103,45.72528328840198,1433.2110985265404,218.80349128495246
103,90.4485180781937,1591.230534856433,218.32985186418026
103,195.4893335614639,1662.5796498846523,162.33680806905593
103,206.18387803033656,1475.04247790485,220.89368350293117
103,0.0,1432.6144379036357,231.6377823442422
103,0.0,1307.6340675313943,255.713840888104
103,0.0,1247.1201400282569,237.2439826757841
103,104.73071235086408,1012.1206080230729,220.6534527915272
103,124.16263457648736,1055.828386070214,215.46955462743526
103,297.3374342774449,1455.8983246444975,195.64117667235055
103,41.7277501130836,1321.5758493553542,255.47929948334198
103,153.31959569254727,1361.5840893161474,183.5311285241648
103,0.0,1642.1274568770016,198.78840970921485
103,10.95402666219465,1356.828784241168,213.20861380654847
103,46.56735793615016,1336.0499108217211,177.54928642381512
103,0.0,1383.8033780917597,178.84533735526958
103,1468.6630485850872,1667.937389874972,167.63785130979747
103,2463.625764431575,1259.8811105248067,194.1273294343188
103,2290.0327395966915,1876.619828401758,237.9869999878193
103,2653.673036994332,1354.273576092283,219.6544331776798
103,2547.205383253872,1438.3992349042944,269.053703721125
103,2457.1204197746433,1532.3784881662666,190.60218944945572
103,2353.5203874292497,1913.8781550969968,213.2059514845836
103,2511.0959008049954,1627.6185334163254,300.69787385555264
103,2372.8602136283253,1736.3999116763027,208.02353363613938
103,2501.6898053962573,1495.8870180485267,229.87227647506958
103,2630.9382537927063,1616.111148086313,198.55697085142938
103,2854.4024902853043,2107.112676799443,224.04633162334412
103,2804.421455041399,1437.688717010406,256.7452900112995
103,2471.843189641493,1805.7198700698762,212.54279754618355
103,2690.404722625222,1349.8952184258749,208.23356201942457
103,2289.744469451212,2032.3443144029586,189.59789593162336
103,2684.787057650774,1917.632291533491,206.34776049273208
103,2502.261127459558,1423.4488346151402,211.20562132402048
103,2403.8210168441556,1551.6940219967234,211.49054251542853
103,2304.702546569875,1765.5783375274455,246.10920792777503
103,2531.131305090658,1728.6220083850492,274.1048166404423
103,2592.111181672219,1641.6490759901133,255.96159633882584
103,2472.4884934205184,1906.33231987997,246.62994112511737
103,2097.8226417799556,1759.6796157446013,241.73257203990428
103,2415.6880684556922,1868.3468257403958,228.73735533507053
103,1624.496279952754,1853.9282000754072,232.70974020918172
103,2241.2960871697237,1301.2154519991957,228.05309171403437
103,2225.0548726929565,1147.1942268265982,230.21393208470195
103,2616.1161911983077,1885.434041713642,196.12212354966542
103,2260.700521252074,1514.833686764997,252.67224063032577
103,2174.605153586554,1789.5147293331001,244.47314327115882
103,2119.2603684845467,1848.4402638873064,226.5957098299157
103,1652.3501688451938,1886.6744537766506,192.70014375841188
103,1331.7196929155468,1865.0411667874193,201.72509157193693
103,1458.144632219764,1914.153284428274,199.71765384944112
103,1760.8883631202914,1498.1292803976892,267.72654452458187
103,1690.1432422808705,1465.3842197519737,258.4773253148927
103,1490.7878825949035,1755.2458682826605,189.5116936530957
103,1849.9952137890907,1047.6407418569602,239.27028924575237
103,1699.4335805398239,1523.1726603548193,200.04288908550822
103,1825.9577367873565,1180.1455523050229,245.47064746203594
103,1733.05746510426,1213.9186136546093,233.10537199480743
103,1835.6045983540064,948.8584504985149,188.3501866625809
103,1798.8821787509696,1378.8374494542861,195.52283380290717
103,1720.3858146864154,1219.0468611828085,199.89463022139964
103,1812.1860709551004,909.5324661974546,192.85836798581389
103,1395.9640507574834,1101.4290574688637,200.63187530331973
103,1233.3972700157208,1272.2461132458332,209.72825394391006
103,1886.0800441017611,1004.6045906648294,164.79251689994462
103,1951.2839301473343,1105.3318742517974,207.45630939110933
103,1288.0797442840606,1311.0988555430765,207.2588084566947
103,1715.0194720123486,1072.2855558482208,245.6095733489564
103,1711.8617360602423,1367.0548183672418,236.37710999534542
103,1589.3254797117338,1134.035209639852,231.11020365467326
103,1585.0533809205497,1008.1889417810148,229.80495085073292
103,1570.3477687024588,1275.8453913590681,211.08755865173228
103,1472.054154459955,1251.2629656934748,237.65254584872892
103,1396.5063300254244,1350.4233104276718,212.2653544430274
103,1292.8119723621155,1409.1770324449856,208.32880230683642
103,797.7856341646715,1481.3423878765032,254.87450156417592
103,1523.366795065639,1677.41321036682,217.48040421372608
103,1074.7506441646763,1596.1494823015717,227.1097659405073
103,1093.6754670297275,1508.2583476834814,210.0256312666714
103,1024.0879143360546,1486.5365137492659,218.65700466346848
103,976.4093861344219,1660.126720765588,225.30456538301902
103,1176.7892632845535,1596.1584642448358,238.4620712582117
103,806.7552383540987,1484.8963892131073,260.2315493389236
103,918.6152684405344,1330.0026750043,229.2633696187576
103,691.7709886864577,1766.7515367217159,215.1438476474198
103,740.4165452022193,1231.0553812973574,223.71119723729439
103,806.4346318273793,1209.6393871834352,278.73482063559277
103,698.9116809969655,1016.6142163978714,214.21033472379898
103,802.8900781627614,1077.718920892716,212.06159022785957
103,628.9324754708113,1254.4591875218791,198.1282610534404
103,953.3022414291094,900.7641663441252,199.86016529833873
103,669.7554731446211,1066.8265880573347,230.6377170026494
103,726.0388354882806,1124.5695786813897,167.7433328689173
103,983.1802922046087,1164.7497087992253,213.27437987682143
103,1006.1502519910679,977.1571932145105,228.0844688318377
103,725.6702282049397,1151.206738035438,213.9824833630927
103,863.0790404325961,987.8840507176692,255.92246226275014
103,677.3671720047254,650.55693891427,263.0700477433743
103,666.8889527719692,840.4084765151974,202.85492347804447
103,908.0820080174659,734.2787110593292,196.88930464465724
103,875.2446874332237,923.3268673721548,227.17021542986905
103,647.8473184202813,1057.4190357940815,192.72409600746133
103,463.04638818888316,937.090503880197,199.73979481910712
103,1027.5489689232113,1126.8891422955132,211.45399431910457
103,663.2266466693682,902.5834094208556,187.86375847201535
103,1130.4499627706998,1383.0981767415296,237.11410956200476
103,793.0848392634672,1359.8247257340226,203.74119361199084
103,992.9161228183679,1373.6024146333264,208.785932385169
103,906.9276578759656,1435.6953687636917,238.74377510390943
103,609.8366713397089,1282.4028874412177,197.78957113851814
103,848.4329187671384,1419.148670042243,234.08290933439847
103,805.899962599762,1172.378870652258,221.93386100675806
103,832.7067657633244,1202.8736654843503,233.26924045134794
103,939.1440033540583,1098.4390332957526,240.26470213872594
103,943.6572838740991,1093.7269738707555,231.38611192330242
103,602.2791962748503,1272.987192682688,239.63487423656048
103,846.4334044876315,1159.2607459807075,208.80879933196852
103,838.9138593811227,1103.4506243757567,193.98676089570418
103,770.7734351649132,1108.2442863276808,202.93509634861593
103,934.3869301955541,1026.438842012524,230.37262886667546
103,601.2120545073761,1069.2969920842959,220.3579708326092
103,754.4605644798964,1229.175059194448,216.54310102323697
103,737.3379161171628,1163.629411264159,203.8838082499411
103,709.8518928287317,1272.3583400198138,162.2683216308339
103,665.7211918392067,1354.9578054764108,195.06692283496992
103,450.61242835069413,1176.8851439980008,191.27571685372718
103,719.3496550224155,1342.7655590960778,213.17588685064695
103,421.82509438339855,1156.8231580156128,228.76597433581267
103,338.4730961670824,1094.291267636245,232.3348244115471
103,385.0058593600007,1017.5648694554266,258.8982446560534
103,716.4756645110951,1056.580050910669,202.3906968720893
103,386.7117207727698,873.6229780721676,208.9321642010768
103,460.2355635672003,889.3743844519779,227.50733609603205
103,400.1585862323068,907.0854394224666,252.8430704413971
103,577.7482580625608,932.4292996157171,231.16544491840918
103,384.58377563463625,787.4160050081182,205.59309786921986
103,443.7353629849018,831.2999513089219,199.66753397928332
103,216.82345005066693,813.5559318222558,231.48255019852692
103,375.89223486559524,900.7757237713461,219.0273112295699
103,279.95509201314565,778.077188694094,247.42558662279183
103,230.5385639939103,976.8627371960854,220.88436842632197
103,187.2325948815072,895.0728515054279,243.77634702216707
103,262.1083276390418,783.0486638061072,227.17928199980932
103,204.43710628784666,970.9829637300979,177.19910363797356
103,172.32820995808802,871.7093565703401,244.22512087805106
103,60.67859019288696,1013.646071620265,226.89353213097306
103,291.42375779163547,832.0402111580568,217.24235038766145
103,440.8005928532724,994.3220270070303,225.84259713897356
103,81.24217250093486,985.7701620648395,274.00619901075606
103,150.9851721105235,925.0694158012648,269.75810208203893
103,278.2380279678415,1186.9115655900341,245.4869075723063
103,222.3654400655923,880.2552321605733,236.33390958454427
103,125.17644455113262,636.6224239605596,195.71403735693704
103,193.54663740604624,927.5747643064242,221.72987119229046
103,195.9995493983266,1042.0848100868154,246.38154059715728
103,266.4853788008546,798.8964922397374,195.12488452700453
103,16.59455850054698,883.5494145579119,185.73577289803833
103,47.15197607741729,974.3849217546287,199.52377875875456
103,12.588013774299583,911.6811285581921,206.37108471594232
103,36.336617232049974,1005.0970419346415,193.3172307264924
103,0.0,903.6655672872464,213.82176400699214
103,0.0,1003.6053011849881,220.5942278051048
103,0.0,1028.5850125652867,237.99755605997328
103,1378.6637461511089,1250.0086192587191,227.4649992783154
103,2142.413123232642,1205.7808855962453,255.46595241024377
103,2085.1770991734948,1286.7757250409252,245.3690461163612
103,1729.2436195351574,1348.6996610909216,226.71520077107502
103,1872.6111217669434,713.1249155345861,296.62199633696025
103,2250.4432704297237,1513.4418129077392,255.84399983447148
103,1935.8466719490382,1323.8791841890854,220.65939761434444
103,1642.2605943474114,1246.9799806963963,247.01335552300398
103,2510.944402863228,1331.515514630267,230.98187575855022
103,2414.9700102569186,1357.6975295811092,236.2457807646595
103,2014.0417790938293,1279.798949108959,214.95997108405143
103,1664.847695738922,1494.0043837622027,196.033570659118
103,2338.4839086624665,1458.5494211710472,195.42609910055498
103,2372.822806606916,942.2957063554647,218.59716203452243
103,2049.796551093542,1369.0563082270833,180.63081802419404
103,1986.4784198175164,1250.0314414937577,211.78145778842307
103,1723.0924147208411,1296.9002389221987,224.0570976483921
103,1603.2365191743045,1248.5315245364402,273.9217665595611
103,1700.7385959855862,1441.515133750621,184.50269937017958
103,2070.2859770692144,1324.4613879763854,249.7763904830807
103,2067.16957637822,1560.8791703727286,235.10499712479955
103,1710.873922916061,903.1991127743754,249.12938947071072
103,1566.814140786948,1175.5336735074338,273.77718825699026
103,1791.4131499282587,1427.5515310950375,242.5326471596392
103,1955.3088014292382,1242.7423673456829,210.1802482179376
103,1857.7848929925833,675.574751396058,196.91796685876747
103,1815.2181089772223,1291.9959195627723,229.24913030285686
103,1808.2830027010034,1184.0547289513324,250.0230940995613
103,1846.3094830843586,1138.3043530941227,238.79450150069695
103,1687.9386933293777,1247.3446077859655,221.75945613269542
103,1726.9422590537188,1365.0088444636158,194.10341125826508
103,1602.680632017212,1421.6424040576742,191.26193901338436
103,1899.0846214771238,1238.5086693913604,216.1979299092516
103,1616.1904763488012,1452.4202608662451,265.98782113271045
103,1666.503073973947,1248.8935908107562,237.2000361839474
103,1593.7718893065057,1201.258842500388,235.62957127829102
103,1666.8045857265765,1198.3978398217998,295.88029457396067
103,1198.4931951307087,1133.6652484590165,216.5698212673275
103,1513.3124636813475,1509.8896014748022,236.92777522193407
103,1548.798060993955,1082.2843311932895,201.37229515218533
103,1272.8845797880529,1269.254467093223,251.79181296162872
103,1248.6418363347782,1294.8925087897421,202.28399611186333
103,1237.3823227754435,1198.1904974712074,208.6650896076658
103,1266.1123483270796,760.635394610949,244.8769995129193
103,1579.504478835516,895.4095772222681,244.90858709621656
103,1420.551402892421,624.5070936412246,239.2913065262865
103,1247.464721220806,943.7798228364725,239.24658351853716
103,1288.7516552725535,939.3724780480502,253.19851372036456
103,1367.8347242250102,761.9619935610757,261.12038197344464
103,1167.0610846462857,985.3549239643221,254.41411316063525
103,1150.6778352836054,1015.5348024671064,222.92034834003326
103,1101.3664731890037,891.2229120063785,195.3494541036043
103,1209.1239974783064,869.6416377952507,248.10418852370614
103,1086.6914017144659,752.0355571796398,223.10093387461458
103,683.5079248617661,862.5485626525533,229.7423182235045
103,764.5250771364216,876.1812370729201,273.7210481090041
103,1048.4980791133958,1023.1195447834828,220.71474161711794
103,672.8968313311694,834.2133099691632,218.1709858988904
103,649.2498084699715,1183.1297588352393,222.4721361225203
103,659.9618471372725,1171.1581279405243,233.45211606477474
103,938.658730685603,1065.1546773501007,213.10253795334856
103,510.6248034825527,1310.2198391067525,254.60141467679264
103,796.9044139312724,1169.0362467100224,270.5222742331898
103,437.6090842350817,1229.839018945934,242.23813809904019
103,725.2314037943697,1272.240625422265,183.31437091198472
103,577.9448364291918,1049.2755879487497,212.03058135333137
103,414.11540155266164,844.0234914231389,232.33386607762324
103,356.6245424641237,776.4922506211603,228.6142376477317
103,338.9315359721944,885.2581271611934,227.68882308680404
103,587.942825071914,954.9071839661044,236.0882646896218
103,622.422627275909,982.6257836509183,216.75015114417252
103,577.8639840826097,906.0635882967815,215.3131501266989
103,616.1784089955086,916.619930960492,237.9429186268745
103,781.8163157516211,878.5086656869319,214.45952649746974
103,592.1093844910628,953.4696211601306,241.65628420721518
103,773.8117100966459,761.627774672581,232.82998242368623
103,821.480691959422,886.8306284536084,218.71622696935825
103,551.6164552704098,812.4479060492667,245.5731470098602
103,687.3670093514705,854.5525110162737,256.76035104504103
103,581.1912249019409,800.3893349772973,202.72754603611102
103,441.07583396790017,677.7864071649838,196.91687111974417
103,685.8379430703369,656.9014726817397,179.95009516944978
103,415.6979715787919,595.9211849841222,218.3698706110334
103,489.7365705780031,868.6648051524448,220.32471578252736
103,507.76662701536964,923.3620393672459,201.0176388976158
103,410.4431908420213,1287.5034918152696,218.34831204879103
103,203.9941915575029,1292.3145187439266,207.7121515225726
103,105.54553734653612,1264.1443342364048,222.37299740816005
103,148.6566572225719,1143.9894826305892,278.69875778332084
103,487.05206680537924,1112.5139323683238,259.7495257632895
103,346.5382442351025,1059.5674433896622,244.58878817170645
103,230.2193650090239,1093.9182464423081,251.4946780779696
103,198.1903586760598,1077.8706137235122,259.2794365054816
103,174.09539235743765,853.1726988743217,227.78963038553596
103,243.04915634765027,877.7361046587409,242.17347184176802
103,194.6780357370089,787.8394032617884,256.1261599911709
103,90.57401759245337,883.5892440272326,283.84028132265576
103,229.3796123577453,854.595312933511,247.0088652696078
103,172.5127626537802,1011.0683610195736,264.9575206178589
103,178.15489990191807,849.0369003584087,207.58911831308436
103,190.72428762789556,899.758794567822,194.691112373094
103,870.3012735098272,1128.6015088900717,190.29658495873443
103,49.60037530749182,995.5837102604034,226.53470655230095
103,161.8907396100955,1023.590882833123,231.37181062006024
103,21.535860012022766,997.2996338694802,232.99709204972774
103,15.992196824844967,1020.9616689839777,223.19975747858476
103,0.0,955.2536759756622,170.90526656462006
103,0.0,1200.2107133553598,213.82764492915888
103,195.2920958463271,1150.8070712522294,227.00166344888854
103,20.163817140666737,916.7702138791578,236.42295123914656
103,40.78591837540259,908.7026625513997,209.02810533034315
103,0.0,863.0536858938754,180.24889242369625
103,0.0,826.5171711625796,215.28496897572333
103,13.070192216958588,704.4316168387045,210.19578134356962
103,110.14140834958042,964.2790778365163,181.76338029991015
103,42.71741064528325,754.5757355641252,196.6401677370628
103,169.65225676171215,651.1051038056942,175.2954718926406
103,173.24771560491232,768.7531807579144,199.37131749294528
103,0.0,630.9519170500193,255.74249063590256
103,0.0,567.1222722682265,186.1815450853871
103,0.0,703.8941094426992,200.2830911047259
103,0.0,647.9175755771203,226.850855375855
103,1817.859414276569,742.5929029150309,223.90035455024125
103,1875.7585648556067,572.5263518903175,244.64293923089664
103,1877.4829597255869,904.5681560406874,206.64415871810505
103,1738.9864546357908,853.2436308822146,243.59804836454416
103,1794.8730396310914,638.805633111339,231.87453879472773
103,1053.6045643950047,835.9908793611526,208.50437884431997
103,1489.382519746259,958.5351074521575,213.99238733583624
103,1685.5342127845533,669.2716658796188,245.20123263545034
103,1664.7440965181675,615.053110956404,252.5080951492736
103,1555.5982169865772,866.3568482645446,255.77601655631636
103,1351.8333305818749,919.2976294308116,193.28642515912642
103,1503.548078828782,553.8357777287497,189.7356553897146
103,1990.8726228398339,785.0865505514096,207.27846994462666
103,1906.803959464942,581.8902067242163,233.95245657587085
103,1095.4038620083186,938.2289954412893,221.8695500348973
103,1467.555095797615,961.8841408667154,179.8258526770684
103,1157.6923481077163,571.8874079225141,193.3064226637779
103,1645.4306074608435,1075.7577369310682,211.89224676274975
103,944.6595099996335,455.7264889094771,204.4250398812981
103,1605.7537467373563,907.8390442361854,190.22431879919597
103,1278.9187040256738,1112.7838898670823,202.78070668495113
103,1035.6491828519213,1128.852418091141,197.18764817641997
103,1213.4759529062171,541.9028016388404,234.6208116141614
103,1208.6180090692194,832.1071943820164,209.78248676279267
103,868.8866049148018,591.2584707760153,232.0935334318444
103,679.0179492489323,884.934549028153,180.94618049725517
103,1070.684025186756,575.7483228779649,231.41815338107526
103,1088.9732131391909,518.3114352823577,248.11998861854605
103,938.2638998074675,785.4937237618988,238.36728523121556
103,1081.3782416722295,618.0922250239453,216.78116427875656
103,1029.0386599260971,438.12425575288194,195.55004340281502
103,1130.4368798810372,815.1875920308337,207.66904147315935
103,751.8993351388108,755.5975262834822,197.46228667536164
103,1099.432097201662,768.7983583136718,215.40766855733452
103,608.0007129298637,908.9372820412277,191.65023605695077
103,1103.210232416455,851.9780520688767,234.29359081770716
103,768.245233270962,725.6722391541206,262.2862836636581
103,1098.0093753145027,1036.115790218307,200.08569706006742
103,874.6016689812496,674.6854873237402,234.720932420671
103,394.1274535287549,965.5088890553413,268.54666207597006
103,845.3524016745754,702.5824479412967,206.73859157416464
103,524.8636524842243,746.2268660683033,204.19344443614798
103,1001.391501123978,568.5435565447907,216.97343485261504
103,660.7196273429865,692.994463808709,206.89887264165938
103,740.0075434636932,506.6816775139987,224.22379548977855
103,767.3559535262137,711.0705606604765,203.88740749882126
103,543.3473985189191,626.6012821718812,160.32403714489348
103,643.6770920994079,500.40583331440314,168.14849526751138
103,1140.122194398846,751.7999420269884,238.19563981233844
103,557.3885932110421,776.0941371827014,188.82377552520248
103,606.5095363867966,986.0426023206071,213.6038270466759
103,379.129470489003,1306.9296427104885,177.93903922293495
103,477.40630002044645,950.3932985438466,191.18703481481376
103,763.0920278202901,921.3165191264991,227.30590403779556
103,474.5081412850644,907.4280020643041,206.29677203685551
103,1065.3465910493305,1127.0137514816352,224.73696118444994
103,786.9733726115138,958.838048302161,267.34291446665645
103,1007.3693792868918,897.0342002113359,254.91593305885047
103,704.3600149657623,917.1474122858722,222.91572867452052
103,893.03871045221,898.7298546765292,227.4985625155215
103,651.9517580846594,1179.910456180685,278.7670025710846
103,989.9715157622426,1210.7612926313043,168.27837733837882
103,812.6961604363593,1241.0412423661105,167.2423777251459
103,774.3447078951259,1350.1601913073257,217.1553402516083
103,728.0237452109573,1400.5144859762727,215.78871612477727
103,526.780718452942,1158.5418072378473,255.22874917674537
103,566.7542222001296,1202.4805655029068,241.5846011845122
103,850.3057175079697,1152.506330558709,241.1612751577026
103,665.8386501980601,1085.333857366904,293.8970328012198
103,593.1052690433607,905.7847231787716,264.7631375091404
103,198.59889405945617,927.9466424501502,244.92329396883937
103,619.8413261678124,1007.8227222460482,296.8981702754161
103,456.15766851876265,1155.194241632392,236.39568863152348
103,463.20221534076734,828.7482812918036,238.98765447663104
103,660.3652484966335,856.4132614480013,233.87616665422522
103,492.911669499788,712.6479494950929,253.8116854187139
103,332.653053304599,776.382127652753,232.7947434508549
103,751.8754464862419,951.0520001552866,236.7686880250611
103,334.50247840023076,1098.4947239099715,232.29992291872932
103,246.7951890137676,1125.148462138259,212.4414421335609
103,362.9931786368992,1343.5749897073522,191.1896879785248
103,442.34377774269797,1146.8389652570497,259.54853953737177
103,332.7240501593143,1077.469158935044,233.3780274889111
103,187.62903696374,1072.6391752471966,277.48281522164325
103,163.41492282225127,1296.172029272752,265.6452736915476
103,253.81079785555366,1488.1580596127385,285.20829037982014
103,152.53379685612575,1168.2674781972853,222.42096497244435
103,244.3359936508542,1311.9396318083516,208.78053002125174
103,36.6043728452307,914.5013590276012,291.056831193088
103,76.17231972469196,918.647340973384,289.68860248106967
103,0.0,1049.8744589413934,337.84798361657636
103,45.00597435258359,930.263161277179,247.88426482748733
103,0.0,926.6595832758649,273.25571504692414
103,263.3845520290522,990.8175041871459,152.30209146239847
103,162.1533649308591,733.7511541075746,216.09421512868678
103,40.44297407770145,793.7692627976294,261.720035485679
103,526.8253533200829,965.1847690922302,181.72162874169942
103,118.91331395316624,836.2059141830061,193.52893195066602
103,262.15948191139864,838.2759779002233,186.95042938461896
103,281.6558084391929,876.3907601816634,274.61000633274875
103,103.56107319554118,788.9002521335685,229.4366186894504
103,176.4676553289252,579.5624829390586,247.46467014667743
103,39.27691845817046,677.877834730967,260.7206504834327
103,0.0,675.994279233983,241.11674689770214
103,0.0,543.0007377543046,231.24249491998646
103,0.0,963.9482375300727,235.42140890933538
103,0.0,620.7763629954081,248.48271171817598
103,0.0,1010.5963357969142,214.56475078654765
103,18.382044098066757,1079.3126478941701,189.9417749271593
103,1368.596094851085,1370.793815453215,199.79817450287553
103,1706.632082623856,1341.9575434990918,232.39644840300107
103,1772.6003921672248,1464.4687705481927,249.5779315939769
103,1350.7465585316424,1408.7245792153728,238.5603883225315
103,1689.9975711149186,1277.5603886851295,252.62693665311488
103,1898.26867165085,1183.007956360356,265.5670063187267
103,1656.8125016299484,1084.4878386495254,250.9878910176673
103,1740.947969615098,1036.1820739310858,244.33901335451876
103,1322.9483973401766,1069.0008593246037,244.31719010369122
103,1469.928118906583,1153.3058818668571,282.4618620339845
103,1491.4012112985959,1221.9309293333893,256.94555099769116
103,1178.4445279552199,1219.3285685692083,238.91244995111256
103,1630.091538681285,1164.5889734847258,235.77318577374152
103,1507.5731637467768,1144.9211799177272,218.73631619512864
103,1170.71447703743,1372.746671879944,217.4071204449339
103,1449.8423740999967,1231.9288141373684,230.56198687144447
103,1185.4888312338123,761.8844188866246,262.62940046478764
103,1233.6842992317795,1318.5531122840973,247.2378385096998
103,1164.3591227728782,1380.8935736565393,195.49433414277289
103,780.7515895850678,1510.4700282717815,193.20040816890415
103,1108.9278716249303,1260.3075176776144,194.1807805140592
103,1069.8068605946885,1213.651354625053,239.7513733402258
103,825.5261763889001,1364.2275317002034,253.2396725729591
103,962.4542974902441,908.6799474265733,231.57526748983318
103,974.4064947389514,911.2455652407209,235.00353977035147
103,946.5265989029502,878.0284733522769,230.49640513449864
103,570.3584329187272,950.7154676618065,209.38115189738156
103,963.097790486467,1092.0149226831202,194.42636071726574
103,812.9798211833664,1150.3154674889531,191.9829047582518
103,910.6156760159835,1049.7240861478624,209.39909430686626
103,762.0612653359595,965.1632335999659,210.98093767083444
103,755.0535162977882,999.6368242969204,221.1745717039427
103,1015.315741012242,1239.2626747304168,225.0122003670896
103,908.1353972741503,1013.2210929739206,240.7873635538061
103,852.0883254060126,960.2639876926107,217.86024131959394
103,721.1810161286006,1014.7818107706148,220.9454615845759
103,711.3563270174917,888.4614300602457,198.79666142702447
103,826.8318013884624,1017.4453491709003,174.955064912418
103,809.5445945358446,859.7828236949433,227.854212129381
103,718.7664395438577,751.1907710952742,239.8950365015656
103,454.6663836780999,853.167703066242,229.39671049952923
103,829.1843718810886,875.9496852315485,186.8257699575549
103,716.3155350325567,1004.6012958153844,243.2711412777708
103,385.34838485361513,1063.7096640349444,255.35177976362925
103,531.8371305782301,773.6331005115838,280.8912778236694
103,517.4228899929367,1143.2665151382032,257.06915370870706
103,650.5667099531851,781.1309602443587,209.1819356299267
103,948.658693081777,677.7786017369585,239.66115399933935
103,623.5859833126611,1088.302521961922,194.36241393277024
103,936.8543928453831,901.6175958650515,247.32658493951195
103,863.2549898604158,860.7247591141145,194.10294867834475
103,403.1375173442019,1176.8079793468876,203.31704091549827
103,355.28565896313205,1007.4248225498486,218.18724575267456
103,451.98224694976636,974.69665123811,221.22470433694528
103,434.21902246242905,848.720972323687,246.81155319176796
103,389.4087558624192,1067.2606099509853,170.79053134849815
103,457.9352343254801,872.1679759899539,215.8249566359598
103,142.76861519431603,1113.4982034801737,271.06208550223187
103,230.36967728665027,994.6944453774624,212.76430737864783
103,209.15031537427555,945.7344403092793,181.80457323891136
103,102.35161774403136,886.4600032621192,186.1617307338908
103,7.175298894015867,925.5544013180063,274.65597229033017
103,28.46774468318037,812.7669044295551,255.78380164425622
103,210.78155571673958,782.5017368614501,232.87697944105489
103,386.4807386181252,725.5086739540963,218.79234025859697
103,310.63183258944525,712.4513771883918,256.12440584731064
103,344.71128028680107,1009.115398281999,225.42087748623558
103,169.99696305868773,960.1821840447083,234.10660297677177
103,114.56597044946975,993.0903112618241,229.20896353382662
103,135.125909551754,915.0151075141462,236.06457190853567
103,194.61881237146062,1094.7809279155438,212.67919856075596
103,70.35197021139365,1079.7255018565447,214.34932926912452
103,10.026682675789147,1041.5611629852394,202.53924285475628
103,0.0,996.0891232279871,193.96209740975
103,0.0,935.5009504139134,230.6027525807369
103,12.08462905986093,789.6955147682522,276.830124360229
103,26.475873656113748,815.0976868062437,186.6653864596628
103,126.22949568341525,732.8909312306052,206.3252583129529
103,209.3522589722003,794.3820080441105,219.18667938635124
103,0.06628495729384554,693.5366077100294,213.70742048428937
103,0.0,794.8039393648662,180.7877038367282
103,142.2174299034917,696.9993983193712,219.4580585661773
103,122.05158206245537,686.535397035368,215.41974215482637
103,205.20095150504247,873.9505706376981,224.13228019022714
103,0.0,919.5589722462903,206.73225895607212
103,0.0,789.9950779034523,220.64616195275974
103,0.0,852.0135242240226,193.71412551518816
103,75.74418473038358,888.4982501953148,212.1264948500702
103,0.0,920.461932941661,219.3464223580061
103,0.0,929.8787451442458,221.00693578527128
103,0.0,800.7056323528698,238.18297647456146
103,116.33401714976205,802.7885723186384,202.63749603928719
103,848.9583845942083,646.7590354063533,213.0998986626188
103,1204.5192384660725,389.0604399138325,235.12376937996353
103,1118.8057808896872,379.2773459728728,241.47272911721907
103,976.6227100852019,471.6050722822872,252.4809435104133
103,1144.4607482883296,449.9260857525944,235.3028339962125
103,1245.2330668077557,543.9203843626008,222.65155082367536
103,826.3546291022734,580.1513816065863,232.97784834565843
103,867.4616749997541,676.9675047079417,218.2667235259755
103,935.1302382733937,536.2029898479597,212.23298411364183
103,614.4333725401001,477.52634031807565,226.9455341742799
103,445.5303899025831,471.9300645713088,227.85830189618272
103,851.0507781797622,532.4465410075136,231.60994923224328
103,663.7703993038004,431.36317143828114,244.35628897726323
103,399.89822127755383,527.5041904509262,257.00490300757394
103,566.1065788506064,321.29538753915585,248.0904873766609
103,453.02162361730893,312.75845904433095,251.17252519314874
103,596.2992419091355,361.1848767352401,230.9605357576028
103,414.60824570197315,429.16650616621405,212.73258207583652
103,387.2587449608228,382.3934123410363,244.58349295775682
103,337.05363245439037,310.73271891519187,247.1946131789413
103,308.077396816558,236.22235932826214,215.87058101943356
103,386.60326757468,242.63249764933607,202.1823336712405
103,217.30042678956661,278.10046521123627,216.96149947531623
103,404.13878686890496,194.66048522528422,210.34274430731406
103,242.3408135226496,243.64235350697447,203.6123583804954
103,212.33427775175582,218.65965381200277,177.85743559928247
103,251.7687047088523,218.23430442707877,230.54975087811525
103,206.48702135154699,169.39136935306323,161.6489431561904
103,175.28691076723422,173.98176091430906,196.6176084903058
103,234.98056142971868,234.78364561320495,145.36980672230388
103,174.82163558983333,194.0629002058509,95.05714254112115
103,0.0,150.66141688165874,114.55206893258745
103,109.68337800859936,269.0074328587136,82.86718414322667
103,119.0607945985324,238.10258806645436,133.23165098123584
103,0.0,216.88664260184413,88.3544347542227
103,6.9477673233563735,278.6297781158521,86.21042974552512
103,59.619153062116055,217.87707716784172,93.16290797928687
104,1718.6184879230702,4322.53817675464,218.62214153089687
104,1823.7930910878197,4270.361620009819,211.9932997041474
104,1871.9313918397263,4374.96896283427,218.3712275912582
104,1747.8507889780738,4326.661026375861,198.97280322516517
104,1684.7524995423707,4448.890718570167,218.91876133803024
104,1636.4032616529585,4258.102702680227,244.4814943201104
104,1399.8352197432037,4308.892274364668,232.39817213955135
104,1462.9506030613127,4160.313561427751,266.04591550841155
104,1328.2910710496842,4030.0222916442044,240.34254150250715
104,1544.4319639333112,4298.116518848591,253.4541033061992
104,1413.3454476992326,4257.832209546556,263.2474622370456
104,1577.0676252452906,4051.4223072874447,260.31570864139906
104,1854.310861700509,4042.0471368870776,243.57177227639167
104,1667.221280792482,4268.217265098009,249.2597623947759
104,1575.5355959230226,4200.690657853899,237.91906941954252
104,1593.4402586871654,4488.30547248725,232.91722913504836
104,1641.5105694371864,4367.587135489049,217.87887232217847
104,1646.068369841425,4114.365705300313,194.2083227779253
104,1464.8391256555626,4258.471283578401,217.10877083349735
104,1565.2761166201544,4110.120112952846,247.4785760021529
104,1648.0002518917881,4112.430243774166,253.2229785917185
104,1260.9938581902961,3981.479228698853,251.3152025532539
104,1052.006670197194,3900.9041364401755,238.13225541555616
104,1177.242850646264,4271.292185744482,258.4206560549769
104,1161.0461298257876,4457.42063237306,240.47430892047103
104,1325.6562188389648,4393.902950018643,236.73253077709822
104,1017.7005680883339,4306.814400701395,230.6585574004371
104,1416.5446273357686,4435.967094108672,216.15896708551847
104,1225.4276597991463,4595.818195004243,210.47822048130317
104,1191.4706685094864,3763.5869829272333,219.27398972865282
104,1300.3543548796458,4286.501751147936,206.20308774660018
104,984.6751680746185,4317.748290265284,225.91827285113695
104,948.202918447732,4541.436968128891,227.03457404670328
104,1075.289398563816,3685.1447619146375,216.1097638081511
104,912.788322090318,4515.7895695431025,229.9409017071794
104,813.3740997494946,4471.794455323989,241.93354502763023
104,808.3293847686281,4417.090628939682,227.0488168271241
104,926.2506697597029,4220.551542357332,220.22641107723084
104,1618.8015543693855,2984.517100750867,243.5810611507986
104,856.1454360802858,3951.3190106900947,218.46869103658585
104,799.5329930578101,4082.6417736342355,254.71687394500438
104,1283.9389698169828,4535.391231803421,237.755135773401
104,884.773879271724,3890.3213852467898,223.12880658644994
104,884.4339845810908,3878.058641823466,220.41238878482514
104,718.8048056083466,3661.151287598139,211.52201718219496
104,927.8571708210835,3967.7815840285793,248.88076175219308
104,593.5064359974559,3838.452859839049,250.4552555414859
104,750.7385609855518,3450.184955382825,216.00432786297645
104,771.3824877469469,3941.043401097363,264.3285302324906
104,720.7438801723035,4117.736551097537,209.86727936313818
104,906.6724347916464,3711.7498524762223,235.52813471394333
104,861.2701123646146,3899.931771398019,238.88622812106902
104,1258.3202766467527,4030.33158496959,254.3942055755522
104,691.397774375704,4261.641653045099,214.53837508711135
104,622.197325532792,4032.213894544703,245.0986768582798
104,636.1306118749402,3644.0913601426564,233.8466220112173
104,694.9673614545002,3670.515890109733,240.52663393602077
104,715.945034867772,3248.95480815473,244.69745728464463
104,1137.4694696876275,3973.0609522038385,250.9285854859971
104,1059.465578288812,3790.1085234613047,244.02155809082277
104,381.8377245470865,3680.073298000103,221.80615253999414
104,581.9957804379305,3877.824904637365,220.83228703433056
104,315.58472287440713,3700.3194892945367,225.95914111320238
104,254.19226239046205,3737.3879878623047,204.85656248063046
104,1112.4421620331882,4006.3958277239344,235.33738467545734
104,270.61524889896475,3448.104545735592,220.53467163887976
104,220.1704511777236,3472.48900913501,217.57780980678464
104,470.3604550057204,4065.96415571289,224.79630485415268
104,84.24105608612464,3455.2196018892037,200.1600629079883
104,291.0707082462276,3436.969196278099,201.73961875294427
104,105.9966113179365,3451.0313968878745,204.96040648108684
104,141.08202455202806,3743.398452646218,174.6072580869619
104,1136.027566051144,4036.749230659698,235.78507824463614
104,411.7195562124788,4190.084262135347,200.24571502520567
104,359.5733195987697,3687.3905336385606,208.32254806587272
104,70.00954008055598,3558.5239197406318,232.70842240560037
104,0.0,3073.0492754212964,222.91051630190142
104,311.8644180333014,3679.6561530493664,230.85730030269727
104,0.0,3628.136277439944,217.0777338749364
104,205.18042903550102,3358.6759415533097,195.05201972150186
104,142.92522191926648,2942.868945639819,198.6173059460651
104,486.8674178863628,2855.898691520032,230.84475170088288
104,223.89708605455044,2950.026879696905,219.65579058854817
104,2452.9073304830695,3391.666750794111,237.5931258582576
104,2561.623489481695,3273.88282212585,226.70249105790347
104,2666.4859024590983,3737.427214382952,284.6839381880686
104,2126.0937315537076,3942.2637531330547,246.95920905355777
104,2691.1566114979346,3976.5529779825356,248.5079445432352
104,2340.0689100935087,3957.74795036681,250.65845263037116
104,2094.200496349998,4121.317418232403,242.78198594965866
104,2425.930367585858,3740.0309568211887,208.4601376537041
104,1938.5066455210092,3656.2669835529987,246.23262132698576
104,2359.3880278758265,4118.177932615204,253.40130250699625
104,2274.3616064961366,3707.4751047368673,238.09476565805576
104,2226.22803708333,4285.250984411657,241.23416106697513
104,1499.4715825644228,4427.9760018598,274.37003683348894
104,1830.2901036046312,3975.1373255492645,257.26511402172866
104,1988.0146085468843,4166.843071963119,243.52551638914773
104,2092.342471661627,4054.664750753891,234.21700381309645
104,1892.67362743311,4229.841926770494,236.38366024415532
104,2226.9842643863453,3852.8111907557886,261.5757377317444
104,1864.4502273589371,4342.863636456589,277.15779911609536
104,2158.1249601499608,3906.56819408335,211.99118820808465
104,1844.5010291238893,3770.932484665954,249.30600786610805
104,2601.886577165808,3982.768215767521,263.73251657033086
104,2016.0174124445978,3928.6345941145964,234.42755375491262
104,1889.7667465026145,3437.0645689270796,237.0059390391336
104,2110.583116230859,3595.768845117842,256.38168942846744
104,2204.199558060372,3580.651403059788,243.9978081757035
104,1980.7133736062417,3878.974970514656,244.19215086334523
104,1931.783380089077,3855.7312353734405,266.3773587754507
104,1796.744587668878,3244.036546431983,272.65899077240465
104,1583.989523641045,3396.0433288028908,234.19493969915075
104,1774.068137474949,4002.5963108583283,209.14433404517027
104,1705.4210866833878,4071.9901284350026,199.78192291029532
104,1876.9384158173195,3611.230466096512,232.46833894449335
104,1787.9527336422245,3607.85625924324,241.14429999899667
104,1645.5212273460659,3089.19163698388,227.73526068179055
104,1581.2154770556763,3342.3090774350776,260.8172477570298
104,1745.5788187904332,2867.8452773055787,250.8323710917821
104,1829.9405886910797,2796.6324891437525,248.31668915570165
104,1769.5975966238466,2824.835817696644,239.53832267823654
104,1696.900135287034,3001.0432779303246,190.33301498139772
104,1439.7240136307928,3146.9176475735712,220.6774393952043
104,1734.1138425944068,2777.256038975017,254.53129435620994
104,1344.2445952540804,3388.3550482992423,262.4487135114116
104,1334.5431406439145,2330.8732431526523,233.86124993599677
104,1104.7785303248568,3311.328680485871,262.1137454670268
104,1178.4733076577702,3211.407553533535,225.34058106100784
104,1328.2877783104293,2579.424182409365,268.30580249830143
104,1299.469870574458,3039.6827513915287,219.0357738762996
104,1331.9812696589563,2680.01693271792,209.50652532085914
104,1193.5793263197072,2747.926125725705,246.266461617202
104,1112.3050276246154,3036.858139874864,227.96072637623988
104,967.9766788389269,2617.9207110049992,203.8952871718832
104,1074.3046534912837,3381.4688963966955,218.66712653384647
104,924.7094488519668,2782.8155479056786,243.15618285417182
104,1066.941963608764,2847.968008363843,239.54943649639196
104,1035.6339919232653,2929.559267533292,242.1080418984832
104,807.4817708191489,2488.102754124996,220.29900271836775
104,936.5801462284077,2324.479427884169,258.5028061384912
104,1289.2124360805317,1942.6221106837568,243.7819241038783
104,1108.6132587270408,1345.7472616135235,237.70496139926504
104,1005.329723703694,1361.2410834422433,222.6114183183757
104,1271.1743371364971,1581.6416924229086,211.33075562558062
104,1094.490119661378,1579.7517502285368,208.1183173817677
104,860.4379870438505,1884.1601988949963,262.0613073740136
104,807.7542527381448,1928.3836500746122,230.19923321251272
104,673.0788057927093,1742.3413731312523,213.79648185610844
104,793.5682815779345,1372.7789699535977,251.34743125008046
104,883.4060716677844,1513.3457801996599,227.05809916588166
104,621.4265388484757,1841.0613627658556,247.34087289131347
104,669.7801158160217,1588.6288819085953,218.4424080730375
104,676.5018673166395,1811.701847690328,234.05440691736302
104,1003.9432046495712,1978.2140093343125,258.34709493384753
104,790.6629777221032,1721.3022786646984,245.35284679109478
104,736.2767797827469,1744.7863676046345,233.64347819696437
104,848.2334722899647,1952.9547812998574,241.00936313827233
104,726.4552508096011,1718.290438209288,224.03900975141792
104,780.136018865668,1403.8838540778447,198.3445828751944
104,967.6026078702749,1688.3022163450617,218.33221472048436
104,692.1981747199925,1266.5119122465555,232.60793128567187
104,806.9655501048952,1675.4189094404285,212.47821594538962
104,689.2454887968231,1701.5150121891813,236.62364254276767
104,219.93739270585863,1444.9929978741716,247.53596429973143
104,281.34577636376673,1586.4051966891036,255.97980917309783
104,611.8271166974478,1704.537229874869,252.6814756787575
104,408.6293468239388,1798.721160537276,235.68583711459345
104,339.3069750472032,2025.2479959800114,220.36842129129153
104,275.195572968129,1404.9912056846663,209.15640107274007
104,176.40401383862732,1374.6645254718007,198.0134316917807
104,265.3250992986808,1214.0306439441108,229.2008678758805
104,438.1308138663301,1482.4134088108015,206.20308774660018
104,510.93329160704957,1458.9518052764072,228.82537936849812
104,605.4766798762339,1877.6220831650373,228.73840917798842
104,317.43113811914134,1218.6202312606176,233.7528530793849
104,416.9749023967822,1582.3700611359202,232.69234325671064
104,395.682348468073,1573.3725151575293,243.12739578323013
104,397.23280870422684,1988.985621790331,213.19507838724027
104,271.8934627209701,1554.3612923321632,243.75370586093177
104,748.7674513869674,870.7871296828127,256.77739294381377
104,164.42156675470957,874.9341561441313,226.74300012747298
104,92.45034986208256,1272.633178959493,270.738162101831
104,1136.4034497605637,1708.6083255560013,225.60391550909705
104,179.35597237766754,1093.2213466125497,223.9015256951018
104,230.81101416956741,923.6759560670416,215.3485505254882
104,127.63265054008653,807.6180263476838,210.81165216230184
104,82.62635055074085,1003.2824021574781,250.02603268905878
104,81.49171460569923,1068.2321172696236,257.56487631393145
104,92.8350948839504,963.3958905464856,205.3178654712652
104,211.8533361760885,1230.2371671301764,264.3285302324906
104,105.74017330462831,1392.7523402087304,209.88518364502121
104,32.280981436222504,767.2445664151263,233.9836193911312
104,0.0,789.4320231665542,237.886938784279
104,1144.9620706583717,1195.6272524807505,249.704793579405
104,0.0,1262.7897435406128,210.31427138265727
104,119.88259682214445,1215.950742768837,242.80240972587436
104,0.0,1214.8251490898026,234.21144421361404
104,134.78839106667718,1183.3658127253937,229.58842099684458
104,223.746368767821,1305.7052941460518,275.2397102207434
104,1098.2180683444099,1792.2561625548187,250.9285854859971
104,969.0836863157652,1826.8621511199965,247.17128357492166
104,1907.2898169454486,2000.1769736204162,227.13208061003164
104,1547.8348395637713,2024.770113242674,235.24001228516667
104,1863.4680440793134,2029.0028412863596,232.87506525276055
104,1903.0654930340063,1931.8424111416864,225.82023652767842
104,1145.1863113030092,2073.4483479640694,235.60232646712504
104,1644.3119263262815,2058.104602556701,207.34123349047903
104,1486.791362108482,1737.6453458769981,212.66802158998829
104,1690.0306486700053,2392.071235100825,213.0932094940063
104,1765.1796413088402,1731.680381345041,208.3263907922798
104,1752.3030012270376,1854.8821505025655,212.12307655642397
104,2202.6444022423643,1615.1360590421878,211.87058643749586
104,1642.4679043727745,2037.8288188077652,201.42076353407398
104,1312.534401233256,2190.617013268382,231.59803682508473
104,1285.9167801011472,2702.8540619902487,232.69668957978868
104,1615.3393611501667,2563.7408249171513,224.34100247479333
104,1590.6529999090287,2443.3638886341605,247.1348492309215
104,1923.4220715043114,2419.59457649427,219.57868710670257
104,1296.37806446831,2207.3268142971974,208.78281326214048
104,1816.4781478900425,1934.3187273795286,221.3343914642626
104,1254.5027986543612,1895.8125854948114,220.69897025022712
104,1234.993817553013,1794.9187512809904,209.96373355280312
104,1667.4070484818023,1516.1790794473318,223.56417849850274
104,1590.4143274208743,1615.8809596803496,253.25435164150477
104,1606.6734223775272,1730.2709076191188,222.47215502613372
104,1646.2498142493337,994.1606722244285,238.0652261887311
104,1867.2066044349692,1386.3529507137848,256.01741252215174
104,1668.4968839704013,1685.7736558324953,240.39290858740324
104,1478.6470953688938,1440.7224533020637,247.85589516191877
104,1592.6197113507058,1455.7570021547992,264.4929825224958
104,1394.1465883117992,1651.5507905210982,232.01231127643408
104,1300.737760335159,955.3731443523652,221.3044463912847
104,1029.409140841189,1403.90901720831,229.90993429531906
104,1253.7817474706578,1460.168706507471,257.60173399098665
104,1240.923845699919,1564.1557214029556,262.73132117234
104,1060.135233989645,1623.9073644519517,241.7986083114471
104,1320.2886561408295,1947.742978340984,277.8004078829881
104,768.1928186748452,1804.7127516479761,257.1783670416762
104,768.5346931253556,1981.1362311543264,255.17092749378824
104,789.7167298229525,1729.5217524557386,230.99965900425948
104,760.1757416046751,1959.380860484063,225.70849872338871
104,686.2162253316532,1896.2664714651348,257.9546000587667
104,868.2930013364952,1817.0312249083565,271.21369910802343
104,1132.2115789993939,1533.5328912709654,209.23288814867223
104,1022.8663449093755,1355.631431398221,244.09620766430757
104,1141.9081807563787,823.4449048361482,257.6853688962599
104,858.2955778010877,1172.5395950933798,233.72026345258698
104,1118.36209654304,1100.3437642803917,243.5287154300851
104,923.8257730517602,950.0228535401816,247.26409753006195
104,845.3900469150257,1406.822124819744,217.25130020402176
104,772.8564769203293,1295.0275392819146,236.87564038692724
104,664.9020105686288,1650.526855546593,251.83804562392257
104,890.3801010851529,1150.7580678642566,280.7980400422455
104,829.5976283885135,1611.8568965346215,224.2049894656026
104,581.1756107722915,1333.1453461414937,222.0769964179481
104,639.28702724477,1330.8423572352447,202.38482189995634
104,671.9641886021677,1012.7690712215926,213.11852164986865
104,755.4999733739943,1176.4316814546107,199.33564734457755
104,574.6032695511327,973.6040533676917,220.00618589773407
104,405.8139074984633,960.3387896505876,242.89825630578136
104,540.8819623237998,1200.518591483916,218.30101379550368
104,876.283899681165,1265.5800592366925,216.88484779072425
104,562.5237265927011,789.6943972139286,241.05111464432898
104,405.9800137331938,1062.355200440471,175.53588946907905
104,315.03206066625,1076.571571157406,230.6117028679739
104,385.57583483677183,1445.2689290399258,244.28610968663807
104,183.97001191774862,1357.004703490091,228.88402509164203
104,971.3064226324644,1522.968520374084,234.57939419661406
104,855.3590121715691,2102.5524394236427,271.971267195565
104,742.7019217139347,2079.7463719218003,226.7609418172316
104,1032.5683402855302,1872.2342987542063,264.5461981581117
104,803.8268229391182,2369.599027815403,230.77277640307463
104,1027.2374427588131,2385.5112074637154,234.92394457589856
104,839.6607270260494,2329.777146232489,250.80064060932708
104,980.571211402383,2841.532632720913,252.95792952658977
104,848.2554096687876,2822.6505283467113,209.86341117362647
104,903.5653250083236,2880.4808278885175,238.04083793169863
104,721.6398202587214,2835.799184085001,243.29324798072597
104,857.4394121655963,2857.159064853655,239.73178646706575
104,812.9630566278039,2643.5004073138907,235.60378442954053
104,781.3371898332513,2722.277085130836,233.54002207671985
104,765.7736560532571,2500.3658007562217,224.16225408056115
104,1025.380985053154,2820.5865183388223,250.71040960064497
104,863.0344900575436,2377.8772438634087,236.78479761106317
104,975.0809267280991,2536.106129980134,222.35643641531473
104,929.8075640077383,2316.873360123789,218.25924112234728
104,797.662907719939,2279.816609405185,206.32397345434939
104,809.2515537265402,2015.7973048492424,228.55482430336465
104,558.5406031304917,1997.663022666576,230.23862530294346
104,501.2736135783814,2285.315515643546,208.53420665409826
104,579.4543186558539,2030.743859807267,251.0141749527714
104,623.8282085619829,1914.0559158489552,243.88899194378493
104,409.9272343972516,1700.2804012168574,248.7355951353783
104,450.63145973575126,1736.4472563817258,235.82981160571248
104,361.88673362930535,2259.715689563942,256.7239628953864
104,680.6020965145697,2163.3643857398856,252.02858411658033
104,670.3867628877357,2140.3311423454916,250.28716720716258
104,463.61224887272397,2341.282301649144,236.17277422750507
104,511.8864943930214,2461.797942316458,239.2912694432562
104,326.9161739828561,2219.3510191559517,228.2981511646765
104,430.0001492978512,2198.4735631632893,195.58314133803114
104,706.7252033164239,2154.676191401082,216.93468423930184
104,389.5511279170986,2246.252542607109,232.1139254074915
104,616.8845947227423,2357.433873842374,239.87689789891934
104,560.308821034325,1963.553840676336,235.0184594896738
104,216.09841479930995,1825.284551089729,250.30025267100066
104,134.64827127937846,2112.7122880370825,247.07746721865286
104,555.7351919996624,1898.755178845335,236.77601302176086
104,529.7591532177674,2152.423377283222,247.0756298935294
104,327.73704460150304,2383.5798700753885,248.19865222815005
104,283.62618099973895,1977.5254430021716,215.89896153602794
104,216.8154298471206,1978.761981070177,203.92069563097155
104,160.89747322192792,1350.2079381742335,251.958806766903
104,449.2250971154739,1777.5019713811441,222.72461623680866
104,389.4757412414592,1641.09705405506,230.7358020797278
104,349.26679125541193,1838.4020581461357,208.03199731700963
104,181.97169587825599,1391.1615128972924,238.92450957727547
104,2508.143560115661,1509.508130883876,223.16581958427113
104,1400.447533266763,1795.5125350115384,229.4899825729959
104,1233.185227374274,2003.788812570064,223.87452689764044
104,1638.6848204516816,2337.4034975145096,252.4215241787596
104,2257.8977387367836,1452.0558939055056,256.06571187718623
104,1842.2001155219452,2384.2427270939916,245.56538081212264
104,1741.98040239092,2447.224455733918,239.2210935322145
104,1332.85076840907,2710.2711871485144,237.06345461647246
104,1699.1410808219132,2648.6994931816553,226.4806105679896
104,1654.407976725997,2724.9220564159623,223.37428870257523
104,1701.1378177873776,2524.016487498783,205.96581214561135
104,1614.1635593146182,2659.3830546882764,246.54697142408102
104,1776.5859194235134,2603.8760224368134,218.33833184692114
104,1742.5848193467598,2407.4670426504917,227.9810312918514
104,1377.0956364764593,2783.841219701443,244.03589342533738
104,1507.7954753094098,2702.2010700024375,221.5590591717158
104,1793.612644779446,2321.269005172194,216.60231420048896
104,1951.4247994044256,2824.205148808691,246.83885748389994
104,1177.293175981972,2424.3841222343017,268.89638245791116
104,1364.814860016277,2907.893091007548,231.2907631464948
104,1505.420547012727,2662.994312430418,251.99532344876067
104,1471.4541204072639,2840.4270144715774,233.88601410164804
104,1325.043245996382,2816.1300975174045,251.1949268290176
104,1221.8960634989025,2546.157932209484,252.01801454695433
104,1117.553693179836,2592.8888143254208,262.90887848246757
104,1088.267871448659,2559.5171779262155,244.89572173147334
104,1102.1095906689281,2579.276322199753,224.58722364233122
104,1332.004331668712,2951.9607296713875,214.68478326869533
104,1277.7403477689152,2988.0561900161692,225.99853320363312
104,1184.4709152829644,2834.0886345831414,228.68887446600857
104,1133.6817140115909,2621.575559897312,231.71085168532161
104,1132.3952135435004,2422.314909100711,227.5087504636097
104,1112.073362603707,2745.3903968459,204.8709626053949
104,1216.5120479335424,3119.107403900168,235.47153048269595
104,1195.503933508515,2278.2939359570446,210.4013878668093
104,1005.4185722873002,2112.388149601373,199.8249473033624
104,1023.444593403775,2152.172609817716,211.87058643749586
104,1057.1998043812728,2650.671012948351,204.02280720154008
104,1174.3175006310214,2482.740246272643,235.02840787458385
104,897.2962520980133,2890.2901048509357,226.15842160168276
104,1070.7258789160833,2708.019185302277,224.37739154012442
104,1003.5441602129964,2668.2846538988006,230.84681445375654
104,985.5624557384698,2402.2747334938013,226.22056085145667
104,976.245752308589,2597.6599935763634,201.91270729715043
104,867.2760340995725,2232.08863136952,217.7875879369848
104,846.4832112155167,2235.9813030604773,192.4246860383191
104,822.7106901812978,2070.857939390913,207.93207110607088
104,1035.6059337275467,1685.1970228388034,223.66185153462615
104,1068.05324921142,1648.3271750900788,220.49967918192218
104,1089.5932375844907,1602.2639810973567,223.1602582592342
104,864.4042827641716,1613.498402747445,243.11658741951217
104,947.0564328110287,1763.0251650202608,220.0126649763619
104,1122.8255619506851,2254.9839268424503,226.20060414916534
104,1073.0364919855517,2115.8169057039768,236.91319489891472
104,1044.4600093857896,2127.7358157818453,253.716091595287
104,973.7525295716106,1972.701773809253,228.97090698382968
104,1093.6205480647025,1633.5555627465644,225.323536030756
104,1034.1892312034706,1718.1148532332772,204.68682753518814
104,871.24762571762,1995.4474309644777,256.2228718755608
104,619.8734376245361,2238.0283926714274,237.65853394302874
104,807.252388573981,2591.1496833122783,242.08391040634334
104,1237.205199747744,2490.6372853418343,277.8004078829881
104,455.9472791058023,2328.997072295757,237.94558696611458
104,571.9687256420442,2593.0234621509244,247.34134125269813
104,458.81267466186307,2282.459853603422,248.94862854051885
104,572.8318865761671,2629.9141596907557,263.9006707707679
104,435.9686949272118,2408.531589729766,242.8240163354216
104,590.258647701268,1942.306143543172,222.50868283021825
104,523.3320176983783,1705.0504078231384,198.45885692123213
104,684.5324687163011,1831.4666800091243,241.87865122619596
104,293.8260669683681,1480.1207033934863,248.75568410037832
104,440.20624052159917,1757.982448687845,222.3606469321879
104,757.2565898985603,1602.5517488084563,241.96149202473552
104,353.15811635490877,1275.4064233586716,253.0354665249442
104,183.50675463513718,1832.1564012505644,231.64640251412945
104,200.9730696347667,1666.4298168409907,239.100776723986
104,157.34602364109,1960.6616602206043,247.3262972964326
104,533.3019563898686,1830.3556790113873,273.9516479121926
104,400.0232697989484,1965.804676409837,237.9462395177753
104,197.5801018035282,1979.6014810427812,212.64726681576425
104,150.71726248135874,2055.389929701195,199.34164262868777
104,29.76790887232025,1483.7334599343023,213.11852164986865
104,325.29567854336995,1457.5407234957486,201.01556986688283
104,44.72102428980267,1252.136987412484,220.00618589773407
104,6.350671003158112,1142.1986289746421,242.89825630578136
104,187.70783868233687,1285.3612932653484,221.10351398985208
104,725.4484537103399,1521.2078914650526,231.94337917427637
104,397.9260229279856,1150.7018155157405,223.78328172634318
104,3.5970766548979043,1539.4827506121974,181.50218434729803
104,0.0,1802.3165118696331,206.13914042864306
104,276.8203235334437,1860.8416078558369,252.83341015274792
104,0.0,1377.309587463464,222.31206425839113
104,167.96551246162798,1402.3812439602368,214.80349055777575
104,0.0,1687.7362652202457,271.55619741856697
104,40.66334169787248,1707.497290604478,211.3808963528941
104,99.50639399201313,1488.103452228018,252.68622254803464
104,50.224331636106825,1382.9070633516337,214.8606889162102
104,295.8335899893963,1530.3459085254824,238.99633814930777
104,43.55768919779686,1062.8344608021018,236.63767619730893
104,0.0,1314.15304727331,239.02731532440905
104,0.0,1561.1317873802618,192.01577573387837
104,1187.77195015335,1861.9309164908234,223.76347251127723
104,1472.029479951101,1680.552322423822,233.19608377158121
104,1333.3079862528227,2139.123987197073,218.58247980693054
104,1919.1996675457247,2187.808106781993,263.48949401457696
104,1305.4858153009488,2082.466342737539,237.84432704162444
104,1379.9205468111884,1887.3163578972374,265.440157885905
104,1558.6786348175744,1682.6594371990343,235.8998397285254
104,1569.6742001566397,1470.3054312609513,233.45867790016896
104,1834.349383773036,2158.3034315526547,213.26078574991752
104,1686.8899328492419,2159.0008912637522,231.26037466263685
104,1676.0142844011755,1803.0504506311943,203.51629509448802
104,1279.7677650233995,2060.69408532964,236.47003082385064
104,1138.6836181304254,2157.5349753205783,228.3508285867333
104,1166.8120489606051,2153.140595511163,236.39458266434295
104,1500.518461364544,2098.040457182192,259.75973515694295
104,1063.0926263572894,1875.2975553146696,244.52116476423637
104,1320.404450315438,1781.6257534574406,255.40474810255043
104,995.040393164419,1647.6716022449534,239.40913676280834
104,1034.454031275221,1998.747701490592,256.7239628953864
104,1307.336162666345,2042.079473799118,239.11035882642753
104,1370.7241816082792,1766.400404979251,244.1002713510966
104,1001.4666156528618,1926.6415514400398,239.21001449187966
104,1328.5657277857842,2181.7642303356715,250.7788432470323
104,1314.272542571048,2121.672491903895,203.1346602752541
104,1164.3239695160908,2026.6332753994368,197.8831413723038
104,1305.2520631002046,2093.9715304027286,218.33221472048436
104,1327.21961295163,2018.900178395544,229.12738638059724
104,1173.974080127412,1895.084876735986,245.51020553519984
104,809.7067076651862,1978.941606796364,234.4563619318594
104,755.3737224377451,1690.7667635241726,257.67280956262914
104,712.1132022135014,2083.7762719642114,266.2088989879559
104,798.6082740871954,2616.285884457573,240.53846453580306
104,871.0926701065872,2413.6363736053327,241.32703802720616
104,688.9777808944127,2372.9989143050607,228.0105032380532
104,710.7178282038121,1819.4980879484885,211.74066935932993
104,862.0983554541302,1627.8934078267293,208.0899094410759
104,585.3939191787014,1185.9650003315821,244.13622259348315
104,811.0192276502515,1918.0338862826077,218.31021082511214
104,611.0231834258097,1604.4901370583068,236.48303107092678
104,733.167263528724,1675.2675455557503,246.7560405003966
104,491.7916038567296,1337.3902533007763,228.58076669192812
104,598.6904409456921,1384.7881702074449,229.70071837401818
104,509.6438061409589,1463.7539601717301,235.391149606626
104,477.8746782844788,1637.9378286843732,213.63906461898435
104,498.6601748786468,1522.8445139716066,241.69885929319898
104,1026.490931601682,793.040746395109,261.0620310310363
104,357.6504099661496,1820.2426161041815,220.01649188667622
104,351.8605165303803,1786.7145052196317,231.08871397453967
104,1308.5550530234584,2254.7105796710803,230.9191046637695
104,404.93314748157275,1902.646681793686,224.26909211922677
104,551.6498493041306,1953.2182977514783,217.3268988935719
104,381.9368933623522,1886.1717696229937,218.05392922487104
104,456.2917944381603,2205.7064992920095,248.11352153833346
104,275.3848227697446,2019.024662591841,224.0219470230567
104,376.74966277511703,1191.4851181884442,214.0486885460057
104,496.0594914502432,1384.9414430624026,261.70996787657646
104,274.88228172553806,1207.1084724561213,209.68445169699223
104,293.00644725733264,978.0493983551337,242.61283313894867
104,172.0385400376857,1178.6076323196996,230.99895458463615
104,1050.5223397185116,1381.3893778620138,255.6119401212857
104,105.03037212195838,1570.1132514955154,203.77707216949224
104,227.31108331044388,1411.8995719123136,234.68546057714562
104,69.828831557563,1404.141710230914,225.7444707826978
104,240.85285532548139,1667.994970719025,227.1131060865026
104,312.02357023076286,1453.7538169646775,247.76000587230286
104,1066.755416554288,1698.9600096934598,250.9285854859971
104,995.275668970873,1804.5055379495418,247.17128357492166
104,0.0,1616.9754458713908,230.6667160455925
104,199.17006911981443,1590.2166625367665,210.60691533044698
104,85.63379879341025,1546.209103225264,224.6985031971644
104,12.33197862771928,1495.730809781371,199.69270193958684
104,1002.1580814818611,2023.8117049233435,235.33207223259868
104,0.0,1327.9916383421232,209.15106080941305
104,52.7808693005139,1670.491725819391,200.63569605945443
104,93.92726088257618,1679.7543548818894,231.6707569634069
104,50.365616540605714,1490.7133546916464,207.98192009546588
104,0.0,1630.4069785122435,201.73961875294427
104,0.0,1405.7964750290819,197.23133169703036
104,0.0,1736.3268364302655,191.4625677291473
104,962.010011096443,1634.3259215030528,234.55848883274282
104,0.0,1477.9564364113442,239.4475367249713
104,40.210589975038914,1462.9006149995732,203.3636792768128
104,0.0,1275.0777975585295,248.08986555119506
104,0.0,1077.2585745998574,219.32776440220076
104,43.19971309559375,1429.7258638087353,234.61434372034537
104,0.0,1458.8471764332692,209.42801213847966
104,0.0,1150.7138720894006,193.89568377821521
104,0.0,1047.3812024597576,205.82374368887113
104,129.69290396425052,1011.8034675911156,233.839156645577
104,0.0,930.5963500543453,225.21537884144405
104,0.0,946.7697646210622,211.87375282104793
104,0.0,750.4533763311877,250.9384446069898
104,0.0,955.9366406862998,259.7294779880799
104,51.505929034799095,979.4260604724016,231.55086742214016
104,1250.2580491917886,1269.3194648398692,252.4098307784408
104,1278.336593751032,1184.3400146162082,269.1233716143212
104,1106.513849251546,1441.5254627342904,221.31318334753442
104,1236.0872651189009,1064.2000984642239,212.23805879356902
104,855.5849262832695,1143.0979961305127,238.49833774360874
104,1190.805946098677,1106.4064977780522,256.445528081195
104,1081.878943419277,1467.259228324239,257.1273829384289
104,1008.5627237691994,1609.8176570581606,253.44419898104317
104,1258.878858793346,2095.3070930243157,276.5738184710947
104,756.8231639173954,1864.3383155530003,262.6973065236341
104,837.9278471704482,1871.8709700277907,249.70859572398908
104,828.9917642511547,1698.5248902856852,239.5779602757324
104,746.4473674508765,1895.8184598396062,262.5362050369348
104,717.8636626151979,1797.1713130029798,263.32704779938774
104,668.1910307517752,1386.886160792906,245.8490554424021
104,841.4131542712033,1246.3590080150382,233.6893298201695
104,771.4942058008648,1306.9886894879608,246.26282859483953
104,1017.8888805560456,745.0907794324739,256.60901053805026
104,755.3555841055085,920.5802079882817,239.21989381884728
104,995.38178758072,867.0369769518686,238.16459994507088
104,722.4418471886441,666.7215898874209,252.76372789632225
104,931.1636800676241,768.9511000118882,224.25130362234816
104,558.8957579049065,1030.9219988930092,232.72570794059746
104,394.8295003228511,1085.9426139569243,259.53481886235454
104,362.16855078664753,1243.4012669399137,271.29462836918526
104,583.599238684012,1336.2701493787358,218.54569439454767
104,346.3332673757121,1011.1426555073224,221.87691162139893
104,327.2266623971716,980.7557844855321,191.14884047079696
104,419.7708574277149,754.1744552377099,219.4954597183917
104,701.9598358872365,1037.2022669039573,243.42437757384695
104,394.0515124680186,983.2595922135818,228.75174610190564
104,319.51275750282116,825.9107558333556,265.1764491578939
104,463.36790520589,1072.6246048617616,239.49821259769467
104,766.7945081331366,1290.8306638848446,244.75526828048876
104,487.8829304768441,713.5437133914355,241.05111464432898
104,298.27383328799704,997.2919846801324,191.07934134368466
104,137.1443768479442,1124.6572295688738,230.6117028679739
104,453.9884920006249,1445.9301825497637,261.1161014687965
104,120.31608775686757,1257.028474606582,231.46483053905368
104,325.5787712334237,1120.5784685146148,224.77071806988548
104,239.60934970094294,1342.6261312264685,276.66068248188867
104,219.43921439668392,1228.650725419787,220.99949277584344
104,70.57990092059921,1083.61768861137,248.32233445772383
104,290.8852606182071,1237.183294057554,234.83944649998867
104,301.473000789725,1061.8602333189149,231.7965228879465
104,126.21849196389385,922.3814225886542,249.54163976468456
104,550.3283427748812,1298.2514136545135,277.2212834266551
104,325.43297953984904,1796.929097687843,228.11514904020302
104,590.4470198904136,1659.1515483185447,237.28635565116886
104,497.33481639432887,1574.9696152559175,230.00880564410048
104,575.5719537346586,1755.3289698474262,215.63662246465967
104,387.7758711073161,1696.2024819847127,238.94355200986743
104,289.6926551568107,1568.2463221390678,243.51364170129912
104,430.9872118953523,1518.5463034977154,268.9156861629971
104,675.1283237852601,1646.537660594802,250.71040960064497
104,631.0670120975159,1321.8729202377797,242.8042457903596
104,292.3080378292814,1297.4748501095467,215.40013099854738
104,642.95291216503,1405.4185236322226,217.600025376135
104,301.209379447526,1062.1844947774946,206.32397345434939
104,389.8531119156577,1197.5688521991067,229.69278119588418
104,386.0047686096476,1132.4709055210353,248.61043677589302
104,276.1531614549418,1508.576399277501,231.3003504106986
104,330.5026813944686,1171.8774253528495,259.17001542350033
104,431.5851726413774,1229.9873893839792,243.88899194378493
104,258.066382724053,1096.659153400455,248.75349941726128
104,259.5827588078274,1149.9638821163921,235.84771588759546
104,216.93438661368057,1400.7167646909336,242.08382738899283
104,328.44534556015424,1458.7638734200739,243.04774368124177
104,353.036508921654,1231.882719665465,255.94646227821752
104,286.9248144637253,997.368417156719,236.17277422750507
104,366.7003836262513,1154.5745154153053,234.80374229203628
104,275.8918102970938,1050.0841690075588,225.19940163586986
104,243.83533499381494,1171.3642992550344,217.2901706733367
104,346.67933239435195,967.3583439790525,224.41186445020784
104,55.288440341464224,887.7457934352444,234.35431488331974
104,167.44396365848203,970.0427980130899,247.35407810982534
104,258.358113922807,802.9897767146958,264.3833716742238
104,0.0,658.4501847065583,254.81652738124276
104,0.0,646.8576189280261,258.9012847224601
104,166.27696843387176,533.3346244250497,244.14063038385208
104,65.08571245760353,887.6351355475522,234.37743114741144
104,16.46669109003787,508.3333462831447,235.96461302531034
104,113.91628617183844,538.858126269359,209.07409029957145
104,0.0,910.3346021291868,196.300072501058
104,495.64101649355246,406.93947236145436,234.10341747800985
104,721.676344576819,503.18509328711343,225.80116202182663
104,491.85285693815945,453.40480634871005,247.80115842170605
104,447.2762838093241,748.172611003663,244.17027834257252
104,620.4513437110614,624.4560999356688,225.9844830028422
104,790.4545197552228,524.4993254120861,221.51332036669388
104,504.47897677780895,374.88182264646787,250.5667175729615
104,557.4163098918326,345.30584111963174,206.7495841490202
104,637.2592579253882,344.89939276161056,237.86679184184013
104,660.7944143465303,495.4714059802668,256.02127389587224
104,663.9000295508141,344.37229235573693,171.62898709762925
104,637.2696878996767,291.21045769091825,162.8850236423104
104,794.3456120171346,479.9438833987863,157.446312299518
104,659.7698404039369,296.8269942533095,155.90449510020113
104,636.4835280633821,359.73081435602785,145.97639084219873
104,465.2981842584587,342.5327752475424,157.6882864661791
104,533.9565779685042,425.87736814282107,145.61525217859182
104,457.3074721204715,433.6748827460706,115.71145907752259
104,421.72475603813393,450.3690012896973,102.83484536407016
104,448.71188040518643,400.9221022795025,122.44834997075677
